   -2.414163E+00   -2.957461E-08   -6.431551E-09
   -2.412683E+00   -1.650702E-07   -2.271204E-08
   -2.411203E+00   -3.178285E-07   -2.509886E-08
   -2.409722E+00   -4.354360E-07    2.417374E-08
   -2.408242E+00   -5.257437E-07    1.011608E-07
   -2.406762E+00   -5.444560E-07    2.233102E-07
   -2.405282E+00   -5.242654E-07    3.553290E-07
   -2.403802E+00   -4.299063E-07    4.760140E-07
   -2.402322E+00   -3.068639E-07    5.762749E-07
   -2.400841E+00   -1.718307E-07    6.205313E-07
   -2.399361E+00   -4.583687E-08    6.305816E-07
   -2.397881E+00    5.159590E-08    5.750694E-07
   -2.396401E+00    1.317466E-07    4.986092E-07
   -2.394921E+00    1.794938E-07    4.062234E-07
   -2.393441E+00    2.110722E-07    3.148483E-07
   -2.391960E+00    2.143958E-07    2.300643E-07
   -2.390480E+00    2.052144E-07    1.567270E-07
   -2.389000E+00    1.776034E-07    1.108279E-07
   -2.387520E+00    1.453998E-07    6.960757E-08
   -2.386040E+00    1.150242E-07    2.567341E-08
   -2.384560E+00    8.884900E-08   -2.493789E-08
   -2.383079E+00    7.651202E-08   -9.015783E-08
   -2.381599E+00    7.203780E-08   -1.631264E-07
   -2.380119E+00    8.072861E-08   -2.461559E-07
   -2.378639E+00    9.725106E-08   -3.245643E-07
   -2.377159E+00    1.239927E-07   -3.855085E-07
   -2.375678E+00    1.542810E-07   -4.339475E-07
   -2.374198E+00    1.877292E-07   -4.550932E-07
   -2.372718E+00    2.171268E-07   -4.662414E-07
   -2.371238E+00    2.299493E-07   -4.696475E-07
   -2.369758E+00    2.355944E-07   -4.727248E-07
   -2.368278E+00    2.292721E-07   -4.761378E-07
   -2.366797E+00    2.140155E-07   -4.798883E-07
   -2.365317E+00    1.893215E-07   -4.717699E-07
   -2.363837E+00    1.657129E-07   -4.541088E-07
   -2.362357E+00    1.460733E-07   -4.388575E-07
   -2.360877E+00    1.279031E-07   -4.327492E-07
   -2.359397E+00    1.134955E-07   -4.514758E-07
   -2.357916E+00    1.009708E-07   -4.824687E-07
   -2.356436E+00    9.035052E-08   -5.319223E-07
   -2.354956E+00    7.894240E-08   -5.872103E-07
   -2.353476E+00    6.576026E-08   -6.404730E-07
   -2.351996E+00    5.367404E-08   -6.863036E-07
   -2.350516E+00    3.689434E-08   -7.032080E-07
   -2.349035E+00    1.333082E-08   -7.041249E-07
   -2.347555E+00   -2.312546E-08   -6.719420E-07
   -2.346075E+00   -6.904059E-08   -6.292443E-07
   -2.344595E+00   -1.261695E-07   -5.710491E-07
   -2.343115E+00   -1.829157E-07   -5.089484E-07
   -2.341634E+00   -2.390396E-07   -4.534019E-07
   -2.340154E+00   -2.906121E-07   -4.007537E-07
   -2.338674E+00   -3.313822E-07   -3.585728E-07
   -2.337194E+00   -3.668353E-07   -3.199562E-07
   -2.335714E+00   -3.943213E-07   -2.886875E-07
   -2.334234E+00   -4.170551E-07   -2.608256E-07
   -2.332753E+00   -4.202933E-07   -2.240459E-07
   -2.331273E+00   -4.126725E-07   -1.777961E-07
   -2.329793E+00   -3.776989E-07   -1.150540E-07
   -2.328313E+00   -3.275218E-07   -4.687610E-08
   -2.326833E+00   -2.537789E-07    2.997531E-08
   -2.325353E+00   -1.716805E-07    1.092494E-07
   -2.323872E+00   -8.158220E-08    1.964881E-07
   -2.322392E+00    6.851040E-09    2.879114E-07
   -2.320912E+00    8.512990E-08    3.837582E-07
   -2.319432E+00    1.530536E-07    4.804589E-07
   -2.317952E+00    1.927972E-07    5.817070E-07
   -2.316472E+00    2.205058E-07    6.831813E-07
   -2.314991E+00    2.276242E-07    7.753288E-07
   -2.313511E+00    2.312143E-07    8.631075E-07
   -2.312031E+00    2.363426E-07    9.394081E-07
   -2.310551E+00    2.438676E-07    1.007380E-06
   -2.309071E+00    2.580851E-07    1.059727E-06
   -2.307591E+00    2.742372E-07    1.102141E-06
   -2.306110E+00    2.867135E-07    1.117327E-06
   -2.304630E+00    2.953468E-07    1.119170E-06
   -2.303150E+00    2.939184E-07    1.091739E-06
   -2.301670E+00    2.854058E-07    1.050923E-06
   -2.300190E+00    2.620197E-07    9.978525E-07
   -2.298709E+00    2.322712E-07    9.432090E-07
   -2.297229E+00    1.844870E-07    8.965288E-07
   -2.295749E+00    1.296452E-07    8.570086E-07
   -2.294269E+00    7.524738E-08    8.289130E-07
   -2.292789E+00    1.955957E-08    8.056458E-07
   -2.291309E+00   -2.220081E-08    7.887211E-07
   -2.289828E+00   -5.216416E-08    7.677574E-07
   -2.288348E+00   -5.403633E-08    7.237612E-07
   -2.286868E+00   -3.881629E-08    6.665440E-07
   -2.285388E+00    6.136271E-09    5.749342E-07
   -2.283908E+00    6.591681E-08    4.646353E-07
   -2.282428E+00    1.431487E-07    3.296652E-07
   -2.280947E+00    2.203314E-07    1.933382E-07
   -2.279467E+00    2.846812E-07    7.372838E-08
   -2.277987E+00    3.365422E-07   -3.489141E-08
   -2.276507E+00    3.588300E-07   -1.186251E-07
   -2.275027E+00    3.669087E-07   -1.870050E-07
   -2.273547E+00    3.458358E-07   -2.299390E-07
   -2.272066E+00    3.146110E-07   -2.616998E-07
   -2.270586E+00    2.731323E-07   -2.769868E-07
   -2.269106E+00    2.315084E-07   -2.850748E-07
   -2.267626E+00    2.010448E-07   -2.783765E-07
   -2.266146E+00    1.771585E-07   -2.636856E-07
   -2.264665E+00    1.700261E-07   -2.312416E-07
   -2.263185E+00    1.719233E-07   -1.891686E-07
   -2.261705E+00    1.806249E-07   -1.280819E-07
   -2.260225E+00    1.875392E-07   -6.190984E-08
   -2.258745E+00    1.845425E-07    5.094787E-09
   -2.257265E+00    1.758696E-07    6.885802E-08
   -2.255784E+00    1.628667E-07    1.259060E-07
   -2.254304E+00    1.490413E-07    1.795506E-07
   -2.252824E+00    1.379509E-07    2.216259E-07
   -2.251344E+00    1.319097E-07    2.593225E-07
   -2.249864E+00    1.345153E-07    2.960702E-07
   -2.248384E+00    1.377438E-07    3.315754E-07
   -2.246903E+00    1.319735E-07    3.604221E-07
   -2.245423E+00    1.185808E-07    3.815912E-07
   -2.243943E+00    8.664011E-08    3.862516E-07
   -2.242463E+00    4.620477E-08    3.828266E-07
   -2.240983E+00   -2.117254E-09    3.674881E-07
   -2.239503E+00   -4.963798E-08    3.505354E-07
   -2.238022E+00   -9.376471E-08    3.262746E-07
   -2.236542E+00   -1.358989E-07    2.982661E-07
   -2.235062E+00   -1.792521E-07    2.633804E-07
   -2.233582E+00   -2.254454E-07    2.208163E-07
   -2.232102E+00   -2.748990E-07    1.577825E-07
   -2.230621E+00   -3.268332E-07    8.861776E-08
   -2.229141E+00   -3.760034E-07    1.372187E-08
   -2.227661E+00   -4.188468E-07   -6.098254E-08
   -2.226181E+00   -4.419926E-07   -1.254727E-07
   -2.224701E+00   -4.495709E-07   -1.822740E-07
   -2.223221E+00   -4.200996E-07   -2.166171E-07
   -2.221740E+00   -3.738312E-07   -2.416076E-07
   -2.220260E+00   -3.064544E-07   -2.588386E-07
   -2.218780E+00   -2.343837E-07   -2.721101E-07
   -2.217300E+00   -1.641077E-07   -2.827675E-07
   -2.215820E+00   -1.004691E-07   -2.984543E-07
   -2.214340E+00   -5.806201E-08   -3.254887E-07
   -2.212859E+00   -2.815306E-08   -3.608458E-07
   -2.211379E+00   -3.258234E-08   -4.138274E-07
   -2.209899E+00   -5.016649E-08   -4.732322E-07
   -2.208419E+00   -8.322163E-08   -5.412467E-07
   -2.206939E+00   -1.234025E-07   -6.081185E-07
   -2.205459E+00   -1.658135E-07   -6.625631E-07
   -2.203978E+00   -2.097420E-07   -7.088197E-07
   -2.202498E+00   -2.589859E-07   -7.397393E-07
   -2.201018E+00   -3.095334E-07   -7.606639E-07
   -2.199538E+00   -3.632883E-07   -7.622859E-07
   -2.198058E+00   -4.184432E-07   -7.572826E-07
   -2.196577E+00   -4.688720E-07   -7.336193E-07
   -2.195097E+00   -5.164584E-07   -6.992798E-07
   -2.193617E+00   -5.640146E-07   -6.473698E-07
   -2.192137E+00   -6.073225E-07   -5.884395E-07
   -2.190657E+00   -6.382881E-07   -5.169872E-07
   -2.189177E+00   -6.639126E-07   -4.414284E-07
   -2.187696E+00   -6.743165E-07   -3.658117E-07
   -2.186216E+00   -6.762085E-07   -2.896948E-07
   -2.184736E+00   -6.600421E-07   -2.119892E-07
   -2.183256E+00   -6.361600E-07   -1.358848E-07
   -2.181776E+00   -6.019440E-07   -6.644440E-08
   -2.180296E+00   -5.637551E-07    1.200794E-09
   -2.178815E+00   -5.208487E-07    6.723518E-08
   -2.177335E+00   -4.775190E-07    1.310405E-07
   -2.175855E+00   -4.382500E-07    1.883590E-07
   -2.174375E+00   -4.025467E-07    2.429056E-07
   -2.172895E+00   -3.802646E-07    2.860354E-07
   -2.171415E+00   -3.671308E-07    3.227417E-07
   -2.169934E+00   -3.698398E-07    3.434153E-07
   -2.168454E+00   -3.813744E-07    3.506079E-07
   -2.166974E+00   -4.109156E-07    3.355600E-07
   -2.165494E+00   -4.505465E-07    3.108789E-07
   -2.164014E+00   -5.047006E-07    2.679508E-07
   -2.162534E+00   -5.634726E-07    2.216869E-07
   -2.161053E+00   -6.296278E-07    1.777022E-07
   -2.159573E+00   -6.951803E-07    1.370498E-07
   -2.158093E+00   -7.544514E-07    1.063052E-07
   -2.156613E+00   -8.070934E-07    8.031656E-08
   -2.155133E+00   -8.444781E-07    5.393331E-08
   -2.153652E+00   -8.763288E-07    2.328036E-08
   -2.152172E+00   -9.002727E-07   -1.678196E-08
   -2.150692E+00   -9.204805E-07   -6.271034E-08
   -2.149212E+00   -9.381517E-07   -1.183263E-07
   -2.147732E+00   -9.575904E-07   -1.763974E-07
   -2.146252E+00   -9.793191E-07   -2.329286E-07
   -2.144771E+00   -1.001546E-06   -2.843352E-07
   -2.143291E+00   -1.022435E-06   -3.173349E-07
   -2.141811E+00   -1.040482E-06   -3.386526E-07
   -2.140331E+00   -1.050736E-06   -3.368181E-07
   -2.138851E+00   -1.057225E-06   -3.217734E-07
   -2.137371E+00   -1.057839E-06   -2.880342E-07
   -2.135890E+00   -1.057006E-06   -2.482475E-07
   -2.134410E+00   -1.054919E-06   -2.010365E-07
   -2.132930E+00   -1.052366E-06   -1.551107E-07
   -2.131450E+00   -1.046909E-06   -1.154268E-07
   -2.129970E+00   -1.041076E-06   -8.013301E-08
   -2.128490E+00   -1.036451E-06   -5.686054E-08
   -2.127009E+00   -1.032237E-06   -3.977278E-08
   -2.125529E+00   -1.031670E-06   -2.967734E-08
   -2.124049E+00   -1.031944E-06   -2.253742E-08
   -2.122569E+00   -1.030246E-06   -2.270333E-08
   -2.121089E+00   -1.027910E-06   -2.950127E-08
   -2.119608E+00   -1.022947E-06   -5.424544E-08
   -2.118128E+00   -1.016216E-06   -8.888503E-08
   -2.116648E+00   -1.006185E-06   -1.408959E-07
   -2.115168E+00   -9.934111E-07   -2.000848E-07
   -2.113688E+00   -9.776549E-07   -2.657044E-07
   -2.112208E+00   -9.622277E-07   -3.280214E-07
   -2.110727E+00   -9.478520E-07   -3.757227E-07
   -2.109247E+00   -9.333330E-07   -4.122985E-07
   -2.107767E+00   -9.223046E-07   -4.241811E-07
   -2.106287E+00   -9.149701E-07   -4.243932E-07
   -2.104807E+00   -9.103948E-07   -4.005227E-07
   -2.103327E+00   -9.060619E-07   -3.626732E-07
   -2.101846E+00   -9.022609E-07   -3.012748E-07
   -2.100366E+00   -8.979984E-07   -2.317060E-07
   -2.098886E+00   -8.908356E-07   -1.511409E-07
   -2.097406E+00   -8.827895E-07   -6.636951E-08
   -2.095926E+00   -8.752066E-07    2.240367E-08
   -2.094446E+00   -8.678185E-07    1.094532E-07
   -2.092965E+00   -8.629398E-07    1.910435E-07
   -2.091485E+00   -8.629835E-07    2.678339E-07
   -2.090005E+00   -8.759566E-07    3.329719E-07
   -2.088525E+00   -8.936201E-07    3.938315E-07
   -2.087045E+00   -9.181342E-07    4.462251E-07
   -2.085564E+00   -9.471498E-07    4.932944E-07
   -2.084084E+00   -9.869249E-07    5.269305E-07
   -2.082604E+00   -1.032070E-06    5.516193E-07
   -2.081124E+00   -1.084698E-06    5.585978E-07
   -2.079644E+00   -1.139641E-06    5.555647E-07
   -2.078164E+00   -1.200525E-06    5.298935E-07
   -2.076683E+00   -1.263724E-06    4.939630E-07
   -2.075203E+00   -1.326593E-06    4.381268E-07
   -2.073723E+00   -1.387906E-06    3.760560E-07
   -2.072243E+00   -1.443614E-06    3.128826E-07
   -2.070763E+00   -1.494038E-06    2.509443E-07
   -2.069283E+00   -1.529004E-06    1.934346E-07
   -2.067802E+00   -1.554024E-06    1.416122E-07
   -2.066322E+00   -1.558911E-06    1.050267E-07
   -2.064842E+00   -1.555595E-06    7.591398E-08
   -2.063362E+00   -1.542086E-06    6.154111E-08
   -2.061882E+00   -1.524748E-06    5.480998E-08
   -2.060402E+00   -1.506973E-06    6.010276E-08
   -2.058921E+00   -1.492189E-06    7.007018E-08
   -2.057441E+00   -1.482976E-06    8.694233E-08
   -2.055961E+00   -1.476432E-06    1.036008E-07
   -2.054481E+00   -1.473991E-06    1.158269E-07
   -2.053001E+00   -1.473233E-06    1.272116E-07
   -2.051520E+00   -1.470722E-06    1.368842E-07
   -2.050040E+00   -1.466904E-06    1.454174E-07
   -2.048560E+00   -1.463702E-06    1.541459E-07
   -2.047080E+00   -1.460887E-06    1.637683E-07
   -2.045600E+00   -1.460453E-06    1.752155E-07
   -2.044120E+00   -1.462276E-06    1.884627E-07
   -2.042639E+00   -1.471368E-06    2.068032E-07
   -2.041159E+00   -1.482745E-06    2.269911E-07
   -2.039679E+00   -1.499343E-06    2.453409E-07
   -2.038199E+00   -1.520979E-06    2.606442E-07
   -2.036719E+00   -1.548962E-06    2.698584E-07
   -2.035239E+00   -1.580681E-06    2.725476E-07
   -2.033758E+00   -1.622334E-06    2.574834E-07
   -2.032278E+00   -1.667334E-06    2.355192E-07
   -2.030798E+00   -1.716594E-06    2.022954E-07
   -2.029318E+00   -1.767430E-06    1.648243E-07
   -2.027838E+00   -1.820560E-06    1.267879E-07
   -2.026358E+00   -1.873137E-06    9.161811E-08
   -2.024877E+00   -1.925078E-06    6.668336E-08
   -2.023397E+00   -1.976094E-06    4.931103E-08
   -2.021917E+00   -2.019766E-06    4.539154E-08
   -2.020437E+00   -2.058691E-06    4.661960E-08
   -2.018957E+00   -2.088911E-06    5.502845E-08
   -2.017476E+00   -2.112752E-06    6.351503E-08
   -2.015996E+00   -2.124268E-06    7.226989E-08
   -2.014516E+00   -2.131201E-06    8.059088E-08
   -2.013036E+00   -2.125089E-06    8.856966E-08
   -2.011556E+00   -2.114568E-06    9.742025E-08
   -2.010076E+00   -2.099833E-06    1.069986E-07
   -2.008595E+00   -2.084893E-06    1.180929E-07
   -2.007115E+00   -2.077257E-06    1.342355E-07
   -2.005635E+00   -2.074010E-06    1.517505E-07
   -2.004155E+00   -2.077127E-06    1.693982E-07
   -2.002675E+00   -2.084513E-06    1.854840E-07
   -2.001195E+00   -2.102837E-06    1.940627E-07
   -1.999714E+00   -2.124559E-06    1.974153E-07
   -1.998234E+00   -2.151582E-06    1.859018E-07
   -1.996754E+00   -2.180388E-06    1.664015E-07
   -1.995274E+00   -2.206653E-06    1.308815E-07
   -1.993794E+00   -2.231147E-06    8.783754E-08
   -1.992314E+00   -2.250109E-06    3.502137E-08
   -1.990833E+00   -2.266301E-06   -2.025097E-08
   -1.989353E+00   -2.273173E-06   -7.829192E-08
   -1.987873E+00   -2.275714E-06   -1.369419E-07
   -1.986393E+00   -2.276528E-06   -1.932522E-07
   -1.984913E+00   -2.275200E-06   -2.474619E-07
   -1.983433E+00   -2.273486E-06   -3.026401E-07
   -1.981952E+00   -2.272487E-06   -3.593578E-07
   -1.980472E+00   -2.272746E-06   -4.180106E-07
   -1.978992E+00   -2.274457E-06   -4.781738E-07
   -1.977512E+00   -2.279255E-06   -5.380171E-07
   -1.976032E+00   -2.285905E-06   -5.969133E-07
   -1.974551E+00   -2.293938E-06   -6.502685E-07
   -1.973071E+00   -2.302658E-06   -6.987462E-07
   -1.971591E+00   -2.312166E-06   -7.349589E-07
   -1.970111E+00   -2.321583E-06   -7.622240E-07
   -1.968631E+00   -2.329695E-06   -7.681092E-07
   -1.967151E+00   -2.336684E-06   -7.627954E-07
   -1.965670E+00   -2.340664E-06   -7.353229E-07
   -1.964190E+00   -2.342479E-06   -6.977508E-07
   -1.962710E+00   -2.339943E-06   -6.465503E-07
   -1.961230E+00   -2.336315E-06   -5.911876E-07
   -1.959750E+00   -2.328614E-06   -5.319524E-07
   -1.958270E+00   -2.318442E-06   -4.735264E-07
   -1.956789E+00   -2.305953E-06   -4.211947E-07
   -1.955309E+00   -2.292528E-06   -3.722885E-07
   -1.953829E+00   -2.281213E-06   -3.295813E-07
   -1.952349E+00   -2.271304E-06   -2.896308E-07
   -1.950869E+00   -2.265068E-06   -2.528679E-07
   -1.949389E+00   -2.261781E-06   -2.161577E-07
   -1.947908E+00   -2.264659E-06   -1.776176E-07
   -1.946428E+00   -2.270928E-06   -1.382143E-07
   -1.944948E+00   -2.278778E-06   -9.062064E-08
   -1.943468E+00   -2.285977E-06   -3.783793E-08
   -1.941988E+00   -2.291036E-06    2.180571E-08
   -1.940507E+00   -2.292879E-06    8.207865E-08
   -1.939027E+00   -2.290016E-06    1.397986E-07
   -1.937547E+00   -2.285759E-06    1.943044E-07
   -1.936067E+00   -2.278934E-06    2.357588E-07
   -1.934587E+00   -2.271304E-06    2.718171E-07
   -1.933107E+00   -2.261272E-06    2.942731E-07
   -1.931626E+00   -2.251139E-06    3.083362E-07
   -1.930146E+00   -2.240386E-06    3.099983E-07
   -1.928666E+00   -2.229597E-06    3.062579E-07
   -1.927186E+00   -2.217283E-06    2.945219E-07
   -1.925706E+00   -2.203281E-06    2.809552E-07
   -1.924226E+00   -2.189096E-06    2.651658E-07
   -1.922745E+00   -2.175012E-06    2.502520E-07
   -1.921265E+00   -2.161520E-06    2.362622E-07
   -1.919785E+00   -2.148587E-06    2.198323E-07
   -1.918305E+00   -2.137520E-06    1.986820E-07
   -1.916825E+00   -2.128733E-06    1.748210E-07
   -1.915345E+00   -2.127551E-06    1.419659E-07
   -1.913864E+00   -2.132267E-06    1.022170E-07
   -1.912384E+00   -2.153519E-06    4.740714E-08
   -1.910904E+00   -2.183519E-06   -1.204330E-08
   -1.909424E+00   -2.233537E-06   -7.568412E-08
   -1.907944E+00   -2.293201E-06   -1.392918E-07
   -1.906463E+00   -2.368414E-06   -1.970606E-07
   -1.904983E+00   -2.449262E-06   -2.484663E-07
   -1.903503E+00   -2.536796E-06   -2.875364E-07
   -1.902023E+00   -2.626264E-06   -3.217856E-07
   -1.900543E+00   -2.712445E-06   -3.455990E-07
   -1.899063E+00   -2.793710E-06   -3.661750E-07
   -1.897582E+00   -2.866231E-06   -3.844905E-07
   -1.896102E+00   -2.933877E-06   -4.028644E-07
   -1.894622E+00   -2.986989E-06   -4.225128E-07
   -1.893142E+00   -3.033087E-06   -4.436529E-07
   -1.891662E+00   -3.063979E-06   -4.668980E-07
   -1.890182E+00   -3.086724E-06   -4.902593E-07
   -1.888701E+00   -3.095911E-06   -5.130994E-07
   -1.887221E+00   -3.098099E-06   -5.344904E-07
   -1.885741E+00   -3.087492E-06   -5.532491E-07
   -1.884261E+00   -3.072482E-06   -5.717746E-07
   -1.882781E+00   -3.051202E-06   -5.888631E-07
   -1.881301E+00   -3.029075E-06   -6.046501E-07
   -1.879820E+00   -3.009951E-06   -6.187737E-07
   -1.878340E+00   -2.993614E-06   -6.313671E-07
   -1.876860E+00   -2.983833E-06   -6.398569E-07
   -1.875380E+00   -2.979391E-06   -6.445346E-07
   -1.873900E+00   -2.987445E-06   -6.383373E-07
   -1.872419E+00   -3.000084E-06   -6.251588E-07
   -1.870939E+00   -3.020408E-06   -5.979016E-07
   -1.869459E+00   -3.043401E-06   -5.632463E-07
   -1.867979E+00   -3.068334E-06   -5.115238E-07
   -1.866499E+00   -3.093068E-06   -4.539106E-07
   -1.865019E+00   -3.112490E-06   -3.882877E-07
   -1.863538E+00   -3.128939E-06   -3.198404E-07
   -1.862058E+00   -3.140261E-06   -2.485704E-07
   -1.860578E+00   -3.146797E-06   -1.771089E-07
   -1.859098E+00   -3.144332E-06   -1.088746E-07
   -1.857618E+00   -3.139863E-06   -4.334630E-08
   -1.856138E+00   -3.131723E-06    1.635050E-08
   -1.854657E+00   -3.122229E-06    7.264492E-08
   -1.853177E+00   -3.113996E-06    1.239182E-07
   -1.851697E+00   -3.105476E-06    1.725544E-07
   -1.850217E+00   -3.093978E-06    2.130357E-07
   -1.848737E+00   -3.080950E-06    2.497578E-07
   -1.847257E+00   -3.065392E-06    2.773352E-07
   -1.845776E+00   -3.048738E-06    3.000310E-07
   -1.844296E+00   -3.030868E-06    3.127407E-07
   -1.842816E+00   -3.014010E-06    3.204713E-07
   -1.841336E+00   -3.001107E-06    3.203441E-07
   -1.839856E+00   -2.990544E-06    3.155672E-07
   -1.838376E+00   -2.987258E-06    3.000542E-07
   -1.836895E+00   -2.987383E-06    2.815866E-07
   -1.835415E+00   -2.992841E-06    2.603355E-07
   -1.833935E+00   -3.001857E-06    2.382096E-07
   -1.832455E+00   -3.016133E-06    2.177986E-07
   -1.830975E+00   -3.030382E-06    1.991078E-07
   -1.829494E+00   -3.041421E-06    1.834456E-07
   -1.828014E+00   -3.051897E-06    1.686187E-07
   -1.826534E+00   -3.059488E-06    1.583038E-07
   -1.825054E+00   -3.064709E-06    1.502123E-07
   -1.823574E+00   -3.066405E-06    1.446485E-07
   -1.822094E+00   -3.067770E-06    1.405949E-07
   -1.820613E+00   -3.070263E-06    1.412109E-07
   -1.819133E+00   -3.071947E-06    1.453124E-07
   -1.817653E+00   -3.071804E-06    1.549450E-07
   -1.816173E+00   -3.070655E-06    1.678152E-07
   -1.814693E+00   -3.068449E-06    1.880277E-07
   -1.813213E+00   -3.066591E-06    2.103561E-07
   -1.811732E+00   -3.066585E-06    2.360959E-07
   -1.810252E+00   -3.066365E-06    2.643765E-07
   -1.808772E+00   -3.067140E-06    2.948800E-07
   -1.807292E+00   -3.070317E-06    3.248363E-07
   -1.805812E+00   -3.077838E-06    3.545055E-07
   -1.804332E+00   -3.087479E-06    3.836954E-07
   -1.802851E+00   -3.103534E-06    4.092093E-07
   -1.801371E+00   -3.123150E-06    4.325109E-07
   -1.799891E+00   -3.149322E-06    4.511429E-07
   -1.798411E+00   -3.179158E-06    4.653118E-07
   -1.796931E+00   -3.216419E-06    4.707784E-07
   -1.795450E+00   -3.258424E-06    4.721919E-07
   -1.793970E+00   -3.309713E-06    4.644055E-07
   -1.792490E+00   -3.364201E-06    4.519812E-07
   -1.791010E+00   -3.423667E-06    4.300964E-07
   -1.789530E+00   -3.484992E-06    4.047234E-07
   -1.788050E+00   -3.548993E-06    3.750871E-07
   -1.786569E+00   -3.612762E-06    3.453961E-07
   -1.785089E+00   -3.673976E-06    3.194669E-07
   -1.783609E+00   -3.734103E-06    2.961639E-07
   -1.782129E+00   -3.789224E-06    2.787854E-07
   -1.780649E+00   -3.840893E-06    2.660394E-07
   -1.779169E+00   -3.888189E-06    2.609065E-07
   -1.777688E+00   -3.932958E-06    2.570137E-07
   -1.776208E+00   -3.972075E-06    2.537842E-07
   -1.774728E+00   -4.009260E-06    2.498828E-07
   -1.773248E+00   -4.044052E-06    2.437652E-07
   -1.771768E+00   -4.076988E-06    2.365174E-07
   -1.770288E+00   -4.105275E-06    2.249318E-07
   -1.768807E+00   -4.132339E-06    2.100931E-07
   -1.767327E+00   -4.156251E-06    1.923736E-07
   -1.765847E+00   -4.179500E-06    1.737221E-07
   -1.764367E+00   -4.203216E-06    1.544059E-07
   -1.762887E+00   -4.225504E-06    1.365291E-07
   -1.761406E+00   -4.245584E-06    1.233208E-07
   -1.759926E+00   -4.265973E-06    1.144517E-07
   -1.758446E+00   -4.287915E-06    1.173907E-07
   -1.756966E+00   -4.310641E-06    1.252345E-07
   -1.755486E+00   -4.335841E-06    1.427882E-07
   -1.754006E+00   -4.363749E-06    1.656738E-07
   -1.752525E+00   -4.394047E-06    1.954097E-07
   -1.751045E+00   -4.424601E-06    2.280137E-07
   -1.749565E+00   -4.458737E-06    2.645960E-07
   -1.748085E+00   -4.494060E-06    3.015867E-07
   -1.746605E+00   -4.529851E-06    3.373516E-07
   -1.745125E+00   -4.564988E-06    3.713697E-07
   -1.743644E+00   -4.597630E-06    4.011470E-07
   -1.742164E+00   -4.629031E-06    4.279533E-07
   -1.740684E+00   -4.656141E-06    4.460854E-07
   -1.739204E+00   -4.681692E-06    4.593384E-07
   -1.737724E+00   -4.705989E-06    4.647791E-07
   -1.736244E+00   -4.729809E-06    4.671390E-07
   -1.734763E+00   -4.752916E-06    4.642892E-07
   -1.733283E+00   -4.776357E-06    4.590161E-07
   -1.731803E+00   -4.801228E-06    4.483769E-07
   -1.730323E+00   -4.825773E-06    4.372182E-07
   -1.728843E+00   -4.849162E-06    4.283147E-07
   -1.727362E+00   -4.871293E-06    4.222012E-07
   -1.725882E+00   -4.888084E-06    4.207582E-07
   -1.724402E+00   -4.901268E-06    4.219576E-07
   -1.722922E+00   -4.906980E-06    4.300755E-07
   -1.721442E+00   -4.908497E-06    4.386985E-07
   -1.719962E+00   -4.901475E-06    4.481509E-07
   -1.718481E+00   -4.892149E-06    4.571635E-07
   -1.717001E+00   -4.878892E-06    4.641527E-07
   -1.715521E+00   -4.863179E-06    4.694204E-07
   -1.714041E+00   -4.844943E-06    4.696077E-07
   -1.712561E+00   -4.826817E-06    4.691754E-07
   -1.711081E+00   -4.809135E-06    4.680721E-07
   -1.709600E+00   -4.790693E-06    4.667044E-07
   -1.708120E+00   -4.773159E-06    4.673913E-07
   -1.706640E+00   -4.757181E-06    4.696820E-07
   -1.705160E+00   -4.741488E-06    4.744566E-07
   -1.703680E+00   -4.726364E-06    4.804671E-07
   -1.702200E+00   -4.715217E-06    4.894705E-07
   -1.700719E+00   -4.706481E-06    4.984916E-07
   -1.699239E+00   -4.702918E-06    5.067479E-07
   -1.697759E+00   -4.701833E-06    5.137300E-07
   -1.696279E+00   -4.705102E-06    5.145151E-07
   -1.694799E+00   -4.710054E-06    5.118511E-07
   -1.693318E+00   -4.714956E-06    5.028343E-07
   -1.691838E+00   -4.719871E-06    4.905538E-07
   -1.690358E+00   -4.725680E-06    4.696343E-07
   -1.688878E+00   -4.730987E-06    4.448667E-07
   -1.687398E+00   -4.734516E-06    4.143438E-07
   -1.685918E+00   -4.737308E-06    3.813699E-07
   -1.684437E+00   -4.740247E-06    3.454792E-07
   -1.682957E+00   -4.744462E-06    3.096907E-07
   -1.681477E+00   -4.750644E-06    2.747695E-07
   -1.679997E+00   -4.758770E-06    2.400062E-07
   -1.678517E+00   -4.772228E-06    2.065557E-07
   -1.677037E+00   -4.786893E-06    1.734487E-07
   -1.675556E+00   -4.804941E-06    1.424313E-07
   -1.674076E+00   -4.825021E-06    1.119908E-07
   -1.672596E+00   -4.847681E-06    8.172691E-08
   -1.671116E+00   -4.871427E-06    5.247062E-08
   -1.669636E+00   -4.896720E-06    2.499555E-08
   -1.668156E+00   -4.922458E-06   -1.010136E-09
   -1.666675E+00   -4.949000E-06   -2.329687E-08
   -1.665195E+00   -4.974912E-06   -4.422270E-08
   -1.663715E+00   -4.997375E-06   -6.067972E-08
   -1.662235E+00   -5.017731E-06   -7.426277E-08
   -1.660755E+00   -5.033835E-06   -8.203345E-08
   -1.659275E+00   -5.048386E-06   -8.684705E-08
   -1.657794E+00   -5.061083E-06   -8.541632E-08
   -1.656314E+00   -5.073349E-06   -8.053514E-08
   -1.654834E+00   -5.084594E-06   -7.115776E-08
   -1.653354E+00   -5.096224E-06   -5.929235E-08
   -1.651874E+00   -5.111996E-06   -4.369060E-08
   -1.650393E+00   -5.129836E-06   -2.701068E-08
   -1.648913E+00   -5.152760E-06   -8.867756E-09
   -1.647433E+00   -5.177995E-06    9.325059E-09
   -1.645953E+00   -5.205921E-06    2.566291E-08
   -1.644473E+00   -5.234637E-06    4.052796E-08
   -1.642993E+00   -5.264736E-06    5.399929E-08
   -1.641512E+00   -5.295141E-06    6.615188E-08
   -1.640032E+00   -5.327041E-06    7.526059E-08
   -1.638552E+00   -5.360718E-06    8.410889E-08
   -1.637072E+00   -5.395344E-06    9.169177E-08
   -1.635592E+00   -5.429652E-06    9.809536E-08
   -1.634112E+00   -5.463348E-06    1.028818E-07
   -1.632631E+00   -5.498267E-06    1.058134E-07
   -1.631151E+00   -5.534956E-06    1.039266E-07
   -1.629671E+00   -5.571549E-06    9.984178E-08
   -1.628191E+00   -5.610227E-06    8.918502E-08
   -1.626711E+00   -5.648840E-06    7.590852E-08
   -1.625231E+00   -5.687200E-06    5.935438E-08
   -1.623750E+00   -5.726122E-06    4.116379E-08
   -1.622270E+00   -5.764648E-06    2.161013E-08
   -1.620790E+00   -5.801585E-06    2.991248E-09
   -1.619310E+00   -5.831873E-06   -1.235151E-08
   -1.617830E+00   -5.860428E-06   -2.625237E-08
   -1.616349E+00   -5.887258E-06   -3.420263E-08
   -1.614869E+00   -5.911539E-06   -3.653743E-08
   -1.613389E+00   -5.932547E-06   -2.871010E-08
   -1.611909E+00   -5.952383E-06   -1.620778E-08
   -1.610429E+00   -5.968877E-06    7.610908E-09
   -1.608949E+00   -5.984516E-06    3.605568E-08
   -1.607468E+00   -5.999387E-06    7.271258E-08
   -1.605988E+00   -6.013541E-06    1.120298E-07
   -1.604508E+00   -6.027790E-06    1.557096E-07
   -1.603028E+00   -6.041385E-06    2.011475E-07
   -1.601548E+00   -6.053100E-06    2.483134E-07
   -1.600068E+00   -6.063994E-06    2.953178E-07
   -1.598587E+00   -6.074693E-06    3.392500E-07
   -1.597107E+00   -6.085550E-06    3.820327E-07
   -1.595627E+00   -6.096565E-06    4.242148E-07
   -1.594147E+00   -6.109413E-06    4.664532E-07
   -1.592667E+00   -6.125224E-06    5.080266E-07
   -1.591187E+00   -6.141675E-06    5.481906E-07
   -1.589706E+00   -6.158107E-06    5.860929E-07
   -1.588226E+00   -6.175177E-06    6.228357E-07
   -1.586746E+00   -6.193566E-06    6.538405E-07
   -1.585266E+00   -6.210906E-06    6.809325E-07
   -1.583786E+00   -6.224472E-06    7.001755E-07
   -1.582305E+00   -6.235953E-06    7.156069E-07
   -1.580825E+00   -6.243988E-06    7.223789E-07
   -1.579345E+00   -6.250907E-06    7.255692E-07
   -1.577865E+00   -6.256881E-06    7.228870E-07
   -1.576385E+00   -6.263169E-06    7.162201E-07
   -1.574905E+00   -6.272537E-06    7.030494E-07
   -1.573424E+00   -6.283833E-06    6.891353E-07
   -1.571944E+00   -6.300833E-06    6.747220E-07
   -1.570464E+00   -6.321546E-06    6.589074E-07
   -1.568984E+00   -6.349185E-06    6.438154E-07
   -1.567504E+00   -6.380235E-06    6.289425E-07
   -1.566024E+00   -6.418432E-06    6.111588E-07
   -1.564543E+00   -6.458555E-06    5.938159E-07
   -1.563063E+00   -6.499424E-06    5.784333E-07
   -1.561583E+00   -6.541640E-06    5.629191E-07
   -1.560103E+00   -6.582611E-06    5.482836E-07
   -1.558623E+00   -6.622326E-06    5.337958E-07
   -1.557143E+00   -6.659752E-06    5.194616E-07
   -1.555662E+00   -6.695302E-06    5.050917E-07
   -1.554182E+00   -6.726686E-06    4.902662E-07
   -1.552702E+00   -6.755295E-06    4.762195E-07
   -1.551222E+00   -6.777759E-06    4.627849E-07
   -1.549742E+00   -6.797415E-06    4.501394E-07
   -1.548261E+00   -6.814550E-06    4.369037E-07
   -1.546781E+00   -6.831259E-06    4.246486E-07
   -1.545301E+00   -6.847839E-06    4.179059E-07
   -1.543821E+00   -6.863821E-06    4.132766E-07
   -1.542341E+00   -6.880830E-06    4.153752E-07
   -1.540861E+00   -6.899018E-06    4.208883E-07
   -1.539380E+00   -6.916013E-06    4.312039E-07
   -1.537900E+00   -6.932360E-06    4.451369E-07
   -1.536420E+00   -6.948180E-06    4.685716E-07
   -1.534940E+00   -6.963220E-06    4.963511E-07
   -1.533460E+00   -6.975604E-06    5.290013E-07
   -1.531980E+00   -6.986126E-06    5.622187E-07
   -1.530499E+00   -6.994410E-06    5.942885E-07
   -1.529019E+00   -7.003421E-06    6.239496E-07
   -1.527539E+00   -7.016588E-06    6.454135E-07
   -1.526059E+00   -7.031142E-06    6.628028E-07
   -1.524579E+00   -7.049510E-06    6.709650E-07
   -1.523099E+00   -7.072151E-06    6.746029E-07
   -1.521618E+00   -7.105183E-06    6.710817E-07
   -1.520138E+00   -7.143133E-06    6.638117E-07
   -1.518658E+00   -7.189239E-06    6.522466E-07
   -1.517178E+00   -7.237851E-06    6.396419E-07
   -1.515698E+00   -7.289956E-06    6.249931E-07
   -1.514218E+00   -7.343149E-06    6.103426E-07
   -1.512737E+00   -7.396563E-06    5.977697E-07
   -1.511257E+00   -7.450152E-06    5.859533E-07
   -1.509777E+00   -7.500387E-06    5.756139E-07
   -1.508297E+00   -7.548497E-06    5.671322E-07
   -1.506817E+00   -7.594312E-06    5.634488E-07
   -1.505336E+00   -7.638190E-06    5.621283E-07
   -1.503856E+00   -7.679362E-06    5.666542E-07
   -1.502376E+00   -7.718740E-06    5.735464E-07
   -1.500896E+00   -7.753292E-06    5.844955E-07
   -1.499416E+00   -7.786163E-06    5.964536E-07
   -1.497936E+00   -7.816054E-06    6.087581E-07
   -1.496455E+00   -7.845088E-06    6.199284E-07
   -1.494975E+00   -7.873859E-06    6.246045E-07
   -1.493495E+00   -7.902601E-06    6.262646E-07
   -1.492015E+00   -7.930502E-06    6.234013E-07
   -1.490535E+00   -7.958703E-06    6.170771E-07
   -1.489055E+00   -7.988448E-06    6.033639E-07
   -1.487574E+00   -8.018982E-06    5.867265E-07
   -1.486094E+00   -8.049856E-06    5.658037E-07
   -1.484614E+00   -8.079825E-06    5.436262E-07
   -1.483134E+00   -8.108150E-06    5.187600E-07
   -1.481654E+00   -8.136047E-06    4.930513E-07
   -1.480174E+00   -8.161145E-06    4.698759E-07
   -1.478693E+00   -8.186332E-06    4.483262E-07
   -1.477213E+00   -8.215461E-06    4.280561E-07
   -1.475733E+00   -8.245823E-06    4.090325E-07
   -1.474253E+00   -8.277203E-06    3.939243E-07
   -1.472773E+00   -8.308726E-06    3.810660E-07
   -1.471292E+00   -8.340788E-06    3.719647E-07
   -1.469812E+00   -8.371473E-06    3.659347E-07
   -1.468332E+00   -8.396886E-06    3.644345E-07
   -1.466852E+00   -8.419649E-06    3.652254E-07
   -1.465372E+00   -8.438012E-06    3.729470E-07
   -1.463892E+00   -8.454055E-06    3.831568E-07
   -1.462411E+00   -8.464674E-06    3.987841E-07
   -1.460931E+00   -8.473755E-06    4.160234E-07
   -1.459451E+00   -8.481176E-06    4.332163E-07
   -1.457971E+00   -8.488316E-06    4.506112E-07
   -1.456491E+00   -8.497512E-06    4.688347E-07
   -1.455011E+00   -8.507849E-06    4.867781E-07
   -1.453530E+00   -8.519918E-06    5.028954E-07
   -1.452050E+00   -8.532768E-06    5.182855E-07
   -1.450570E+00   -8.545826E-06    5.328759E-07
   -1.449090E+00   -8.559040E-06    5.477603E-07
   -1.447610E+00   -8.573052E-06    5.610223E-07
   -1.446130E+00   -8.587051E-06    5.731316E-07
   -1.444649E+00   -8.601063E-06    5.852042E-07
   -1.443169E+00   -8.616039E-06    5.977437E-07
   -1.441689E+00   -8.633266E-06    6.093400E-07
   -1.440209E+00   -8.651354E-06    6.199598E-07
   -1.438729E+00   -8.670489E-06    6.293296E-07
   -1.437248E+00   -8.689415E-06    6.375914E-07
   -1.435768E+00   -8.706222E-06    6.436750E-07
   -1.434288E+00   -8.721269E-06    6.479865E-07
   -1.432808E+00   -8.733729E-06    6.464904E-07
   -1.431328E+00   -8.744641E-06    6.422100E-07
   -1.429848E+00   -8.754865E-06    6.332782E-07
   -1.428367E+00   -8.766071E-06    6.214411E-07
   -1.426887E+00   -8.780732E-06    6.030589E-07
   -1.425407E+00   -8.798490E-06    5.823971E-07
   -1.423927E+00   -8.823287E-06    5.596113E-07
   -1.422447E+00   -8.852294E-06    5.352779E-07
   -1.420967E+00   -8.889358E-06    5.072256E-07
   -1.419486E+00   -8.930061E-06    4.787779E-07
   -1.418006E+00   -8.976961E-06    4.491171E-07
   -1.416526E+00   -9.026190E-06    4.182341E-07
   -1.415046E+00   -9.080549E-06    3.860204E-07
   -1.413566E+00   -9.136701E-06    3.529804E-07
   -1.412086E+00   -9.193340E-06    3.189531E-07
   -1.410605E+00   -9.250600E-06    2.845854E-07
   -1.409125E+00   -9.308278E-06    2.519286E-07
   -1.407645E+00   -9.364440E-06    2.223340E-07
   -1.406165E+00   -9.415919E-06    2.008986E-07
   -1.404685E+00   -9.464200E-06    1.846249E-07
   -1.403204E+00   -9.505408E-06    1.780701E-07
   -1.401724E+00   -9.542563E-06    1.762939E-07
   -1.400244E+00   -9.569357E-06    1.844843E-07
   -1.398764E+00   -9.591161E-06    1.959895E-07
   -1.397284E+00   -9.606600E-06    2.139343E-07
   -1.395804E+00   -9.619596E-06    2.341588E-07
   -1.394323E+00   -9.628827E-06    2.565466E-07
   -1.392843E+00   -9.637864E-06    2.798876E-07
   -1.391363E+00   -9.649898E-06    3.033033E-07
   -1.389883E+00   -9.663405E-06    3.272577E-07
   -1.388403E+00   -9.680825E-06    3.519502E-07
   -1.386923E+00   -9.700541E-06    3.762517E-07
   -1.385442E+00   -9.721800E-06    4.001545E-07
   -1.383962E+00   -9.744448E-06    4.231167E-07
   -1.382482E+00   -9.766138E-06    4.437220E-07
   -1.381002E+00   -9.786738E-06    4.633568E-07
   -1.379522E+00   -9.807298E-06    4.798641E-07
   -1.378042E+00   -9.827493E-06    4.941835E-07
   -1.376561E+00   -9.846603E-06    5.036717E-07
   -1.375081E+00   -9.865242E-06    5.111947E-07
   -1.373601E+00   -9.885298E-06    5.172262E-07
   -1.372121E+00   -9.904871E-06    5.225036E-07
   -1.370641E+00   -9.923336E-06    5.249111E-07
   -1.369160E+00   -9.941798E-06    5.266831E-07
   -1.367680E+00   -9.958511E-06    5.303094E-07
   -1.366200E+00   -9.974146E-06    5.347502E-07
   -1.364720E+00   -9.988783E-06    5.391574E-07
   -1.363240E+00   -1.000358E-05    5.430829E-07
   -1.361760E+00   -1.002036E-05    5.423657E-07
   -1.360279E+00   -1.004039E-05    5.394370E-07
   -1.358799E+00   -1.006793E-05    5.323903E-07
   -1.357319E+00   -1.009898E-05    5.236986E-07
   -1.355839E+00   -1.013808E-05    5.117201E-07
   -1.354359E+00   -1.018055E-05    4.976706E-07
   -1.352879E+00   -1.022690E-05    4.847276E-07
   -1.351398E+00   -1.027471E-05    4.726931E-07
   -1.349918E+00   -1.032382E-05    4.604879E-07
   -1.348438E+00   -1.037259E-05    4.488370E-07
   -1.346958E+00   -1.041961E-05    4.386683E-07
   -1.345478E+00   -1.046463E-05    4.285187E-07
   -1.343998E+00   -1.050821E-05    4.172071E-07
   -1.342517E+00   -1.055241E-05    4.053953E-07
   -1.341037E+00   -1.059819E-05    3.933830E-07
   -1.339557E+00   -1.064500E-05    3.817331E-07
   -1.338077E+00   -1.069515E-05    3.724076E-07
   -1.336597E+00   -1.074711E-05    3.646025E-07
   -1.335117E+00   -1.079976E-05    3.597627E-07
   -1.333636E+00   -1.085183E-05    3.577106E-07
   -1.332156E+00   -1.090133E-05    3.619788E-07
   -1.330676E+00   -1.094942E-05    3.673126E-07
   -1.329196E+00   -1.099691E-05    3.736287E-07
   -1.327716E+00   -1.104333E-05    3.811398E-07
   -1.326235E+00   -1.108762E-05    3.869446E-07
   -1.324755E+00   -1.113175E-05    3.907976E-07
   -1.323275E+00   -1.117364E-05    3.912516E-07
   -1.321795E+00   -1.121509E-05    3.891556E-07
   -1.320315E+00   -1.125599E-05    3.854080E-07
   -1.318835E+00   -1.129514E-05    3.814302E-07
   -1.317354E+00   -1.133127E-05    3.782843E-07
   -1.315874E+00   -1.136610E-05    3.766162E-07
   -1.314394E+00   -1.139713E-05    3.764240E-07
   -1.312914E+00   -1.142668E-05    3.770505E-07
   -1.311434E+00   -1.145584E-05    3.789561E-07
   -1.309954E+00   -1.148673E-05    3.813759E-07
   -1.308473E+00   -1.152252E-05    3.849801E-07
   -1.306993E+00   -1.156119E-05    3.879129E-07
   -1.305513E+00   -1.160636E-05    3.882779E-07
   -1.304033E+00   -1.165496E-05    3.888636E-07
   -1.302553E+00   -1.171033E-05    3.906866E-07
   -1.301073E+00   -1.176733E-05    3.926988E-07
   -1.299592E+00   -1.182518E-05    3.957064E-07
   -1.298112E+00   -1.188259E-05    3.996465E-07
   -1.296632E+00   -1.193893E-05    4.052604E-07
   -1.295152E+00   -1.199488E-05    4.108514E-07
   -1.293672E+00   -1.204937E-05    4.160465E-07
   -1.292191E+00   -1.210391E-05    4.205410E-07
   -1.290711E+00   -1.215880E-05    4.247470E-07
   -1.289231E+00   -1.221393E-05    4.292487E-07
   -1.287751E+00   -1.226885E-05    4.329628E-07
   -1.286271E+00   -1.232388E-05    4.374166E-07
   -1.284791E+00   -1.237961E-05    4.442665E-07
   -1.283310E+00   -1.243432E-05    4.522995E-07
   -1.281830E+00   -1.248399E-05    4.623396E-07
   -1.280350E+00   -1.253163E-05    4.736122E-07
   -1.278870E+00   -1.257599E-05    4.862079E-07
   -1.277390E+00   -1.261865E-05    4.982502E-07
   -1.275910E+00   -1.265991E-05    5.111377E-07
   -1.274429E+00   -1.270223E-05    5.233348E-07
   -1.272949E+00   -1.274813E-05    5.314306E-07
   -1.271469E+00   -1.279583E-05    5.380386E-07
   -1.269989E+00   -1.284701E-05    5.422297E-07
   -1.268509E+00   -1.289934E-05    5.446453E-07
   -1.267029E+00   -1.295338E-05    5.436040E-07
   -1.265548E+00   -1.300730E-05    5.417040E-07
   -1.264068E+00   -1.306018E-05    5.386746E-07
   -1.262588E+00   -1.311221E-05    5.356746E-07
   -1.261108E+00   -1.316257E-05    5.315663E-07
   -1.259628E+00   -1.321243E-05    5.262636E-07
   -1.258147E+00   -1.326237E-05    5.202328E-07
   -1.256667E+00   -1.331353E-05    5.132363E-07
   -1.255187E+00   -1.337009E-05    5.040245E-07
   -1.253707E+00   -1.342855E-05    4.943553E-07
   -1.252227E+00   -1.348929E-05    4.835152E-07
   -1.250747E+00   -1.355170E-05    4.719886E-07
   -1.249266E+00   -1.361681E-05    4.590571E-07
   -1.247786E+00   -1.368212E-05    4.460279E-07
   -1.246306E+00   -1.374600E-05    4.307619E-07
   -1.244826E+00   -1.380954E-05    4.146464E-07
   -1.243346E+00   -1.387246E-05    3.973497E-07
   -1.241866E+00   -1.393587E-05    3.789585E-07
   -1.240385E+00   -1.400077E-05    3.576618E-07
   -1.238905E+00   -1.406711E-05    3.339775E-07
   -1.237425E+00   -1.413863E-05    3.042880E-07
   -1.235945E+00   -1.421197E-05    2.723886E-07
   -1.234465E+00   -1.428890E-05    2.350058E-07
   -1.232985E+00   -1.436645E-05    1.947516E-07
   -1.231504E+00   -1.444129E-05    1.504422E-07
   -1.230024E+00   -1.451377E-05    1.035032E-07
   -1.228544E+00   -1.457976E-05    5.536131E-08
   -1.227064E+00   -1.464278E-05    6.765389E-09
   -1.225584E+00   -1.469907E-05   -4.409806E-08
   -1.224103E+00   -1.475283E-05   -9.505507E-08
   -1.222623E+00   -1.480286E-05   -1.439974E-07
   -1.221143E+00   -1.485234E-05   -1.916721E-07
   -1.219663E+00   -1.490629E-05   -2.342668E-07
   -1.218183E+00   -1.496187E-05   -2.725132E-07
   -1.216703E+00   -1.502084E-05   -3.017415E-07
   -1.215222E+00   -1.508250E-05   -3.257283E-07
   -1.213742E+00   -1.514594E-05   -3.370392E-07
   -1.212262E+00   -1.520919E-05   -3.416475E-07
   -1.210782E+00   -1.527249E-05   -3.339493E-07
   -1.209302E+00   -1.533420E-05   -3.219237E-07
   -1.207822E+00   -1.539351E-05   -3.024922E-07
   -1.206341E+00   -1.545376E-05   -2.795502E-07
   -1.204861E+00   -1.551544E-05   -2.520500E-07
   -1.203381E+00   -1.557657E-05   -2.235249E-07
   -1.201901E+00   -1.563822E-05   -1.955620E-07
   -1.200421E+00   -1.569949E-05   -1.668765E-07
   -1.198941E+00   -1.575772E-05   -1.370045E-07
   -1.197460E+00   -1.581473E-05   -1.073927E-07
   -1.195980E+00   -1.586615E-05   -7.883628E-08
   -1.194500E+00   -1.591383E-05   -5.215836E-08
   -1.193020E+00   -1.595549E-05   -2.947853E-08
   -1.191540E+00   -1.599497E-05   -9.901737E-09
   -1.190060E+00   -1.603391E-05    9.501720E-10
   -1.188579E+00   -1.607489E-05    7.995992E-09
   -1.187099E+00   -1.612274E-05    7.217631E-09
   -1.185619E+00   -1.617466E-05    3.576308E-09
   -1.184139E+00   -1.623574E-05   -3.432714E-09
   -1.182659E+00   -1.630127E-05   -1.161553E-08
   -1.181178E+00   -1.637178E-05   -1.822807E-08
   -1.179698E+00   -1.644344E-05   -2.392112E-08
   -1.178218E+00   -1.651412E-05   -2.710024E-08
   -1.176738E+00   -1.658260E-05   -2.700466E-08
   -1.175258E+00   -1.664757E-05   -2.223252E-08
   -1.173778E+00   -1.671042E-05   -1.634135E-08
   -1.172297E+00   -1.676966E-05   -8.213661E-09
   -1.170817E+00   -1.682966E-05   -2.248278E-10
   -1.169337E+00   -1.689268E-05    8.091042E-09
   -1.167857E+00   -1.695868E-05    1.793092E-08
   -1.166377E+00   -1.703412E-05    2.888216E-08
   -1.164897E+00   -1.711257E-05    4.149993E-08
   -1.163416E+00   -1.719311E-05    6.033459E-08
   -1.161936E+00   -1.727450E-05    8.163181E-08
   -1.160456E+00   -1.735390E-05    1.109788E-07
   -1.158976E+00   -1.742994E-05    1.436828E-07
   -1.157496E+00   -1.749838E-05    1.811037E-07
   -1.156016E+00   -1.756432E-05    2.193520E-07
   -1.154535E+00   -1.762961E-05    2.549123E-07
   -1.153055E+00   -1.769502E-05    2.886837E-07
   -1.151575E+00   -1.776444E-05    3.167754E-07
   -1.150095E+00   -1.783788E-05    3.408637E-07
   -1.148615E+00   -1.791741E-05    3.604202E-07
   -1.147134E+00   -1.799941E-05    3.795360E-07
   -1.145654E+00   -1.808451E-05    3.940615E-07
   -1.144174E+00   -1.816993E-05    4.074738E-07
   -1.142694E+00   -1.825523E-05    4.206703E-07
   -1.141214E+00   -1.833910E-05    4.338585E-07
   -1.139734E+00   -1.842091E-05    4.467408E-07
   -1.138253E+00   -1.850315E-05    4.578945E-07
   -1.136773E+00   -1.858573E-05    4.682537E-07
   -1.135293E+00   -1.866916E-05    4.768325E-07
   -1.133813E+00   -1.875830E-05    4.811227E-07
   -1.132333E+00   -1.885110E-05    4.844656E-07
   -1.130853E+00   -1.894747E-05    4.839470E-07
   -1.129372E+00   -1.904445E-05    4.839877E-07
   -1.127892E+00   -1.913944E-05    4.891223E-07
   -1.126412E+00   -1.923053E-05    4.943265E-07
   -1.124932E+00   -1.931250E-05    4.974700E-07
   -1.123452E+00   -1.938893E-05    5.004620E-07
   -1.121972E+00   -1.945615E-05    5.011527E-07
   -1.120491E+00   -1.952025E-05    4.994696E-07
   -1.119011E+00   -1.958127E-05    4.907203E-07
   -1.117531E+00   -1.964351E-05    4.793925E-07
   -1.116051E+00   -1.971263E-05    4.638106E-07
   -1.114571E+00   -1.978711E-05    4.455007E-07
   -1.113090E+00   -1.987022E-05    4.254795E-07
   -1.111610E+00   -1.995571E-05    4.078064E-07
   -1.110130E+00   -2.004311E-05    3.952132E-07
   -1.108650E+00   -2.012939E-05    3.854848E-07
   -1.107170E+00   -2.021189E-05    3.847240E-07
   -1.105690E+00   -2.029151E-05    3.871033E-07
   -1.104209E+00   -2.036454E-05    3.896253E-07
   -1.102729E+00   -2.043453E-05    3.920406E-07
   -1.101249E+00   -2.050106E-05    3.937399E-07
   -1.099769E+00   -2.056895E-05    3.926938E-07
   -1.098289E+00   -2.064438E-05    3.843505E-07
   -1.096809E+00   -2.072523E-05    3.731336E-07
   -1.095328E+00   -2.081668E-05    3.584469E-07
   -1.093848E+00   -2.091150E-05    3.434517E-07
   -1.092368E+00   -2.100775E-05    3.340438E-07
   -1.090888E+00   -2.110297E-05    3.273294E-07
   -1.089408E+00   -2.119423E-05    3.258827E-07
   -1.087928E+00   -2.128164E-05    3.277681E-07
   -1.086447E+00   -2.136112E-05    3.378594E-07
   -1.084967E+00   -2.144025E-05    3.498942E-07
   -1.083487E+00   -2.152062E-05    3.599081E-07
   -1.082007E+00   -2.160307E-05    3.679260E-07
   -1.080527E+00   -2.169885E-05    3.674575E-07
   -1.079046E+00   -2.180157E-05    3.625248E-07
   -1.077566E+00   -2.191326E-05    3.529332E-07
   -1.076086E+00   -2.202788E-05    3.424190E-07
   -1.074606E+00   -2.214506E-05    3.319346E-07
   -1.073126E+00   -2.226072E-05    3.223742E-07
   -1.071646E+00   -2.236761E-05    3.164638E-07
   -1.070165E+00   -2.246865E-05    3.145492E-07
   -1.068685E+00   -2.256215E-05    3.194146E-07
   -1.067205E+00   -2.265359E-05    3.259806E-07
   -1.065725E+00   -2.274741E-05    3.349849E-07
   -1.064245E+00   -2.284512E-05    3.457710E-07
   -1.062765E+00   -2.295094E-05    3.585040E-07
   -1.061284E+00   -2.306301E-05    3.712913E-07
   -1.059804E+00   -2.318462E-05    3.862674E-07
   -1.058324E+00   -2.330847E-05    4.023958E-07
   -1.056844E+00   -2.342980E-05    4.220091E-07
   -1.055364E+00   -2.354525E-05    4.426505E-07
   -1.053884E+00   -2.364444E-05    4.645612E-07
   -1.052403E+00   -2.373459E-05    4.861135E-07
   -1.050923E+00   -2.380713E-05    5.029799E-07
   -1.049443E+00   -2.387567E-05    5.162922E-07
   -1.047963E+00   -2.394120E-05    5.178496E-07
   -1.046483E+00   -2.400833E-05    5.128434E-07
   -1.045003E+00   -2.408986E-05    4.959981E-07
   -1.043522E+00   -2.417894E-05    4.734488E-07
   -1.042042E+00   -2.428069E-05    4.450281E-07
   -1.040562E+00   -2.438834E-05    4.159801E-07
   -1.039082E+00   -2.450059E-05    3.907457E-07
   -1.037602E+00   -2.460973E-05    3.701376E-07
   -1.036121E+00   -2.470657E-05    3.562690E-07
   -1.034641E+00   -2.479792E-05    3.467121E-07
   -1.033161E+00   -2.488239E-05    3.427195E-07
   -1.031681E+00   -2.496496E-05    3.406089E-07
   -1.030201E+00   -2.505149E-05    3.422801E-07
   -1.028721E+00   -2.514446E-05    3.432846E-07
   -1.027240E+00   -2.525874E-05    3.433973E-07
   -1.025760E+00   -2.538406E-05    3.423899E-07
   -1.024280E+00   -2.552781E-05    3.393362E-07
   -1.022800E+00   -2.567861E-05    3.361235E-07
   -1.021320E+00   -2.583120E-05    3.362174E-07
   -1.019840E+00   -2.598060E-05    3.387189E-07
   -1.018359E+00   -2.611559E-05    3.447811E-07
   -1.016879E+00   -2.623998E-05    3.528687E-07
   -1.015399E+00   -2.634805E-05    3.606955E-07
   -1.013919E+00   -2.645210E-05    3.665784E-07
   -1.012439E+00   -2.655786E-05    3.664451E-07
   -1.010959E+00   -2.666868E-05    3.619495E-07
   -1.009478E+00   -2.679623E-05    3.512855E-07
   -1.007998E+00   -2.693452E-05    3.386561E-07
   -1.006518E+00   -2.709404E-05    3.236429E-07
   -1.005038E+00   -2.725884E-05    3.106914E-07
   -1.003558E+00   -2.742421E-05    3.043053E-07
   -1.002077E+00   -2.758669E-05    3.014360E-07
   -1.000597E+00   -2.773304E-05    3.077308E-07
   -9.991171E-01   -2.786783E-05    3.169016E-07
   -9.976369E-01   -2.798201E-05    3.283891E-07
   -9.961568E-01   -2.809179E-05    3.396733E-07
   -9.946766E-01   -2.820129E-05    3.494948E-07
   -9.931964E-01   -2.831410E-05    3.560793E-07
   -9.917163E-01   -2.844585E-05    3.498987E-07
   -9.902361E-01   -2.858977E-05    3.396827E-07
   -9.887559E-01   -2.875277E-05    3.231796E-07
   -9.872757E-01   -2.891902E-05    3.040014E-07
   -9.857956E-01   -2.907994E-05    2.870908E-07
   -9.843154E-01   -2.923512E-05    2.735636E-07
   -9.828352E-01   -2.937147E-05    2.679685E-07
   -9.813550E-01   -2.949547E-05    2.649975E-07
   -9.798749E-01   -2.959898E-05    2.669247E-07
   -9.783947E-01   -2.969792E-05    2.710373E-07
   -9.769145E-01   -2.980250E-05    2.739979E-07
   -9.754343E-01   -2.991710E-05    2.744471E-07
   -9.739542E-01   -3.006217E-05    2.690892E-07
   -9.724740E-01   -3.022255E-05    2.628073E-07
   -9.709938E-01   -3.040697E-05    2.587227E-07
   -9.695137E-01   -3.059852E-05    2.579239E-07
   -9.680335E-01   -3.078836E-05    2.653896E-07
   -9.665533E-01   -3.096968E-05    2.771460E-07
   -9.650731E-01   -3.112380E-05    2.990079E-07
   -9.635930E-01   -3.126381E-05    3.241846E-07
   -9.621128E-01   -3.138274E-05    3.540548E-07
   -9.606326E-01   -3.149556E-05    3.826802E-07
   -9.591524E-01   -3.161326E-05    4.042995E-07
   -9.576723E-01   -3.174354E-05    4.233883E-07
   -9.561921E-01   -3.190641E-05    4.293642E-07
   -9.547119E-01   -3.208841E-05    4.297023E-07
   -9.532317E-01   -3.230047E-05    4.285473E-07
   -9.517516E-01   -3.251801E-05    4.268016E-07
   -9.502714E-01   -3.273366E-05    4.318233E-07
   -9.487912E-01   -3.293878E-05    4.417260E-07
   -9.473110E-01   -3.311057E-05    4.656505E-07
   -9.458309E-01   -3.326367E-05    4.971643E-07
   -9.443507E-01   -3.338400E-05    5.328909E-07
   -9.428705E-01   -3.349652E-05    5.709219E-07
   -9.413904E-01   -3.361492E-05    6.068560E-07
   -9.399102E-01   -3.374866E-05    6.366872E-07
   -9.384300E-01   -3.392811E-05    6.580710E-07
   -9.369498E-01   -3.412943E-05    6.755115E-07
   -9.354697E-01   -3.436699E-05    6.848756E-07
   -9.339895E-01   -3.461407E-05    6.941919E-07
   -9.325093E-01   -3.485591E-05    7.093257E-07
   -9.310291E-01   -3.508257E-05    7.314351E-07
   -9.295490E-01   -3.525945E-05    7.721758E-07
   -9.280688E-01   -3.541036E-05    8.219620E-07
   -9.265886E-01   -3.552333E-05    8.854067E-07
   -9.251084E-01   -3.562816E-05    9.528286E-07
   -9.236283E-01   -3.574558E-05    1.018223E-06
   -9.221481E-01   -3.588260E-05    1.080454E-06
   -9.206679E-01   -3.608335E-05    1.133887E-06
   -9.191878E-01   -3.631924E-05    1.181249E-06
   -9.177076E-01   -3.660194E-05    1.220470E-06
   -9.162274E-01   -3.689382E-05    1.258207E-06
   -9.147472E-01   -3.717367E-05    1.301795E-06
   -9.132671E-01   -3.743162E-05    1.349281E-06
   -9.117869E-01   -3.762194E-05    1.406712E-06
   -9.103067E-01   -3.777854E-05    1.470029E-06
   -9.088265E-01   -3.788741E-05    1.543737E-06
   -9.073464E-01   -3.798874E-05    1.620598E-06
   -9.058662E-01   -3.812361E-05    1.690818E-06
   -9.043860E-01   -3.829261E-05    1.753466E-06
   -9.029058E-01   -3.854865E-05    1.802271E-06
   -9.014257E-01   -3.884869E-05    1.847221E-06
   -8.999455E-01   -3.921190E-05    1.890148E-06
   -8.984653E-01   -3.958987E-05    1.930661E-06
   -8.969851E-01   -3.994194E-05    1.973157E-06
   -8.955050E-01   -4.025586E-05    2.023354E-06
   -8.940248E-01   -4.046669E-05    2.095394E-06
   -8.925446E-01   -4.062772E-05    2.179799E-06
   -8.910645E-01   -4.072068E-05    2.284752E-06
   -8.895843E-01   -4.080693E-05    2.395553E-06
   -8.881041E-01   -4.094404E-05    2.510854E-06
   -8.866239E-01   -4.113220E-05    2.624818E-06
   -8.851438E-01   -4.146104E-05    2.729709E-06
   -8.836636E-01   -4.185642E-05    2.830230E-06
   -8.821834E-01   -4.233823E-05    2.923555E-06
   -8.807032E-01   -4.282989E-05    3.019556E-06
   -8.792231E-01   -4.325988E-05    3.126153E-06
   -8.777429E-01   -4.362377E-05    3.242008E-06
   -8.762627E-01   -4.382022E-05    3.388488E-06
   -8.747825E-01   -4.394244E-05    3.547264E-06
   -8.733024E-01   -4.397631E-05    3.742169E-06
   -8.718222E-01   -4.401224E-05    3.953660E-06
   -8.703420E-01   -4.416466E-05    4.184724E-06
   -8.688619E-01   -4.442009E-05    4.423711E-06
   -8.673817E-01   -4.493096E-05    4.675574E-06
   -8.659015E-01   -4.556762E-05    4.932776E-06
   -8.644213E-01   -4.635933E-05    5.207309E-06
   -8.629412E-01   -4.716101E-05    5.502410E-06
   -8.614610E-01   -4.785054E-05    5.853563E-06
   -8.599808E-01   -4.842780E-05    6.235394E-06
   -8.585006E-01   -4.872797E-05    6.678925E-06
   -8.570205E-01   -4.890360E-05    7.160435E-06
   -8.555403E-01   -4.896533E-05    7.720552E-06
   -8.540601E-01   -4.907404E-05    8.315312E-06
   -8.525799E-01   -4.949385E-05    8.969561E-06
   -8.510998E-01   -5.016334E-05    9.650961E-06
   -8.496196E-01   -5.140852E-05    1.039905E-05
   -8.481394E-01   -5.292456E-05    1.118443E-05
   -8.466592E-01   -5.484735E-05    1.204289E-05
   -8.451791E-01   -5.683623E-05    1.295170E-05
   -8.436989E-01   -5.865589E-05    1.400041E-05
   -8.422187E-01   -6.029197E-05    1.512505E-05
   -8.407386E-01   -6.148961E-05    1.642129E-05
   -8.392584E-01   -6.252539E-05    1.781491E-05
   -8.377782E-01   -6.357893E-05    1.942663E-05
   -8.362980E-01   -6.489163E-05    2.115067E-05
   -8.348179E-01   -6.731435E-05    2.309371E-05
   -8.333377E-01   -7.055751E-05    2.515936E-05
   -8.318575E-01   -7.575476E-05    2.750303E-05
   -8.303773E-01   -8.193398E-05    3.000205E-05
   -8.288972E-01   -8.983129E-05    3.288446E-05
   -8.274170E-01   -9.834855E-05    3.600287E-05
   -8.259368E-01   -1.075431E-04    3.968741E-05
   -8.244566E-01   -1.169155E-04    4.370758E-05
   -8.229765E-01   -1.267118E-04    4.848588E-05
   -8.214963E-01   -1.370448E-04    5.369566E-05
   -8.200161E-01   -1.498700E-04    5.985765E-05
   -8.185360E-01   -1.650071E-04    6.652926E-05
   -8.170558E-01   -1.872482E-04    7.431519E-05
   -8.155756E-01   -2.143421E-04    8.274314E-05
   -8.140954E-01   -2.535295E-04    9.267507E-05
   -8.126153E-01   -2.996839E-04    1.034971E-04
   -8.111351E-01   -3.610647E-04    1.164080E-04
   -8.096549E-01   -4.305820E-04    1.305982E-04
   -8.081747E-01   -5.178278E-04    1.478550E-04
   -8.066946E-01   -6.153158E-04    1.669230E-04
   -8.052144E-01   -7.384959E-04    1.901622E-04
   -8.037342E-01   -8.789330E-04    2.157244E-04
   -8.022540E-01   -1.066904E-03    2.464159E-04
   -8.007739E-01   -1.287362E-03    2.797872E-04
   -7.992937E-01   -1.594016E-03    3.187586E-04
   -7.978135E-01   -1.955411E-03    3.606144E-04
   -7.963334E-01   -2.449365E-03    4.081037E-04
   -7.948532E-01   -3.019668E-03    4.582750E-04
   -7.933730E-01   -3.757051E-03    5.132662E-04
   -7.918928E-01   -4.581281E-03    5.700968E-04
   -7.904127E-01   -5.576870E-03    6.290400E-04
   -7.889325E-01   -6.652373E-03    6.879892E-04
   -7.874523E-01   -7.868062E-03    7.441758E-04
   -7.859721E-01   -9.140706E-03    7.975637E-04
   -7.844920E-01   -1.049609E-02    8.428230E-04
   -7.830118E-01   -1.187565E-02    8.830689E-04
   -7.815316E-01   -1.326746E-02    9.125599E-04
   -7.800514E-01   -1.464718E-02    9.370629E-04
   -7.785713E-01   -1.596769E-02    9.535169E-04
   -7.770911E-01   -1.724293E-02    9.674036E-04
   -7.756109E-01   -1.840276E-02    9.796223E-04
   -7.741307E-01   -1.949714E-02    9.926816E-04
   -7.726506E-01   -2.045749E-02    1.010705E-03
   -7.711704E-01   -2.135644E-02    1.032513E-03
   -7.696902E-01   -2.215889E-02    1.063648E-03
   -7.682101E-01   -2.293341E-02    1.100008E-03
   -7.667299E-01   -2.370461E-02    1.147337E-03
   -7.652497E-01   -2.450439E-02    1.200236E-03
   -7.637695E-01   -2.542452E-02    1.264015E-03
   -7.622894E-01   -2.643487E-02    1.332960E-03
   -7.608092E-01   -2.767661E-02    1.411467E-03
   -7.593290E-01   -2.905194E-02    1.494038E-03
   -7.578488E-01   -3.071059E-02    1.582737E-03
   -7.563687E-01   -3.250766E-02    1.672985E-03
   -7.548885E-01   -3.455174E-02    1.762181E-03
   -7.534083E-01   -3.669362E-02    1.848434E-03
   -7.519281E-01   -3.896214E-02    1.923501E-03
   -7.504480E-01   -4.125352E-02    1.990590E-03
   -7.489678E-01   -4.350368E-02    2.037928E-03
   -7.474876E-01   -4.568937E-02    2.074334E-03
   -7.460075E-01   -4.766148E-02    2.088867E-03
   -7.445273E-01   -4.948702E-02    2.093441E-03
   -7.430471E-01   -5.094547E-02    2.081631E-03
   -7.415669E-01   -5.218601E-02    2.063784E-03
   -7.400868E-01   -5.292717E-02    2.038119E-03
   -7.386066E-01   -5.338981E-02    2.010389E-03
   -7.371264E-01   -5.324520E-02    1.981298E-03
   -7.356462E-01   -5.277673E-02    1.952143E-03
   -7.341661E-01   -5.163240E-02    1.922539E-03
   -7.326859E-01   -5.014325E-02    1.891870E-03
   -7.312057E-01   -4.796630E-02    1.856232E-03
   -7.297255E-01   -4.545452E-02    1.816331E-03
   -7.282454E-01   -4.230783E-02    1.764279E-03
   -7.267652E-01   -3.886970E-02    1.704592E-03
   -7.252850E-01   -3.491911E-02    1.627487E-03
   -7.238048E-01   -3.075720E-02    1.541372E-03
   -7.223247E-01   -2.628223E-02    1.438457E-03
   -7.208445E-01   -2.171457E-02    1.328602E-03
   -7.193643E-01   -1.710248E-02    1.209166E-03
   -7.178842E-01   -1.254138E-02    1.087549E-03
   -7.164040E-01   -8.223710E-03    9.671006E-04
   -7.149238E-01   -4.090399E-03    8.498206E-04
   -7.134436E-01   -4.246895E-04    7.432900E-04
   -7.119635E-01    2.974573E-03    6.438302E-04
   -7.104833E-01    5.811887E-03    5.607166E-04
   -7.090031E-01    8.370865E-03    4.863619E-04
   -7.075229E-01    1.040679E-02    4.298987E-04
   -7.060428E-01    1.220784E-02    3.822040E-04
   -7.045626E-01    1.360249E-02    3.512035E-04
   -7.030824E-01    1.482622E-02    3.279882E-04
   -7.016022E-01    1.576627E-02    3.190674E-04
   -7.001221E-01    1.658808E-02    3.165810E-04
   -6.986419E-01    1.720731E-02    3.253877E-04
   -6.971617E-01    1.773568E-02    3.389839E-04
   -6.956816E-01    1.809256E-02    3.602214E-04
   -6.942014E-01    1.836548E-02    3.842493E-04
   -6.927212E-01    1.847194E-02    4.116528E-04
   -6.912410E-01    1.849701E-02    4.395797E-04
   -6.897609E-01    1.836828E-02    4.660482E-04
   -6.882807E-01    1.817059E-02    4.905110E-04
   -6.868005E-01    1.785715E-02    5.085119E-04
   -6.853203E-01    1.749917E-02    5.221663E-04
   -6.838402E-01    1.708068E-02    5.254643E-04
   -6.823600E-01    1.664574E-02    5.232380E-04
   -6.808798E-01    1.620253E-02    5.104827E-04
   -6.793996E-01    1.576560E-02    4.933610E-04
   -6.779195E-01    1.535811E-02    4.703145E-04
   -6.764393E-01    1.497213E-02    4.460502E-04
   -6.749591E-01    1.464042E-02    4.229540E-04
   -6.734789E-01    1.434055E-02    4.020040E-04
   -6.719988E-01    1.411182E-02    3.875638E-04
   -6.705186E-01    1.392102E-02    3.769199E-04
   -6.690384E-01    1.380671E-02    3.739791E-04
   -6.675583E-01    1.372822E-02    3.745022E-04
   -6.660781E-01    1.370958E-02    3.809716E-04
   -6.645979E-01    1.371115E-02    3.900066E-04
   -6.631177E-01    1.372612E-02    4.038935E-04
   -6.616376E-01    1.373101E-02    4.204542E-04
   -6.601574E-01    1.367733E-02    4.434872E-04
   -6.586772E-01    1.357399E-02    4.705790E-04
   -6.571970E-01    1.333099E-02    5.072643E-04
   -6.557169E-01    1.299946E-02    5.491239E-04
   -6.542367E-01    1.245894E-02    6.007125E-04
   -6.527565E-01    1.180180E-02    6.558923E-04
   -6.512763E-01    1.089709E-02    7.139228E-04
   -6.497962E-01    9.867242E-03    7.708350E-04
   -6.483160E-01    8.598071E-03    8.207740E-04
   -6.468358E-01    7.222344E-03    8.656495E-04
   -6.453557E-01    5.676079E-03    9.001428E-04
   -6.438755E-01    4.074110E-03    9.308325E-04
   -6.423953E-01    2.434933E-03    9.590533E-04
   -6.409151E-01    8.199935E-04    9.889385E-04
   -6.394350E-01   -6.554968E-04    1.026498E-03
   -6.379548E-01   -2.017180E-03    1.068604E-03
   -6.364746E-01   -3.075406E-03    1.117229E-03
   -6.349944E-01   -3.954969E-03    1.166281E-03
   -6.335143E-01   -4.453377E-03    1.209258E-03
   -6.320341E-01   -4.767011E-03    1.246335E-03
   -6.305539E-01   -4.759915E-03    1.269458E-03
   -6.290737E-01   -4.634418E-03    1.287017E-03
   -6.275936E-01   -4.385694E-03    1.301503E-03
   -6.261134E-01   -4.142761E-03    1.320400E-03
   -6.246332E-01   -4.057039E-03    1.362179E-03
   -6.231530E-01   -4.122438E-03    1.422195E-03
   -6.216729E-01   -4.622326E-03    1.529584E-03
   -6.201927E-01   -5.393142E-03    1.663941E-03
   -6.187125E-01   -6.777341E-03    1.853904E-03
   -6.172324E-01   -8.481942E-03    2.070187E-03
   -6.157522E-01   -1.080597E-02    2.332065E-03
   -6.142720E-01   -1.340500E-02    2.611666E-03
   -6.127918E-01   -1.644323E-02    2.914580E-03
   -6.113117E-01   -1.963093E-02    3.222532E-03
   -6.098315E-01   -2.296439E-02    3.527109E-03
   -6.083513E-01   -2.629633E-02    3.823931E-03
   -6.068711E-01   -2.949666E-02    4.095802E-03
   -6.053910E-01   -3.258263E-02    4.352405E-03
   -6.039108E-01   -3.537871E-02    4.577295E-03
   -6.024306E-01   -3.801588E-02    4.788090E-03
   -6.009504E-01   -4.033112E-02    4.977964E-03
   -5.994703E-01   -4.248858E-02    5.161999E-03
   -5.979901E-01   -4.433218E-02    5.344207E-03
   -5.965099E-01   -4.601045E-02    5.529921E-03
   -5.950298E-01   -4.731314E-02    5.729063E-03
   -5.935496E-01   -4.838958E-02    5.936443E-03
   -5.920694E-01   -4.890674E-02    6.159260E-03
   -5.905892E-01   -4.908018E-02    6.386648E-03
   -5.891091E-01   -4.843052E-02    6.611215E-03
   -5.876289E-01   -4.730623E-02    6.825632E-03
   -5.861487E-01   -4.513464E-02    6.997584E-03
   -5.846685E-01   -4.241325E-02    7.136045E-03
   -5.831884E-01   -3.860018E-02    7.184383E-03
   -5.817082E-01   -3.427960E-02    7.179147E-03
   -5.802280E-01   -2.909030E-02    7.060845E-03
   -5.787478E-01   -2.357112E-02    6.890542E-03
   -5.772677E-01   -1.764810E-02    6.641581E-03
   -5.757875E-01   -1.166359E-02    6.373182E-03
   -5.743073E-01   -5.836626E-03    6.114588E-03
   -5.728271E-01   -2.160365E-04    5.885675E-03
   -5.713470E-01    4.782995E-03    5.757814E-03
   -5.698668E-01    9.396753E-03    5.693495E-03
   -5.683866E-01    1.315537E-02    5.761731E-03
   -5.669065E-01    1.647415E-02    5.888140E-03
   -5.654263E-01    1.893698E-02    6.094776E-03
   -5.639461E-01    2.099991E-02    6.315558E-03
   -5.624659E-01    2.233467E-02    6.501781E-03
   -5.609858E-01    2.334135E-02    6.636145E-03
   -5.595056E-01    2.375341E-02    6.595850E-03
   -5.580254E-01    2.389088E-02    6.434062E-03
   -5.565452E-01    2.350765E-02    5.968628E-03
   -5.550651E-01    2.287141E-02    5.327956E-03
   -5.535849E-01    2.173672E-02    4.310499E-03
   -5.521047E-01    2.035693E-02    3.104610E-03
   -5.506245E-01    1.850396E-02    1.551113E-03
   -5.491444E-01    1.643111E-02   -1.475582E-04
   -5.476642E-01    1.397309E-02   -2.058147E-03
   -5.461840E-01    1.136121E-02   -4.030525E-03
   -5.447039E-01    8.539372E-03   -6.041439E-03
   -5.432237E-01    5.668317E-03   -8.037052E-03
   -5.417435E-01    2.814710E-03   -9.957173E-03
   -5.402633E-01    2.446964E-05   -1.183002E-02
   -5.387832E-01   -2.546259E-03   -1.361078E-02
   -5.373030E-01   -4.972418E-03   -1.535313E-02
   -5.358228E-01   -7.065051E-03   -1.703665E-02
   -5.343426E-01   -8.980152E-03   -1.869720E-02
   -5.328625E-01   -1.053534E-02   -2.031535E-02
   -5.313823E-01   -1.191265E-02   -2.190963E-02
   -5.299021E-01   -1.294016E-02   -2.344460E-02
   -5.284219E-01   -1.379427E-02   -2.494215E-02
   -5.269418E-01   -1.430044E-02   -2.634608E-02
   -5.254616E-01   -1.463118E-02   -2.769094E-02
   -5.239814E-01   -1.461089E-02   -2.888300E-02
   -5.225013E-01   -1.441911E-02   -2.997465E-02
   -5.210211E-01   -1.390551E-02   -3.080437E-02
   -5.195409E-01   -1.324948E-02   -3.146897E-02
   -5.180607E-01   -1.236135E-02   -3.173962E-02
   -5.165806E-01   -1.139013E-02   -3.179098E-02
   -5.151004E-01   -1.032731E-02   -3.139131E-02
   -5.136202E-01   -9.257416E-03   -3.077951E-02
   -5.121400E-01   -8.247538E-03   -2.980690E-02
   -5.106599E-01   -7.300094E-03   -2.869794E-02
   -5.091797E-01   -6.527783E-03   -2.740994E-02
   -5.076995E-01   -5.858866E-03   -2.607172E-02
   -5.062193E-01   -5.407503E-03   -2.468062E-02
   -5.047392E-01   -5.059625E-03   -2.326762E-02
   -5.032590E-01   -4.888919E-03   -2.178447E-02
   -5.017788E-01   -4.784727E-03   -2.024188E-02
   -5.002986E-01   -4.761829E-03   -1.852747E-02
   -4.988185E-01   -4.753966E-03   -1.670820E-02
   -4.973383E-01   -4.733619E-03   -1.467229E-02
   -4.958581E-01   -4.693223E-03   -1.254488E-02
   -4.943780E-01   -4.603810E-03   -1.031039E-02
   -4.928978E-01   -4.494791E-03   -8.078183E-03
   -4.914176E-01   -4.371367E-03   -5.984293E-03
   -4.899374E-01   -4.257336E-03   -4.028358E-03
   -4.884573E-01   -4.194721E-03   -2.468627E-03
   -4.869771E-01   -4.168937E-03   -1.148645E-03
   -4.854969E-01   -4.218981E-03   -3.396817E-04
   -4.840167E-01   -4.293658E-03    2.278708E-04
   -4.825366E-01   -4.356001E-03    3.995253E-04
   -4.810564E-01   -4.362041E-03    4.415586E-04
   -4.795762E-01   -4.116153E-03    3.955090E-04
   -4.780960E-01   -3.656968E-03    3.990064E-04
   -4.766159E-01   -2.569281E-03    6.853019E-04
   -4.751357E-01   -1.058973E-03    1.193842E-03
   -4.736555E-01    1.511618E-03    2.270445E-03
   -4.721754E-01    4.709325E-03    3.667044E-03
   -4.706952E-01    9.313861E-03    5.713725E-03
   -4.692150E-01    1.466799E-02    8.057109E-03
   -4.677348E-01    2.153900E-02    1.087264E-02
   -4.662547E-01    2.913628E-02    1.383694E-02
   -4.647745E-01    3.804121E-02    1.689155E-02
   -4.632943E-01    4.749268E-02    1.988556E-02
   -4.618141E-01    5.777280E-02    2.257364E-02
   -4.603340E-01    6.832307E-02    2.504348E-02
   -4.588538E-01    7.912949E-02    2.701803E-02
   -4.573736E-01    8.993757E-02    2.875303E-02
   -4.558934E-01    1.005481E-01    3.008914E-02
   -4.544133E-01    1.109914E-01    3.128691E-02
   -4.529331E-01    1.210287E-01    3.234418E-02
   -4.514529E-01    1.308557E-01    3.339242E-02
   -4.499727E-01    1.402878E-01    3.450845E-02
   -4.484926E-01    1.495459E-01    3.567571E-02
   -4.470124E-01    1.585045E-01    3.692406E-02
   -4.455322E-01    1.673307E-01    3.817725E-02
   -4.440521E-01    1.759047E-01    3.933524E-02
   -4.425719E-01    1.843468E-01    4.038899E-02
   -4.410917E-01    1.924937E-01    4.114193E-02
   -4.396115E-01    2.004714E-01    4.172310E-02
   -4.381314E-01    2.080641E-01    4.198803E-02
   -4.366512E-01    2.154444E-01    4.214702E-02
   -4.351710E-01    2.223727E-01    4.226669E-02
   -4.336908E-01    2.290705E-01    4.247513E-02
   -4.322107E-01    2.353175E-01    4.308837E-02
   -4.307305E-01    2.413540E-01    4.400426E-02
   -4.292503E-01    2.470140E-01    4.566617E-02
   -4.277701E-01    2.525122E-01    4.773006E-02
   -4.262900E-01    2.577382E-01    5.056382E-02
   -4.248098E-01    2.628479E-01    5.372193E-02
   -4.233296E-01    2.677418E-01    5.733659E-02
   -4.218495E-01    2.725222E-01    6.105930E-02
   -4.203693E-01    2.770354E-01    6.473424E-02
   -4.188891E-01    2.813837E-01    6.825325E-02
   -4.174089E-01    2.853307E-01    7.121618E-02
   -4.159288E-01    2.890451E-01    7.379748E-02
   -4.144486E-01    2.922543E-01    7.545972E-02
   -4.129684E-01    2.952094E-01    7.661488E-02
   -4.114882E-01    2.976952E-01    7.672389E-02
   -4.100081E-01    2.999848E-01    7.632177E-02
   -4.085279E-01    3.019853E-01    7.496135E-02
   -4.070477E-01    3.038987E-01    7.316440E-02
   -4.055675E-01    3.057468E-01    7.058719E-02
   -4.040874E-01    3.076087E-01    6.766930E-02
   -4.026072E-01    3.095703E-01    6.418714E-02
   -4.011270E-01    3.116092E-01    6.050063E-02
   -3.996468E-01    3.138517E-01    5.661587E-02
   -3.981667E-01    3.162238E-01    5.276525E-02
   -3.966865E-01    3.189305E-01    4.928558E-02
   -3.952063E-01    3.218543E-01    4.614191E-02
   -3.937262E-01    3.253346E-01    4.392550E-02
   -3.922460E-01    3.291600E-01    4.225870E-02
   -3.907658E-01    3.338036E-01    4.175943E-02
   -3.892856E-01    3.389074E-01    4.182627E-02
   -3.878055E-01    3.449905E-01    4.290210E-02
   -3.863253E-01    3.515653E-01    4.438887E-02
   -3.848451E-01    3.590686E-01    4.647164E-02
   -3.833649E-01    3.669811E-01    4.873125E-02
   -3.818848E-01    3.755577E-01    5.110594E-02
   -3.804046E-01    3.843743E-01    5.343005E-02
   -3.789244E-01    3.934751E-01    5.547700E-02
   -3.774442E-01    4.026239E-01    5.732465E-02
   -3.759641E-01    4.117071E-01    5.871451E-02
   -3.744839E-01    4.206988E-01    5.987601E-02
   -3.730037E-01    4.294489E-01    6.063093E-02
   -3.715236E-01    4.380826E-01    6.122439E-02
   -3.700434E-01    4.465590E-01    6.159931E-02
   -3.685632E-01    4.550229E-01    6.192559E-02
   -3.670830E-01    4.636317E-01    6.229870E-02
   -3.656029E-01    4.724031E-01    6.278392E-02
   -3.641227E-01    4.816636E-01    6.370839E-02
   -3.626425E-01    4.912300E-01    6.497238E-02
   -3.611623E-01    5.014740E-01    6.714399E-02
   -3.596822E-01    5.120597E-01    6.985067E-02
   -3.582020E-01    5.232799E-01    7.366289E-02
   -3.567218E-01    5.347739E-01    7.795701E-02
   -3.552416E-01    5.467079E-01    8.287215E-02
   -3.537615E-01    5.588072E-01    8.783087E-02
   -3.522813E-01    5.711379E-01    9.219410E-02
   -3.508011E-01    5.835430E-01    9.587711E-02
   -3.493209E-01    5.960292E-01    9.743364E-02
   -3.478408E-01    6.085258E-01    9.758673E-02
   -3.463606E-01    6.209782E-01    9.442134E-02
   -3.448804E-01    6.333657E-01    8.946056E-02
   -3.434003E-01    6.455016E-01    8.092256E-02
   -3.419201E-01    6.574246E-01    7.075155E-02
   -3.404399E-01    6.686823E-01    5.789510E-02
   -3.389597E-01    6.794513E-01    4.408880E-02
   -3.374796E-01    6.888590E-01    2.928977E-02
   -3.359994E-01    6.973647E-01    1.446619E-02
   -3.345192E-01    7.035916E-01    5.052900E-04
   -3.330390E-01    7.084457E-01   -1.260695E-02
   -3.315589E-01    7.101452E-01   -2.329339E-02
   -3.300787E-01    7.101201E-01   -3.246814E-02
   -3.285985E-01    7.065186E-01   -3.818361E-02
   -3.271183E-01    7.011696E-01   -4.205095E-02
   -3.256382E-01    6.926398E-01   -4.221658E-02
   -3.241580E-01    6.827925E-01   -4.065011E-02
   -3.226778E-01    6.710611E-01   -3.607778E-02
   -3.211977E-01    6.588386E-01   -3.031410E-02
   -3.197175E-01    6.466118E-01   -2.287789E-02
   -3.182373E-01    6.348646E-01   -1.496488E-02
   -3.167571E-01    6.249284E-01   -6.765852E-03
   -3.152770E-01    6.162231E-01    1.284264E-03
   -3.137968E-01    6.103572E-01    8.544526E-03
   -3.123166E-01    6.059431E-01    1.520826E-02
   -3.108364E-01    6.041817E-01    2.036564E-02
   -3.093563E-01    6.034841E-01    2.466502E-02
   -3.078761E-01    6.041956E-01    2.716522E-02
   -3.063959E-01    6.052093E-01    2.879689E-02
   -3.049157E-01    6.060577E-01    2.889673E-02
   -3.034356E-01    6.065128E-01    2.838756E-02
   -3.019554E-01    6.057987E-01    2.701748E-02
   -3.004752E-01    6.044552E-01    2.537748E-02
   -2.989950E-01    6.020670E-01    2.341485E-02
   -2.975149E-01    5.994008E-01    2.133217E-02
   -2.960347E-01    5.968777E-01    1.897588E-02
   -2.945545E-01    5.948383E-01    1.643902E-02
   -2.930744E-01    5.946214E-01    1.348354E-02
   -2.915942E-01    5.957140E-01    1.034241E-02
   -2.901140E-01    6.000871E-01    7.021335E-03
   -2.886338E-01    6.063358E-01    3.774334E-03
   -2.871537E-01    6.165808E-01    1.091917E-03
   -2.856735E-01    6.288261E-01   -1.090337E-03
   -2.841933E-01    6.448376E-01   -1.880840E-03
   -2.827131E-01    6.625032E-01   -1.821451E-03
   -2.812330E-01    6.828200E-01    1.561006E-04
   -2.797528E-01    7.040518E-01    3.168068E-03
   -2.782726E-01    7.261710E-01    8.366325E-03
   -2.767924E-01    7.482267E-01    1.471415E-02
   -2.753123E-01    7.691277E-01    2.347721E-02
   -2.738321E-01    7.889617E-01    3.349710E-02
   -2.723519E-01    8.057927E-01    4.606519E-02
   -2.708718E-01    8.207711E-01    5.986302E-02
   -2.693916E-01    8.315514E-01    7.585236E-02
   -2.679114E-01    8.401041E-01    9.269608E-02
   -2.664312E-01    8.441845E-01    1.105480E-01
   -2.649511E-01    8.461318E-01    1.284617E-01
   -2.634709E-01    8.442055E-01    1.454966E-01
   -2.619907E-01    8.406075E-01    1.615770E-01
   -2.605105E-01    8.342772E-01    1.747914E-01
   -2.590304E-01    8.268985E-01    1.861787E-01
   -2.575502E-01    8.180319E-01    1.933726E-01
   -2.560700E-01    8.086920E-01    1.983497E-01
   -2.545898E-01    7.988497E-01    1.989627E-01
   -2.531097E-01    7.889215E-01    1.975681E-01
   -2.516295E-01    7.790326E-01    1.927185E-01
   -2.501493E-01    7.692134E-01    1.864806E-01
   -2.486692E-01    7.595400E-01    1.781665E-01
   -2.471890E-01    7.499104E-01    1.691324E-01
   -2.457088E-01    7.402804E-01    1.591721E-01
   -2.442286E-01    7.306112E-01    1.489289E-01
   -2.427485E-01    7.208311E-01    1.383199E-01
   -2.412683E-01    7.110156E-01    1.275531E-01
   -2.397881E-01    7.012547E-01    1.163920E-01
   -2.383079E-01    6.916230E-01    1.049476E-01
   -2.368278E-01    6.825082E-01    9.272236E-02
   -2.353476E-01    6.737883E-01    8.001409E-02
   -2.338674E-01    6.660986E-01    6.626636E-02
   -2.323872E-01    6.590054E-01    5.205774E-02
   -2.309071E-01    6.531575E-01    3.728749E-02
   -2.294269E-01    6.478968E-01    2.253853E-02
   -2.279467E-01    6.436271E-01    8.620595E-03
   -2.264665E-01    6.397224E-01   -4.453698E-03
   -2.249864E-01    6.362612E-01   -1.506694E-02
   -2.235062E-01    6.328943E-01   -2.417848E-02
   -2.220260E-01    6.295430E-01   -3.008451E-02
   -2.205459E-01    6.261707E-01   -3.447543E-02
   -2.190657E-01    6.228224E-01   -3.634002E-02
   -2.175855E-01    6.195719E-01   -3.729424E-02
   -2.161053E-01    6.167587E-01   -3.715871E-02
   -2.146252E-01    6.142977E-01   -3.676573E-02
   -2.131450E-01    6.127931E-01   -3.613680E-02
   -2.116648E-01    6.118728E-01   -3.535098E-02
   -2.101846E-01    6.122852E-01   -3.385124E-02
   -2.087045E-01    6.134267E-01   -3.169378E-02
   -2.072243E-01    6.161285E-01   -2.759442E-02
   -2.057441E-01    6.196557E-01   -2.229234E-02
   -2.042639E-01    6.249099E-01   -1.443871E-02
   -2.027838E-01    6.310481E-01   -5.438869E-03
   -2.013036E-01    6.389248E-01    5.183887E-03
   -1.998234E-01    6.475998E-01    1.611540E-02
   -1.983433E-01    6.575858E-01    2.645791E-02
   -1.968631E-01    6.680069E-01    3.588554E-02
   -1.953829E-01    6.787216E-01    4.237607E-02
   -1.939027E-01    6.892510E-01    4.698167E-02
   -1.924226E-01    6.987270E-01    4.735572E-02
   -1.909424E-01    7.073642E-01    4.559023E-02
   -1.894622E-01    7.138239E-01    3.990459E-02
   -1.879820E-01    7.190296E-01    3.261642E-02
   -1.865019E-01    7.215811E-01    2.311245E-02
   -1.850217E-01    7.228174E-01    1.308025E-02
   -1.835415E-01    7.215840E-01    3.202611E-03
   -1.820613E-01    7.192431E-01   -6.028680E-03
   -1.805812E-01    7.149977E-01   -1.302134E-02
   -1.791010E-01    7.099702E-01   -1.856616E-02
   -1.776208E-01    7.037357E-01   -2.090173E-02
   -1.761406E-01    6.970845E-01   -2.164567E-02
   -1.746605E-01    6.899919E-01   -1.950571E-02
   -1.731803E-01    6.828806E-01   -1.615235E-02
   -1.717001E-01    6.761307E-01   -1.085153E-02
   -1.702200E-01    6.697409E-01   -4.769012E-03
   -1.687398E-01    6.643442E-01    2.653478E-03
   -1.672596E-01    6.595139E-01    1.071189E-02
   -1.657794E-01    6.557832E-01    2.005587E-02
   -1.642993E-01    6.524914E-01    3.003169E-02
   -1.628191E-01    6.496777E-01    4.108871E-02
   -1.613389E-01    6.468369E-01    5.246852E-02
   -1.598587E-01    6.433469E-01    6.377555E-02
   -1.583786E-01    6.392479E-01    7.456987E-02
   -1.568984E-01    6.334763E-01    8.327352E-02
   -1.554182E-01    6.267364E-01    9.042826E-02
   -1.539380E-01    6.180346E-01    9.371862E-02
   -1.524579E-01    6.084644E-01    9.488918E-02
   -1.509777E-01    5.976066E-01    9.191777E-02
   -1.494975E-01    5.864107E-01    8.715621E-02
   -1.480174E-01    5.752257E-01    7.974209E-02
   -1.465372E-01    5.643780E-01    7.156733E-02
   -1.450570E-01    5.547518E-01    6.301934E-02
   -1.435768E-01    5.459139E-01    5.478324E-02
   -1.420967E-01    5.387735E-01    4.790041E-02
   -1.406165E-01    5.324242E-01    4.189933E-02
   -1.391363E-01    5.273420E-01    3.775979E-02
   -1.376561E-01    5.226695E-01    3.446766E-02
   -1.361760E-01    5.183234E-01    3.250606E-02
   -1.346958E-01    5.139139E-01    3.096505E-02
   -1.332156E-01    5.090373E-01    2.972312E-02
   -1.317354E-01    5.038356E-01    2.836883E-02
   -1.302553E-01    4.979712E-01    2.635308E-02
   -1.287751E-01    4.918466E-01    2.386120E-02
   -1.272949E-01    4.854596E-01    2.031040E-02
   -1.258147E-01    4.791019E-01    1.627185E-02
   -1.243346E-01    4.731327E-01    1.150107E-02
   -1.228544E-01    4.675015E-01    6.535138E-03
   -1.213742E-01    4.627524E-01    1.543025E-03
   -1.198941E-01    4.584950E-01   -3.305320E-03
   -1.184139E-01    4.552112E-01   -7.654026E-03
   -1.169337E-01    4.523597E-01   -1.170725E-02
   -1.154535E-01    4.501906E-01   -1.518451E-02
   -1.139734E-01    4.482540E-01   -1.841374E-02
   -1.124932E-01    4.465692E-01   -2.123578E-02
   -1.110130E-01    4.449221E-01   -2.387594E-02
   -1.095328E-01    4.432294E-01   -2.611299E-02
   -1.080527E-01    4.414806E-01   -2.808288E-02
   -1.065725E-01    4.395875E-01   -2.931789E-02
   -1.050923E-01    4.376068E-01   -3.007444E-02
   -1.036121E-01    4.353854E-01   -2.968927E-02
   -1.021320E-01    4.329806E-01   -2.868550E-02
   -1.006518E-01    4.300165E-01   -2.647040E-02
   -9.917163E-02    4.266528E-01   -2.372648E-02
   -9.769145E-02    4.222442E-01   -2.019154E-02
   -9.621128E-02    4.172148E-01   -1.643730E-02
   -9.473110E-02    4.108492E-01   -1.265069E-02
   -9.325093E-02    4.038360E-01   -9.060464E-03
   -9.177076E-02    3.957096E-01   -6.266050E-03
   -9.029058E-02    3.871715E-01   -4.034636E-03
   -8.881041E-02    3.781430E-01   -3.128310E-03
   -8.733024E-02    3.690149E-01   -2.891322E-03
   -8.585006E-02    3.598474E-01   -3.789508E-03
   -8.436989E-02    3.506387E-01   -5.049783E-03
   -8.288972E-02    3.410611E-01   -6.475034E-03
   -8.140954E-02    3.310364E-01   -7.680503E-03
   -7.992937E-02    3.194024E-01   -7.921221E-03
   -7.844920E-02    3.065552E-01   -7.514607E-03
   -7.696902E-02    2.904749E-01   -5.756484E-03
   -7.548885E-02    2.724390E-01   -3.440904E-03
   -7.400868E-02    2.500477E-01   -4.995133E-04
   -7.252850E-02    2.254107E-01    2.429489E-03
   -7.104833E-02    1.964871E-01    4.640506E-03
   -6.956816E-02    1.656873E-01    6.185126E-03
   -6.808798E-02    1.319457E-01    5.960609E-03
   -6.660781E-02    9.723350E-02    4.754247E-03
   -6.512763E-02    6.166784E-02    1.651541E-03
   -6.364746E-02    2.620992E-02   -2.245211E-03
   -6.216729E-02   -8.075019E-03   -7.234417E-03
   -6.068711E-02   -4.138405E-02   -1.246513E-02
   -5.920694E-02   -7.217579E-02   -1.753583E-02
   -5.772677E-02   -1.015334E-01   -2.222571E-02
   -5.624659E-02   -1.278602E-01   -2.565398E-02
   -5.476642E-02   -1.526633E-01   -2.827246E-02
   -5.328625E-02   -1.745024E-01   -2.907498E-02
   -5.180607E-02   -1.949338E-01   -2.895314E-02
   -5.032590E-02   -2.127436E-01   -2.710379E-02
   -4.884573E-02   -2.293599E-01   -2.452064E-02
   -4.736555E-02   -2.438706E-01   -2.085218E-02
   -4.588538E-02   -2.574935E-01   -1.688539E-02
   -4.440521E-02   -2.697117E-01   -1.289895E-02
   -4.292503E-02   -2.814200E-01   -9.223043E-03
   -4.144486E-02   -2.924674E-01   -6.837105E-03
   -3.996468E-02   -3.033277E-01   -5.420330E-03
   -3.848451E-02   -3.139910E-01   -6.509476E-03
   -3.700434E-02   -3.245809E-01   -9.062278E-03
   -3.552416E-02   -3.349603E-01   -1.475695E-02
   -3.404399E-02   -3.451648E-01   -2.200478E-02
   -3.256382E-02   -3.548641E-01   -3.205971E-02
   -3.108364E-02   -3.642573E-01   -4.324956E-02
   -2.960347E-02   -3.730303E-01   -5.600143E-02
   -2.812330E-02   -3.815529E-01   -6.914666E-02
   -2.664312E-02   -3.898169E-01   -8.235764E-02
   -2.516295E-02   -3.981165E-01   -9.532629E-02
   -2.368278E-02   -4.068487E-01   -1.075139E-01
   -2.220260E-02   -4.159605E-01   -1.193036E-01
   -2.072243E-02   -4.260616E-01   -1.305269E-01
   -1.924226E-02   -4.367003E-01   -1.416536E-01
   -1.776208E-02   -4.483289E-01   -1.529644E-01
   -1.628191E-02   -4.603238E-01   -1.644837E-01
   -1.480174E-02   -4.726431E-01   -1.763864E-01
   -1.332156E-02   -4.848673E-01   -1.882984E-01
   -1.184139E-02   -4.963463E-01   -1.995423E-01
   -1.036121E-02   -5.071935E-01   -2.099891E-01
   -8.881041E-03   -5.163816E-01   -2.178162E-01
   -7.400868E-03   -5.246422E-01   -2.238533E-01
   -5.920694E-03   -5.311052E-01   -2.255688E-01
   -4.440521E-03   -5.368308E-01   -2.249171E-01
   -2.960347E-03   -5.416305E-01   -2.194926E-01
   -1.480174E-03   -5.463081E-01   -2.118400E-01
   -1.665335E-16   -5.514238E-01   -2.003296E-01
    1.480174E-03   -5.570271E-01   -1.872806E-01
    2.960347E-03   -5.638725E-01   -1.720159E-01
    4.440521E-03   -5.713007E-01   -1.560719E-01
    5.920694E-03   -5.794733E-01   -1.395644E-01
    7.400868E-03   -5.876723E-01   -1.231232E-01
    8.881041E-03   -5.950923E-01   -1.073919E-01
    1.036121E-02   -6.017149E-01   -9.223812E-02
    1.184139E-02   -6.060860E-01   -7.854564E-02
    1.332156E-02   -6.091311E-01   -6.566846E-02
    1.480174E-02   -6.094123E-01   -5.447051E-02
    1.628191E-02   -6.083842E-01   -4.409343E-02
    1.776208E-02   -6.050558E-01   -3.528475E-02
    1.924226E-02   -6.007710E-01   -2.723404E-02
    2.072243E-02   -5.949288E-01   -2.071512E-02
    2.220260E-02   -5.884337E-01   -1.501548E-02
    2.368278E-02   -5.807488E-01   -1.113878E-02
    2.516295E-02   -5.724629E-01   -8.279494E-03
    2.664312E-02   -5.628730E-01   -7.618037E-03
    2.812330E-02   -5.525616E-01   -8.071519E-03
    2.960347E-02   -5.406865E-01   -1.059250E-02
    3.108364E-02   -5.280019E-01   -1.395642E-02
    3.256382E-02   -5.137424E-01   -1.842929E-02
    3.404399E-02   -4.987782E-01   -2.310543E-02
    3.552416E-02   -4.826983E-01   -2.746089E-02
    3.700434E-02   -4.662678E-01   -3.133456E-02
    3.848451E-02   -4.496482E-01   -3.378080E-02
    3.996468E-02   -4.332179E-01   -3.540175E-02
    4.144486E-02   -4.177315E-01   -3.540809E-02
    4.292503E-02   -4.029658E-01   -3.474169E-02
    4.440521E-02   -3.900063E-01   -3.316987E-02
    4.588538E-02   -3.780430E-01   -3.140903E-02
    4.736555E-02   -3.680601E-01   -2.979779E-02
    4.884573E-02   -3.589698E-01   -2.848825E-02
    5.032590E-02   -3.513310E-01   -2.811340E-02
    5.180607E-02   -3.442128E-01   -2.830022E-02
    5.328625E-02   -3.377147E-01   -2.966089E-02
    5.476642E-02   -3.313356E-01   -3.157425E-02
    5.624659E-02   -3.248783E-01   -3.442866E-02
    5.772677E-02   -3.182558E-01   -3.763337E-02
    5.920694E-02   -3.110955E-01   -4.123730E-02
    6.068711E-02   -3.035704E-01   -4.486719E-02
    6.216729E-02   -2.951208E-01   -4.817689E-02
    6.364746E-02   -2.861090E-01   -5.114398E-02
    6.512763E-02   -2.757913E-01   -5.310874E-02
    6.660781E-02   -2.647581E-01   -5.445905E-02
    6.808798E-02   -2.522700E-01   -5.447686E-02
    6.956816E-02   -2.391086E-01   -5.384404E-02
    7.104833E-02   -2.248490E-01   -5.206255E-02
    7.252850E-02   -2.102230E-01   -4.982644E-02
    7.400868E-02   -1.952980E-01   -4.696360E-02
    7.548885E-02   -1.804443E-01   -4.393089E-02
    7.696902E-02   -1.661251E-01   -4.082741E-02
    7.844920E-02   -1.522261E-01   -3.781192E-02
    7.992937E-02   -1.393773E-01   -3.520420E-02
    8.140954E-02   -1.271186E-01   -3.291237E-02
    8.288972E-02   -1.161225E-01   -3.146500E-02
    8.436989E-02   -1.057927E-01   -3.053173E-02
    8.585006E-02   -9.687721E-02   -3.075455E-02
    8.733024E-02   -8.871897E-02   -3.157807E-02
    8.881041E-02   -8.218237E-02   -3.354914E-02
    9.029058E-02   -7.650109E-02   -3.601625E-02
    9.177076E-02   -7.257215E-02   -3.922865E-02
    9.325093E-02   -6.950412E-02   -4.265298E-02
    9.473110E-02   -6.804143E-02   -4.612179E-02
    9.621128E-02   -6.728043E-02   -4.940089E-02
    9.769145E-02   -6.764975E-02   -5.184338E-02
    9.917163E-02   -6.842467E-02   -5.362884E-02
    1.006518E-01   -6.967538E-02   -5.362345E-02
    1.021320E-01   -7.100184E-02   -5.250088E-02
    1.036121E-01   -7.218540E-02   -4.877935E-02
    1.050923E-01   -7.316798E-02   -4.364290E-02
    1.065725E-01   -7.351700E-02   -3.563430E-02
    1.080527E-01   -7.343910E-02   -2.628366E-02
    1.095328E-01   -7.228290E-02   -1.468261E-02
    1.110130E-01   -7.047100E-02   -2.285382E-03
    1.124932E-01   -6.711970E-02    1.088006E-02
    1.139734E-01   -6.290398E-02    2.397725E-02
    1.154535E-01   -5.685491E-02    3.604759E-02
    1.169337E-01   -4.990283E-02    4.720844E-02
    1.184139E-01   -4.133685E-02    5.591321E-02
    1.198941E-01   -3.214633E-02    6.316055E-02
    1.213742E-01   -2.222287E-02    6.720597E-02
    1.228544E-01   -1.224326E-02    6.958018E-02
    1.243346E-01   -2.813695E-03    6.858845E-02
    1.258147E-01    6.022186E-03    6.594962E-02
    1.272949E-01    1.311939E-02    6.017764E-02
    1.287751E-01    1.913931E-02    5.297001E-02
    1.302553E-01    2.276023E-02    4.327757E-02
    1.317354E-01    2.515668E-02    3.261122E-02
    1.332156E-01    2.525827E-02    2.069714E-02
    1.346958E-01    2.438858E-02    8.583000E-03
    1.361760E-01    2.210244E-02   -2.990066E-03
    1.376561E-01    1.943543E-02   -1.382107E-02
    1.391363E-01    1.672508E-02   -2.233855E-02
    1.406165E-01    1.434490E-02   -2.939844E-02
    1.420967E-01    1.323221E-02   -3.325216E-02
    1.435768E-01    1.297225E-02   -3.552670E-02
    1.450570E-01    1.463440E-02   -3.499440E-02
    1.465372E-01    1.724316E-02   -3.334254E-02
    1.480174E-01    2.147731E-02   -3.012168E-02
    1.494975E-01    2.628850E-02   -2.644947E-02
    1.509777E-01    3.163817E-02   -2.246581E-02
    1.524579E-01    3.691510E-02   -1.857215E-02
    1.539380E-01    4.137938E-02   -1.526340E-02
    1.554182E-01    4.515485E-02   -1.241978E-02
    1.568984E-01    4.716583E-02   -1.080406E-02
    1.583786E-01    4.821779E-02   -9.915434E-03
    1.598587E-01    4.745520E-02   -1.057709E-02
    1.613389E-01    4.595767E-02   -1.196068E-02
    1.628191E-01    4.351900E-02   -1.442926E-02
    1.642993E-01    4.092051E-02   -1.713819E-02
    1.657794E-01    3.860716E-02   -1.955814E-02
    1.672596E-01    3.667825E-02   -2.143612E-02
    1.687398E-01    3.580585E-02   -2.157179E-02
    1.702200E-01    3.549439E-02   -2.064183E-02
    1.717001E-01    3.617769E-02   -1.752376E-02
    1.731803E-01    3.723822E-02   -1.343803E-02
    1.746605E-01    3.880747E-02   -7.889937E-03
    1.761406E-01    4.055933E-02   -1.898619E-03
    1.776208E-01    4.271350E-02    4.401955E-03
    1.791010E-01    4.519180E-02    1.059797E-02
    1.805812E-01    4.874494E-02    1.614278E-02
    1.820613E-01    5.310084E-02    2.117618E-02
    1.835415E-01    5.959341E-02    2.488063E-02
    1.850217E-01    6.736807E-02    2.780507E-02
    1.865019E-01    7.795049E-02    2.903449E-02
    1.879820E-01    8.994652E-02    2.940541E-02
    1.894622E-01    1.045697E-01    2.814918E-02
    1.909424E-01    1.203183E-01    2.616928E-02
    1.924226E-01    1.378321E-01    2.298074E-02
    1.939027E-01    1.559691E-01    1.932439E-02
    1.953829E-01    1.748670E-01    1.503032E-02
    1.968631E-01    1.939427E-01    1.057888E-02
    1.983433E-01    2.130689E-01    6.153310E-03
    1.998234E-01    2.321140E-01    1.903712E-03
    2.013036E-01    2.508464E-01   -1.741573E-03
    2.027838E-01    2.693548E-01   -5.030751E-03
    2.042639E-01    2.872446E-01   -7.698604E-03
    2.057441E-01    3.047008E-01   -1.020614E-02
    2.072243E-01    3.209390E-01   -1.285988E-02
    2.087045E-01    3.363439E-01   -1.585838E-02
    2.101846E-01    3.495703E-01   -2.005518E-02
    2.116648E-01    3.614506E-01   -2.503629E-02
    2.131450E-01    3.702015E-01   -3.174338E-02
    2.146252E-01    3.772474E-01   -3.926837E-02
    2.161053E-01    3.808244E-01   -4.809745E-02
    2.175855E-01    3.827660E-01   -5.731220E-02
    2.190657E-01    3.818901E-01   -6.663139E-02
    2.205459E-01    3.799389E-01   -7.564335E-02
    2.220260E-01    3.766451E-01   -8.335384E-02
    2.235062E-01    3.731103E-01   -9.012100E-02
    2.249864E-01    3.699168E-01   -9.456089E-02
    2.264665E-01    3.672502E-01   -9.769400E-02
    2.279467E-01    3.661887E-01   -9.806335E-02
    2.294269E-01    3.661147E-01   -9.702808E-02
    2.309071E-01    3.682102E-01   -9.321468E-02
    2.323872E-01    3.714129E-01   -8.805963E-02
    2.338674E-01    3.767667E-01   -8.038393E-02
    2.353476E-01    3.831331E-01   -7.156985E-02
    2.368278E-01    3.913847E-01   -6.081615E-02
    2.383079E-01    4.005215E-01   -4.930914E-02
    2.397881E-01    4.113669E-01   -3.681617E-02
    2.412683E-01    4.230646E-01   -2.412657E-02
    2.427485E-01    4.365001E-01   -1.168876E-02
    2.442286E-01    4.508163E-01    2.865203E-04
    2.457088E-01    4.668429E-01    1.066800E-02
    2.471890E-01    4.836281E-01    1.994362E-02
    2.486692E-01    5.015440E-01    2.650051E-02
    2.501493E-01    5.197271E-01    3.153241E-02
    2.516295E-01    5.376687E-01    3.341327E-02
    2.531097E-01    5.550493E-01    3.379715E-02
    2.545898E-01    5.704321E-01    3.159080E-02
    2.560700E-01    5.844404E-01    2.838778E-02
    2.575502E-01    5.951813E-01    2.389423E-02
    2.590304E-01    6.041797E-01    1.910758E-02
    2.605105E-01    6.097959E-01    1.434054E-02
    2.619907E-01    6.139130E-01    9.799807E-03
    2.634709E-01    6.156139E-01    5.939397E-03
    2.649511E-01    6.164392E-01    2.438327E-03
    2.664312E-01    6.161424E-01   -4.370027E-04
    2.679114E-01    6.155302E-01   -3.069911E-03
    2.693916E-01    6.145751E-01   -5.322736E-03
    2.708718E-01    6.134816E-01   -7.389333E-03
    2.723519E-01    6.119818E-01   -8.971791E-03
    2.738321E-01    6.101472E-01   -1.020731E-02
    2.753123E-01    6.073270E-01   -1.049790E-02
    2.767924E-01    6.038681E-01   -1.020809E-02
    2.782726E-01    5.989211E-01   -8.654050E-03
    2.797528E-01    5.931765E-01   -6.501504E-03
    2.812330E-01    5.858157E-01   -3.412111E-03
    2.827131E-01    5.776543E-01   -6.845784E-05
    2.841933E-01    5.678750E-01    3.259635E-03
    2.856735E-01    5.572299E-01    6.324387E-03
    2.871537E-01    5.446007E-01    8.484032E-03
    2.886338E-01    5.307830E-01    1.011646E-02
    2.901140E-01    5.140954E-01    1.081610E-02
    2.915942E-01    4.957139E-01    1.123068E-02
    2.930744E-01    4.734930E-01    1.157888E-02
    2.945545E-01    4.492036E-01    1.214355E-02
    2.960347E-01    4.206969E-01    1.348290E-02
    2.975149E-01    3.901656E-01    1.524213E-02
    2.989950E-01    3.559994E-01    1.757748E-02
    3.004752E-01    3.203320E-01    1.991979E-02
    3.019554E-01    2.824703E-01    2.152342E-02
    3.034356E-01    2.439800E-01    2.236670E-02
    3.049157E-01    2.052523E-01    2.105306E-02
    3.063959E-01    1.669348E-01    1.848978E-02
    3.078761E-01    1.304857E-01    1.346650E-02
    3.093563E-01    9.546304E-02    7.428829E-03
    3.108364E-01    6.415056E-02    1.196229E-04
    3.123166E-01    3.502342E-02   -7.345090E-03
    3.137968E-01    1.066215E-02   -1.411012E-02
    3.152770E-01   -1.127882E-02   -2.007184E-02
    3.167571E-01   -2.865320E-02   -2.375150E-02
    3.182373E-01   -4.405081E-02   -2.610858E-02
    3.197175E-01   -5.639395E-02   -2.579059E-02
    3.211977E-01   -6.775605E-02   -2.426747E-02
    3.226778E-01   -7.832198E-02   -2.080955E-02
    3.241580E-01   -8.904565E-02   -1.667561E-02
    3.256382E-01   -1.010284E-01   -1.178632E-02
    3.271183E-01   -1.139889E-01   -6.793985E-03
    3.285985E-01   -1.293209E-01   -2.072355E-03
    3.300787E-01   -1.459148E-01    2.312704E-03
    3.315589E-01   -1.649732E-01    5.697588E-03
    3.330390E-01   -1.851621E-01    8.465427E-03
    3.345192E-01   -2.073165E-01    9.895168E-03
    3.359994E-01   -2.302666E-01    1.068927E-02
    3.374796E-01   -2.543165E-01    1.047127E-02
    3.389597E-01   -2.785701E-01    9.963506E-03
    3.404399E-01   -3.022380E-01    9.415680E-03
    3.419201E-01   -3.249301E-01    9.119475E-03
    3.434003E-01   -3.439309E-01    9.758627E-03
    3.448804E-01   -3.600787E-01    1.097844E-02
    3.463606E-01   -3.684330E-01    1.333129E-02
    3.478408E-01   -3.719471E-01    1.611583E-02
    3.493209E-01   -3.643880E-01    1.932342E-02
    3.508011E-01   -3.509670E-01    2.249052E-02
    3.522813E-01   -3.260629E-01    2.512051E-02
    3.537615E-01   -2.959933E-01    2.732088E-02
    3.552416E-01   -2.575432E-01    2.851580E-02
    3.567218E-01   -2.161678E-01    2.922183E-02
    3.582020E-01   -1.717694E-01    2.911960E-02
    3.596822E-01   -1.272724E-01    2.874653E-02
    3.611623E-01   -8.513166E-02    2.815126E-02
    3.626425E-01   -4.520441E-02    2.761053E-02
    3.641227E-01   -1.115933E-02    2.748199E-02
    3.656029E-01    1.954988E-02    2.767754E-02
    3.670830E-01    4.343604E-02    2.865803E-02
    3.685632E-01    6.410888E-02    3.004130E-02
    3.700434E-01    7.916158E-02    3.213624E-02
    3.715236E-01    9.192954E-02    3.449067E-02
    3.730037E-01    1.012478E-01    3.709060E-02
    3.744839E-01    1.093530E-01    3.964249E-02
    3.759641E-01    1.158227E-01    4.169816E-02
    3.774442E-01    1.217082E-01    4.328602E-02
    3.789244E-01    1.265386E-01    4.350251E-02
    3.804046E-01    1.307386E-01    4.285106E-02
    3.818848E-01    1.332462E-01    4.024776E-02
    3.833649E-01    1.346454E-01    3.666448E-02
    3.848451E-01    1.333570E-01    3.133639E-02
    3.863253E-01    1.305797E-01    2.533542E-02
    3.878055E-01    1.247998E-01    1.848919E-02
    3.892856E-01    1.176520E-01    1.147169E-02
    3.907658E-01    1.082919E-01    4.531152E-03
    3.922460E-01    9.817303E-02   -2.227873E-03
    3.937262E-01    8.728338E-02   -8.479630E-03
    3.952063E-01    7.634377E-02   -1.446413E-02
    3.966865E-01    6.578690E-02   -1.996098E-02
    3.981667E-01    5.553230E-02   -2.525196E-02
    3.996468E-01    4.582733E-02   -3.019996E-02
    4.011270E-01    3.625478E-02   -3.499575E-02
    4.026072E-01    2.653467E-02   -3.948491E-02
    4.040874E-01    1.653906E-02   -4.379941E-02
    4.055675E-01    5.738565E-03   -4.769045E-02
    4.070477E-01   -5.460483E-03   -5.132541E-02
    4.085279E-01   -1.712862E-02   -5.436947E-02
    4.100081E-01   -2.871053E-02   -5.709826E-02
    4.114882E-01   -3.923309E-02   -5.922559E-02
    4.129684E-01   -4.871530E-02   -6.111358E-02
    4.144486E-01   -5.508571E-02   -6.275046E-02
    4.159288E-01   -5.943422E-02   -6.442192E-02
    4.174089E-01   -5.897272E-02   -6.653093E-02
    4.188891E-01   -5.581182E-02   -6.902544E-02
    4.203693E-01   -4.680043E-02   -7.247613E-02
    4.218495E-01   -3.467062E-02   -7.636115E-02
    4.233296E-01   -1.591395E-02   -8.065625E-02
    4.248098E-01    6.367215E-03   -8.472683E-02
    4.262900E-01    3.611089E-02   -8.715975E-02
    4.277701E-01    6.972915E-02   -8.810515E-02
    4.292503E-01    1.110804E-01   -8.485875E-02
    4.307305E-01    1.560445E-01   -7.912298E-02
    4.322107E-01    2.070941E-01   -6.833508E-02
    4.336908E-01    2.602803E-01   -5.543626E-02
    4.351710E-01    3.153475E-01   -4.008874E-02
    4.366512E-01    3.699801E-01   -2.480107E-02
    4.381314E-01    4.209436E-01   -1.265418E-02
    4.396115E-01    4.688116E-01   -3.561977E-03
    4.410917E-01    5.085199E-01   -2.900210E-03
    4.425719E-01    5.435228E-01   -7.003823E-03
    4.440521E-01    5.686147E-01   -2.009764E-02
    4.455322E-01    5.888340E-01   -3.652360E-02
    4.470124E-01    5.999792E-01   -5.571307E-02
    4.484926E-01    6.070837E-01   -7.382979E-02
    4.499727E-01    6.072545E-01   -8.471578E-02
    4.514529E-01    6.045439E-01   -8.981775E-02
    4.529331E-01    5.971632E-01   -8.056308E-02
    4.544133E-01    5.879101E-01   -6.375006E-02
    4.558934E-01    5.755823E-01   -3.313152E-02
    4.573736E-01    5.618833E-01    2.896685E-03
    4.588538E-01    5.453795E-01    4.580169E-02
    4.603340E-01    5.272416E-01    9.011964E-02
    4.618141E-01    5.050318E-01    1.338713E-01
    4.632943E-01    4.802758E-01    1.762321E-01
    4.647745E-01    4.493493E-01    2.149528E-01
    4.662547E-01    4.148529E-01    2.520264E-01
    4.677348E-01    3.724990E-01    2.869452E-01
    4.692150E-01    3.260379E-01    3.214819E-01
    4.706952E-01    2.714409E-01    3.563535E-01
    4.721754E-01    2.130566E-01    3.915817E-01
    4.736555E-01    1.481582E-01    4.269292E-01
    4.751357E-01    8.077262E-02    4.615258E-01
    4.766159E-01    1.036160E-02    4.920957E-01
    4.780960E-01   -6.044512E-02    5.190685E-01
    4.795762E-01   -1.296888E-01    5.354099E-01
    4.810564E-01   -1.970024E-01    5.448075E-01
    4.825366E-01   -2.583729E-01    5.377366E-01
    4.840167E-01   -3.158910E-01    5.217155E-01
    4.854969E-01   -3.643151E-01    4.878763E-01
    4.869771E-01   -4.076868E-01    4.460087E-01
    4.884573E-01   -4.403042E-01    3.914252E-01
    4.899374E-01   -4.673933E-01    3.327646E-01
    4.914176E-01   -4.834664E-01    2.711749E-01
    4.928978E-01   -4.942250E-01    2.107443E-01
    4.943780E-01   -4.950734E-01    1.572948E-01
    4.958581E-01   -4.914667E-01    1.091336E-01
    4.973383E-01   -4.801275E-01    7.377611E-02
    4.988185E-01   -4.655238E-01    4.519457E-02
    5.002986E-01   -4.454511E-01    2.950881E-02
    5.017788E-01   -4.230283E-01    1.935540E-02
    5.032590E-01   -3.963047E-01    1.760510E-02
    5.047392E-01   -3.674566E-01    1.851247E-02
    5.062193E-01   -3.341934E-01    2.161905E-02
    5.076995E-01   -2.986377E-01    2.441630E-02
    5.091797E-01   -2.585720E-01    2.428519E-02
    5.106599E-01   -2.165239E-01    2.183109E-02
    5.121400E-01   -1.716756E-01    1.359111E-02
    5.136202E-01   -1.263382E-01    2.147835E-03
    5.151004E-01   -8.242424E-02   -1.584931E-02
    5.165806E-01   -4.062472E-02   -3.696016E-02
    5.180607E-01   -6.019781E-03   -6.345461E-02
    5.195409E-01    2.356279E-02   -9.193560E-02
    5.210211E-01    4.064456E-02   -1.224163E-01
    5.225013E-01    5.057403E-02   -1.526843E-01
    5.239814E-01    4.526439E-02   -1.798918E-01
    5.254616E-01    3.237974E-02   -2.043249E-01
    5.269418E-01    5.523077E-03   -2.212696E-01
    5.284219E-01   -2.721027E-02   -2.339495E-01
    5.299021E-01   -6.861494E-02   -2.381478E-01
    5.313823E-01   -1.125340E-01   -2.386561E-01
    5.328625E-01   -1.576756E-01   -2.336653E-01
    5.343426E-01   -2.016608E-01   -2.270323E-01
    5.358228E-01   -2.404672E-01   -2.191662E-01
    5.373030E-01   -2.757297E-01   -2.114206E-01
    5.387832E-01   -3.030796E-01   -2.045815E-01
    5.402633E-01   -3.265756E-01   -1.981208E-01
    5.417435E-01   -3.433899E-01   -1.916348E-01
    5.432237E-01   -3.576353E-01   -1.845779E-01
    5.447039E-01   -3.684820E-01   -1.752443E-01
    5.461840E-01   -3.784586E-01   -1.643216E-01
    5.476642E-01   -3.880895E-01   -1.496938E-01
    5.491444E-01   -3.980686E-01   -1.331504E-01
    5.506245E-01   -4.094235E-01   -1.129915E-01
    5.521047E-01   -4.216431E-01   -9.126287E-02
    5.535849E-01   -4.356799E-01   -6.707988E-02
    5.550651E-01   -4.505722E-01   -4.212506E-02
    5.565452E-01   -4.669584E-01   -1.682738E-02
    5.580254E-01   -4.839741E-01    7.871438E-03
    5.595056E-01   -5.020815E-01    2.954268E-02
    5.609858E-01   -5.207101E-01    4.874612E-02
    5.624659E-01   -5.404362E-01    6.138997E-02
    5.639461E-01   -5.607449E-01    7.029291E-02
    5.654263E-01   -5.821511E-01    7.181508E-02
    5.669065E-01   -6.039268E-01    7.025025E-02
    5.683866E-01   -6.256951E-01    6.460430E-02
    5.698668E-01   -6.469004E-01    5.817352E-02
    5.713470E-01   -6.656352E-01    5.254159E-02
    5.728271E-01   -6.824736E-01    4.818624E-02
    5.743073E-01   -6.944994E-01    4.727565E-02
    5.757875E-01   -7.038751E-01    4.810340E-02
    5.772677E-01   -7.081033E-01    5.176362E-02
    5.787478E-01   -7.101314E-01    5.630421E-02
    5.802280E-01   -7.089213E-01    6.132872E-02
    5.817082E-01   -7.067509E-01    6.593943E-02
    5.831884E-01   -7.038697E-01    6.853065E-02
    5.846685E-01   -7.010839E-01    6.967022E-02
    5.861487E-01   -6.989805E-01    6.756717E-02
    5.876289E-01   -6.972583E-01    6.406349E-02
    5.891091E-01   -6.960382E-01    5.912131E-02
    5.905892E-01   -6.948190E-01    5.457755E-02
    5.920694E-01   -6.929557E-01    5.365900E-02
    5.935496E-01   -6.904087E-01    5.602822E-02
    5.950298E-01   -6.857331E-01    6.749200E-02
    5.965099E-01   -6.796074E-01    8.429729E-02
    5.979901E-01   -6.698325E-01    1.121074E-01
    5.994703E-01   -6.578968E-01    1.448864E-01
    6.009504E-01   -6.411229E-01    1.852323E-01
    6.024306E-01   -6.217954E-01    2.276537E-01
    6.039108E-01   -5.974221E-01    2.701625E-01
    6.053910E-01   -5.707444E-01    3.106172E-01
    6.068711E-01   -5.402562E-01    3.432356E-01
    6.083513E-01   -5.084019E-01    3.706090E-01
    6.098315E-01   -4.750382E-01    3.864058E-01
    6.113117E-01   -4.415247E-01    3.967664E-01
    6.127918E-01   -4.087705E-01    3.985968E-01
    6.142720E-01   -3.768088E-01    3.978742E-01
    6.157522E-01   -3.470190E-01    3.956991E-01
    6.172324E-01   -3.185233E-01    3.942665E-01
    6.187125E-01   -2.929809E-01    3.957583E-01
    6.201927E-01   -2.691378E-01    3.984884E-01
    6.216729E-01   -2.493258E-01    4.014812E-01
    6.231530E-01   -2.319647E-01    4.029164E-01
    6.246332E-01   -2.205851E-01    3.975947E-01
    6.261134E-01   -2.127856E-01    3.873982E-01
    6.275936E-01   -2.132347E-01    3.657567E-01
    6.290737E-01   -2.181871E-01    3.382940E-01
    6.305539E-01   -2.323220E-01    3.002377E-01
    6.320341E-01   -2.507399E-01    2.577547E-01
    6.335143E-01   -2.762123E-01    2.082413E-01
    6.349944E-01   -3.040345E-01    1.559510E-01
    6.364746E-01   -3.335909E-01    9.913130E-02
    6.379548E-01   -3.624227E-01    4.044219E-02
    6.394350E-01   -3.868918E-01   -2.101446E-02
    6.409151E-01   -4.080974E-01   -8.307516E-02
    6.423953E-01   -4.217256E-01   -1.439957E-01
    6.438755E-01   -4.316763E-01   -2.028368E-01
    6.453557E-01   -4.356800E-01   -2.542433E-01
    6.468358E-01   -4.378479E-01   -3.004428E-01
    6.483160E-01   -4.390126E-01   -3.340308E-01
    6.497962E-01   -4.409435E-01   -3.607326E-01
    6.512763E-01   -4.463458E-01   -3.735198E-01
    6.527565E-01   -4.540009E-01   -3.796830E-01
    6.542367E-01   -4.661871E-01   -3.738152E-01
    6.557169E-01   -4.801955E-01   -3.627156E-01
    6.571970E-01   -4.963038E-01   -3.429663E-01
    6.586772E-01   -5.125273E-01   -3.198978E-01
    6.601574E-01   -5.271225E-01   -2.923484E-01
    6.616376E-01   -5.401151E-01   -2.636627E-01
    6.631177E-01   -5.487781E-01   -2.348274E-01
    6.645979E-01   -5.549701E-01   -2.068628E-01
    6.660781E-01   -5.560834E-01   -1.821828E-01
    6.675583E-01   -5.547747E-01   -1.597180E-01
    6.690384E-01   -5.490870E-01   -1.424517E-01
    6.705186E-01   -5.414864E-01   -1.280073E-01
    6.719988E-01   -5.305803E-01   -1.193473E-01
    6.734789E-01   -5.182249E-01   -1.134538E-01
    6.749591E-01   -5.032301E-01   -1.122562E-01
    6.764393E-01   -4.869771E-01   -1.125887E-01
    6.779195E-01   -4.682403E-01   -1.134704E-01
    6.793996E-01   -4.482676E-01   -1.130267E-01
    6.808798E-01   -4.258912E-01   -1.065121E-01
    6.823600E-01   -4.024080E-01   -9.545708E-02
    6.838402E-01   -3.770629E-01   -7.331629E-02
    6.853203E-01   -3.510424E-01   -4.532452E-02
    6.868005E-01   -3.242951E-01   -6.494718E-03
    6.882807E-01   -2.975139E-01    3.667164E-02
    6.897609E-01   -2.712718E-01    8.541687E-02
    6.912410E-01   -2.455467E-01    1.351763E-01
    6.927212E-01   -2.212257E-01    1.834450E-01
    6.942014E-01   -1.977485E-01    2.294312E-01
    6.956816E-01   -1.762282E-01    2.684843E-01
    6.971617E-01   -1.558480E-01    3.032755E-01
    6.986419E-01   -1.381596E-01    3.286395E-01
    7.001221E-01   -1.220570E-01    3.491019E-01
    7.016022E-01   -1.096018E-01    3.597837E-01
    7.030824E-01   -9.915366E-02    3.657581E-01
    7.045626E-01   -9.286483E-02    3.630154E-01
    7.060428E-01   -8.856953E-02    3.564050E-01
    7.075229E-01   -8.771631E-02    3.431887E-01
    7.090031E-01   -8.812848E-02    3.272013E-01
    7.104833E-01   -8.988137E-02    3.064651E-01
    7.119635E-01   -9.165845E-02    2.835661E-01
    7.134436E-01   -9.233700E-02    2.564577E-01
    7.149238E-01   -9.209981E-02    2.272576E-01
    7.164040E-01   -8.992604E-02    1.941020E-01
    7.178842E-01   -8.708683E-02    1.593201E-01
    7.193643E-01   -8.414033E-02    1.226247E-01
    7.208445E-01   -8.193165E-02    8.595615E-02
    7.223247E-01   -8.278274E-02    5.174151E-02
    7.238048E-01   -8.577724E-02    1.999159E-02
    7.252850E-01   -9.366679E-02   -4.727842E-03
    7.267652E-01   -1.039462E-01   -2.528704E-02
    7.282454E-01   -1.182245E-01   -3.734848E-02
    7.297255E-01   -1.338699E-01   -4.566370E-02
    7.312057E-01   -1.507352E-01   -4.847785E-02
    7.326859E-01   -1.674390E-01   -4.982370E-02
    7.341661E-01   -1.824086E-01   -5.086005E-02
    7.356462E-01   -1.959148E-01   -5.285524E-02
    7.371264E-01   -2.055504E-01   -5.829331E-02
    7.386066E-01   -2.129042E-01   -6.581358E-02
    7.400868E-01   -2.152535E-01   -7.748016E-02
    7.415669E-01   -2.150093E-01   -9.091629E-02
    7.430471E-01   -2.096573E-01   -1.068530E-01
    7.445273E-01   -2.019133E-01   -1.233654E-01
    7.460075E-01   -1.899067E-01   -1.394528E-01
    7.474876E-01   -1.760934E-01   -1.544624E-01
    7.489678E-01   -1.593726E-01   -1.655220E-01
    7.504480E-01   -1.415532E-01   -1.737394E-01
    7.519281E-01   -1.222253E-01   -1.747464E-01
    7.534083E-01   -1.024703E-01   -1.715678E-01
    7.548885E-01   -8.246145E-02   -1.593680E-01
    7.563687E-01   -6.257542E-02   -1.426473E-01
    7.578488E-01   -4.326770E-02   -1.175633E-01
    7.593290E-01   -2.430225E-02   -8.898496E-02
    7.608092E-01   -5.888344E-03   -5.538863E-02
    7.622894E-01    1.240438E-02   -2.046652E-02
    7.637695E-01    3.080238E-02    1.462052E-02
    7.652497E-01    4.935874E-02    4.863219E-02
    7.667299E-01    6.815852E-02    7.858452E-02
    7.682101E-01    8.687113E-02    1.058203E-01
    7.696902E-01    1.047101E-01    1.267887E-01
    7.711704E-01    1.217089E-01    1.444308E-01
    7.726506E-01    1.363421E-01    1.553533E-01
    7.741307E-01    1.496139E-01    1.629811E-01
    7.756109E-01    1.602465E-01    1.642673E-01
    7.770911E-01    1.698143E-01    1.625517E-01
    7.785713E-01    1.780561E-01    1.552763E-01
    7.800514E-01    1.860847E-01    1.455208E-01
    7.815316E-01    1.944808E-01    1.316320E-01
    7.830118E-01    2.033296E-01    1.162402E-01
    7.844920E-01    2.132949E-01    9.930668E-02
    7.859721E-01    2.237652E-01    8.248188E-02
    7.874523E-01    2.348872E-01    6.777177E-02
    7.889325E-01    2.460777E-01    5.500577E-02
    7.904127E-01    2.568300E-01    4.747015E-02
    7.918928E-01    2.670814E-01    4.287797E-02
    7.933730E-01    2.758161E-01    4.403599E-02
    7.948532E-01    2.835596E-01    4.764509E-02
    7.963334E-01    2.888795E-01    5.483537E-02
    7.978135E-01    2.927659E-01    6.307124E-02
    7.992937E-01    2.933350E-01    7.200804E-02
    8.007739E-01    2.920341E-01    8.073528E-02
    8.022540E-01    2.866687E-01    8.825896E-02
    8.037342E-01    2.792004E-01    9.495288E-02
    8.052144E-01    2.676334E-01    9.981103E-02
    8.066946E-01    2.542043E-01    1.037631E-01
    8.081747E-01    2.376537E-01    1.060140E-01
    8.096549E-01    2.199143E-01    1.074468E-01
    8.111351E-01    2.005805E-01    1.071590E-01
    8.126153E-01    1.808179E-01    1.058847E-01
    8.140954E-01    1.608430E-01    1.023166E-01
    8.155756E-01    1.410379E-01    9.749693E-02
    8.170558E-01    1.220578E-01    9.024952E-02
    8.185360E-01    1.037135E-01    8.200575E-02
    8.200161E-01    8.705852E-02    7.250028E-02
    8.214963E-01    7.143433E-02    6.279283E-02
    8.229765E-01    5.816241E-02    5.347351E-02
    8.244566E-01    4.615192E-02    4.464258E-02
    8.259368E-01    3.669169E-02    3.712516E-02
    8.274170E-01    2.844952E-02    3.032102E-02
    8.288972E-01    2.241307E-02    2.490157E-02
    8.303773E-01    1.732643E-02    2.011106E-02
    8.318575E-01    1.380247E-02    1.641864E-02
    8.333377E-01    1.089541E-02    1.319491E-02
    8.348179E-01    8.928668E-03    1.076112E-02
    8.362980E-01    7.310194E-03    8.657290E-03
    8.377782E-01    6.197953E-03    7.099396E-03
    8.392584E-01    5.268362E-03    5.764267E-03
    8.407386E-01    4.604170E-03    4.786144E-03
    8.422187E-01    4.038359E-03    3.947917E-03
    8.436989E-01    3.622394E-03    3.324295E-03
    8.451791E-01    3.264925E-03    2.781779E-03
    8.466592E-01    2.999978E-03    2.361895E-03
    8.481394E-01    2.771413E-03    1.989500E-03
    8.496196E-01    2.598886E-03    1.694114E-03
    8.510998E-01    2.447269E-03    1.431489E-03
    8.525799E-01    2.325829E-03    1.226259E-03
    8.540601E-01    2.215116E-03    1.046119E-03
    8.555403E-01    2.120155E-03    9.084844E-04
    8.570205E-01    2.031537E-03    7.879269E-04
    8.585006E-01    1.954346E-03    6.932637E-04
    8.599808E-01    1.882682E-03    6.079460E-04
    8.614610E-01    1.821693E-03    5.360315E-04
    8.629412E-01    1.765581E-03    4.693479E-04
    8.644213E-01    1.717606E-03    4.121747E-04
    8.659015E-01    1.672647E-03    3.598440E-04
    8.673817E-01    1.631633E-03    3.175018E-04
    8.688619E-01    1.591806E-03    2.800199E-04
    8.703420E-01    1.553625E-03    2.510900E-04
    8.718222E-01    1.516293E-03    2.254638E-04
    8.733024E-01    1.481237E-03    2.042557E-04
    8.747825E-01    1.447654E-03    1.843380E-04
    8.762627E-01    1.417401E-03    1.659353E-04
    8.777429E-01    1.388733E-03    1.481931E-04
    8.792231E-01    1.362592E-03    1.322317E-04
    8.807032E-01    1.337256E-03    1.175098E-04
    8.821834E-01    1.312692E-03    1.057556E-04
    8.836636E-01    1.288285E-03    9.549446E-05
    8.851438E-01    1.264185E-03    8.770843E-05
    8.866239E-01    1.240424E-03    8.072439E-05
    8.881041E-01    1.217890E-03    7.445944E-05
    8.895843E-01    1.196183E-03    6.825068E-05
    8.910645E-01    1.176238E-03    6.198333E-05
    8.925446E-01    1.157051E-03    5.581193E-05
    8.940248E-01    1.138886E-03    5.029706E-05
    8.955050E-01    1.120965E-03    4.531892E-05
    8.969851E-01    1.103173E-03    4.159700E-05
    8.984653E-01    1.085411E-03    3.844097E-05
    8.999455E-01    1.067918E-03    3.602918E-05
    9.014257E-01    1.050745E-03    3.375003E-05
    9.029058E-01    1.034547E-03    3.136497E-05
    9.043860E-01    1.018908E-03    2.885183E-05
    9.058662E-01    1.004267E-03    2.619231E-05
    9.073464E-01    9.899692E-04    2.360371E-05
    9.088265E-01    9.760033E-04    2.145404E-05
    9.103067E-01    9.620754E-04    1.961549E-05
    9.117869E-01    9.481616E-04    1.840182E-05
    9.132671E-01    9.343263E-04    1.740718E-05
    9.147472E-01    9.209156E-04    1.656786E-05
    9.162274E-01    9.078407E-04    1.567788E-05
    9.177076E-01    8.955608E-04    1.456391E-05
    9.191878E-01    8.836457E-04    1.335804E-05
    9.206679E-01    8.722506E-04    1.213802E-05
    9.221481E-01    8.609865E-04    1.101585E-05
    9.236283E-01    8.497708E-04    1.023196E-05
    9.251084E-01    8.385530E-04    9.630636E-06
    9.265886E-01    8.274379E-04    9.294245E-06
    9.280688E-01    8.164687E-04    9.004143E-06
    9.295490E-01    8.059892E-04    8.649614E-06
    9.310291E-01    7.958040E-04    8.217776E-06
    9.325093E-01    7.861571E-04    7.638640E-06
    9.339895E-01    7.766993E-04    7.036081E-06
    9.354697E-01    7.674199E-04    6.514423E-06
    9.369498E-01    7.581544E-04    6.086137E-06
    9.384300E-01    7.488878E-04    5.874077E-06
    9.399102E-01    7.396629E-04    5.739500E-06
    9.413904E-01    7.306731E-04    5.646548E-06
    9.428705E-01    7.218739E-04    5.513448E-06
    9.443507E-01    7.135198E-04    5.232596E-06
    9.458309E-01    7.053679E-04    4.880287E-06
    9.473110E-01    6.974902E-04    4.458456E-06
    9.487912E-01    6.896663E-04    4.053897E-06
    9.502714E-01    6.818394E-04    3.769174E-06
    9.517516E-01    6.740039E-04    3.562293E-06
    9.532317E-01    6.662330E-04    3.481612E-06
    9.547119E-01    6.585612E-04    3.429105E-06
    9.561921E-01    6.512036E-04    3.351690E-06
    9.576723E-01    6.440244E-04    3.235442E-06
    9.591524E-01    6.371620E-04    3.036285E-06
    9.606326E-01    6.304036E-04    2.818367E-06
    9.621128E-01    6.237213E-04    2.624154E-06
    9.635930E-01    6.170395E-04    2.466150E-06
    9.650731E-01    6.103661E-04    2.395706E-06
    9.665533E-01    6.037325E-04    2.351961E-06
    9.680335E-01    5.972837E-04    2.315052E-06
    9.695137E-01    5.909697E-04    2.258564E-06
    9.709938E-01    5.849357E-04    2.127611E-06
    9.724740E-01    5.790117E-04    1.959851E-06
    9.739542E-01    5.732163E-04    1.757853E-06
    9.754343E-01    5.674411E-04    1.564187E-06
    9.769145E-01    5.616573E-04    1.431653E-06
    9.783947E-01    5.558805E-04    1.338421E-06
    9.798749E-01    5.501973E-04    1.295174E-06
    9.813550E-01    5.446086E-04    1.255178E-06
    9.828352E-01    5.392652E-04    1.186110E-06
    9.843154E-01    5.340392E-04    1.091455E-06
    9.857956E-01    5.289910E-04    9.541293E-07
    9.872757E-01    5.239874E-04    8.115730E-07
    9.887559E-01    5.189968E-04    6.960048E-07
    9.902361E-01    5.140051E-04    6.131380E-07
    9.917163E-01    5.090353E-04    6.029531E-07
    9.931964E-01    5.041117E-04    6.160779E-07
    9.946766E-01    4.993569E-04    6.423957E-07
    9.961568E-01    4.946953E-04    6.574617E-07
    9.976369E-01    4.902039E-04    6.324144E-07
    9.991171E-01    4.857677E-04    5.896834E-07
    1.000597E+00    4.813618E-04    5.330520E-07
    1.002077E+00    4.769519E-04    4.867249E-07
    1.003558E+00    4.725429E-04    4.750706E-07
    1.005038E+00    4.681573E-04    4.790650E-07
    1.006518E+00    4.638815E-04    5.062951E-07
    1.007998E+00    4.596806E-04    5.352532E-07
    1.009478E+00    4.556415E-04    5.484076E-07
    1.010959E+00    4.516643E-04    5.479547E-07
    1.012439E+00    4.477454E-04    5.390579E-07
    1.013919E+00    4.438312E-04    5.380113E-07
    1.015399E+00    4.399029E-04    5.668114E-07
    1.016879E+00    4.359805E-04    6.175547E-07
    1.018359E+00    4.321156E-04    6.985609E-07
    1.019840E+00    4.283026E-04    7.783272E-07
    1.021320E+00    4.246197E-04    8.374261E-07
    1.022800E+00    4.209917E-04    8.772810E-07
    1.024280E+00    4.174312E-04    8.737880E-07
    1.025760E+00    4.138809E-04    8.539038E-07
    1.027240E+00    4.103245E-04    8.192130E-07
    1.028721E+00    4.067748E-04    7.858241E-07
    1.030201E+00    4.032843E-04    7.617808E-07
    1.031681E+00    3.998487E-04    7.407076E-07
    1.033161E+00    3.965550E-04    7.067854E-07
    1.034641E+00    3.933301E-04    6.593388E-07
    1.036121E+00    3.902043E-04    5.795673E-07
    1.037602E+00    3.871049E-04    4.916704E-07
    1.039082E+00    3.840154E-04    4.059321E-07
    1.040562E+00    3.809213E-04    3.257959E-07
    1.042042E+00    3.778419E-04    2.734846E-07
    1.043522E+00    3.747885E-04    2.320008E-07
    1.045003E+00    3.718217E-04    1.978941E-07
    1.046483E+00    3.689045E-04    1.627928E-07
    1.047963E+00    3.660632E-04    1.120030E-07
    1.049443E+00    3.632408E-04    5.330440E-08
    1.050923E+00    3.604205E-04   -1.051411E-08
    1.052403E+00    3.575982E-04   -6.841546E-08
    1.053884E+00    3.547932E-04   -1.045801E-07
    1.055364E+00    3.520132E-04   -1.308108E-07
    1.056844E+00    3.493201E-04   -1.465241E-07
    1.058324E+00    3.466756E-04   -1.670825E-07
    1.059804E+00    3.441131E-04   -2.154959E-07
    1.061284E+00    3.415736E-04   -2.792863E-07
    1.062765E+00    3.390364E-04   -3.641218E-07
    1.064245E+00    3.364894E-04   -4.505156E-07
    1.065725E+00    3.339297E-04   -5.181651E-07
    1.067205E+00    3.313781E-04   -5.680519E-07
    1.068685E+00    3.288767E-04   -5.757733E-07
    1.070165E+00    3.264077E-04   -5.652955E-07
    1.071646E+00    3.239919E-04   -5.297894E-07
    1.073126E+00    3.215907E-04   -4.869400E-07
    1.074606E+00    3.191849E-04   -4.349315E-07
    1.076086E+00    3.167725E-04   -3.745913E-07
    1.077566E+00    3.143665E-04   -2.924539E-07
    1.079046E+00    3.119793E-04   -1.989265E-07
    1.080527E+00    3.096795E-04   -9.015384E-08
    1.082007E+00    3.074311E-04    1.797615E-08
    1.083487E+00    3.052711E-04    1.000041E-07
    1.084967E+00    3.031433E-04    1.579795E-07
    1.086447E+00    3.010478E-04    1.623847E-07
    1.087928E+00    2.989564E-04    1.409525E-07
    1.089408E+00    2.968653E-04    8.528148E-08
    1.090888E+00    2.947829E-04    2.522923E-08
    1.092368E+00    2.927393E-04   -3.333435E-08
    1.093848E+00    2.907223E-04   -8.835448E-08
    1.095328E+00    2.887497E-04   -1.313718E-07
    1.096809E+00    2.867872E-04   -1.677297E-07
    1.098289E+00    2.848218E-04   -1.926753E-07
    1.099769E+00    2.828502E-04   -2.114237E-07
    1.101249E+00    2.808768E-04   -2.175452E-07
    1.102729E+00    2.789160E-04   -2.201271E-07
    1.104209E+00    2.770158E-04   -2.176507E-07
    1.105690E+00    2.751546E-04   -2.133435E-07
    1.107170E+00    2.733672E-04   -2.151334E-07
    1.108650E+00    2.716035E-04   -2.230429E-07
    1.110130E+00    2.698499E-04   -2.382928E-07
    1.111610E+00    2.680938E-04   -2.562678E-07
    1.113090E+00    2.663365E-04   -2.816992E-07
    1.114571E+00    2.645852E-04   -3.073097E-07
    1.116051E+00    2.628526E-04   -3.387482E-07
    1.117531E+00    2.611317E-04   -3.809650E-07
    1.119011E+00    2.594302E-04   -4.447496E-07
    1.120491E+00    2.577274E-04   -5.205113E-07
    1.121972E+00    2.560035E-04   -6.190597E-07
    1.123452E+00    2.542671E-04   -7.190790E-07
    1.124932E+00    2.525253E-04   -7.978025E-07
    1.126412E+00    2.507983E-04   -8.588209E-07
    1.127892E+00    2.491301E-04   -8.908808E-07
    1.129372E+00    2.474928E-04   -9.093650E-07
    1.130853E+00    2.459005E-04   -9.054313E-07
    1.132333E+00    2.443180E-04   -8.975082E-07
    1.133813E+00    2.427245E-04   -8.773425E-07
    1.135293E+00    2.411212E-04   -8.502887E-07
    1.136773E+00    2.395112E-04   -8.040011E-07
    1.138253E+00    2.379074E-04   -7.439801E-07
    1.139734E+00    2.363485E-04   -6.568043E-07
    1.141214E+00    2.348168E-04   -5.614105E-07
    1.142694E+00    2.333270E-04   -4.539895E-07
    1.144174E+00    2.318533E-04   -3.423425E-07
    1.145654E+00    2.304052E-04   -2.282444E-07
    1.147134E+00    2.289743E-04   -1.161480E-07
    1.148615E+00    2.275934E-04   -9.060060E-09
    1.150095E+00    2.262436E-04    9.179822E-08
    1.151575E+00    2.249572E-04    1.618387E-07
    1.153055E+00    2.236917E-04    2.119616E-07
    1.154535E+00    2.224225E-04    2.093123E-07
    1.156016E+00    2.211335E-04    1.783485E-07
    1.157496E+00    2.197940E-04    1.059218E-07
    1.158976E+00    2.184299E-04    2.478304E-08
    1.160456E+00    2.170412E-04   -5.958023E-08
    1.161936E+00    2.156545E-04   -1.425332E-07
    1.163416E+00    2.142927E-04   -2.235962E-07
    1.164897E+00    2.129477E-04   -3.003597E-07
    1.166377E+00    2.116298E-04   -3.838078E-07
    1.167857E+00    2.103224E-04   -4.746853E-07
    1.169337E+00    2.090240E-04   -5.623001E-07
    1.170817E+00    2.077322E-04   -6.446241E-07
    1.172297E+00    2.064695E-04   -7.086010E-07
    1.173778E+00    2.052239E-04   -7.566444E-07
    1.175258E+00    2.040048E-04   -7.695669E-07
    1.176738E+00    2.027905E-04   -7.740682E-07
    1.178218E+00    2.015712E-04   -7.713705E-07
    1.179698E+00    2.003501E-04   -7.631789E-07
    1.181178E+00    1.991396E-04   -7.409247E-07
    1.182659E+00    1.979416E-04   -7.133450E-07
    1.184139E+00    1.967731E-04   -6.829769E-07
    1.185619E+00    1.956208E-04   -6.498355E-07
    1.187099E+00    1.944880E-04   -6.120157E-07
    1.188579E+00    1.933522E-04   -5.763578E-07
    1.190060E+00    1.921988E-04   -5.416419E-07
    1.191540E+00    1.910400E-04   -5.008153E-07
    1.193020E+00    1.898940E-04   -4.391194E-07
    1.194500E+00    1.887614E-04   -3.710343E-07
    1.195980E+00    1.876615E-04   -2.902785E-07
    1.197460E+00    1.865746E-04   -2.017655E-07
    1.198941E+00    1.855054E-04   -1.066825E-07
    1.200421E+00    1.844385E-04   -1.171601E-08
    1.201901E+00    1.833744E-04    9.181427E-08
    1.203381E+00    1.823134E-04    1.972939E-07
    1.204861E+00    1.812657E-04    2.925649E-07
    1.206341E+00    1.802233E-04    3.796962E-07
    1.207822E+00    1.791696E-04    4.471260E-07
    1.209302E+00    1.781061E-04    5.058099E-07
    1.210782E+00    1.770097E-04    5.499000E-07
    1.212262E+00    1.758987E-04    5.931834E-07
    1.213742E+00    1.747945E-04    6.372459E-07
    1.215222E+00    1.737065E-04    6.788761E-07
    1.216703E+00    1.726589E-04    7.005490E-07
    1.218183E+00    1.716297E-04    7.057354E-07
    1.219663E+00    1.706190E-04    6.869259E-07
    1.221143E+00    1.696116E-04    6.582750E-07
    1.222623E+00    1.686026E-04    6.348349E-07
    1.224103E+00    1.675948E-04    6.264673E-07
    1.225584E+00    1.666039E-04    6.645876E-07
    1.227064E+00    1.656244E-04    7.220100E-07
    1.228544E+00    1.646635E-04    7.897404E-07
    1.230024E+00    1.637082E-04    8.539270E-07
    1.231504E+00    1.627561E-04    8.847244E-07
    1.232985E+00    1.618043E-04    8.949159E-07
    1.234465E+00    1.608617E-04    8.679166E-07
    1.235945E+00    1.599296E-04    8.270606E-07
    1.237425E+00    1.590199E-04    7.541430E-07
    1.238905E+00    1.581149E-04    6.637257E-07
    1.240385E+00    1.572068E-04    5.363117E-07
    1.241866E+00    1.562976E-04    3.930643E-07
    1.243346E+00    1.554003E-04    2.514604E-07
    1.244826E+00    1.545246E-04    1.243191E-07
    1.246306E+00    1.537246E-04    4.658485E-08
    1.247786E+00    1.529653E-04    2.999888E-09
    1.249266E+00    1.522726E-04    3.323635E-08
    1.250747E+00    1.515996E-04    8.961837E-08
    1.252227E+00    1.509313E-04    1.729086E-07
    1.253707E+00    1.502600E-04    2.599178E-07
    1.255187E+00    1.495855E-04    3.331916E-07
    1.256667E+00    1.489057E-04    3.938391E-07
    1.258147E+00    1.482066E-04    4.261027E-07
    1.259628E+00    1.474951E-04    4.417079E-07
    1.261108E+00    1.467448E-04    4.389081E-07
    1.262588E+00    1.459658E-04    4.401097E-07
    1.264068E+00    1.451337E-04    4.614433E-07
    1.265548E+00    1.442877E-04    4.909352E-07
    1.267029E+00    1.434412E-04    5.159887E-07
    1.268509E+00    1.425966E-04    5.233288E-07
    1.269989E+00    1.417599E-04    4.704610E-07
    1.271469E+00    1.409340E-04    3.932633E-07
    1.272949E+00    1.401295E-04    2.892877E-07
    1.274429E+00    1.393378E-04    1.761787E-07
    1.275910E+00    1.385907E-04    5.638946E-08
    1.277390E+00    1.378607E-04   -6.111826E-08
    1.278870E+00    1.371412E-04   -1.750518E-07
    1.280350E+00    1.364199E-04   -2.950323E-07
    1.281830E+00    1.356889E-04   -4.294944E-07
    1.283310E+00    1.349512E-04   -5.619690E-07
    1.284791E+00    1.342191E-04   -6.660381E-07
    1.286271E+00    1.335030E-04   -7.446236E-07
    1.287751E+00    1.328144E-04   -7.751805E-07
    1.289231E+00    1.321395E-04   -7.979045E-07
    1.290711E+00    1.314747E-04   -8.365566E-07
    1.292191E+00    1.308063E-04   -8.908747E-07
    1.293672E+00    1.301312E-04   -9.660955E-07
    1.295152E+00    1.294512E-04   -1.034535E-06
    1.296632E+00    1.287667E-04   -1.067593E-06
    1.298112E+00    1.281965E-04   -1.079503E-06
    1.299592E+00    1.280827E-04   -1.075580E-06
