   -2.414163E+00   -5.610676E-09    2.803905E-09
   -2.412683E+00   -2.605887E-08    2.140280E-08
   -2.411203E+00   -5.152821E-08    4.349676E-08
   -2.409722E+00   -7.782376E-08    6.039222E-08
   -2.408242E+00   -1.014195E-07    7.179358E-08
   -2.406762E+00   -1.145644E-07    8.228221E-08
   -2.405282E+00   -1.203235E-07    9.956649E-08
   -2.403802E+00   -1.190223E-07    1.236606E-07
   -2.402322E+00   -1.172928E-07    1.453062E-07
   -2.400841E+00   -1.196155E-07    1.605208E-07
   -2.399361E+00   -1.217626E-07    1.701317E-07
   -2.397881E+00   -1.386591E-07    1.691323E-07
   -2.396401E+00   -1.562245E-07    1.657102E-07
   -2.394921E+00   -1.563542E-07    1.567316E-07
   -2.393441E+00   -1.560041E-07    1.436921E-07
   -2.391960E+00   -1.500981E-07    1.327343E-07
   -2.390480E+00   -1.456916E-07    1.259925E-07
   -2.389000E+00   -1.405066E-07    1.193174E-07
   -2.387520E+00   -1.346752E-07    1.168934E-07
   -2.386040E+00   -1.339857E-07    1.116462E-07
   -2.384560E+00   -1.342564E-07    9.962131E-08
   -2.383079E+00   -1.420416E-07    7.651391E-08
   -2.381599E+00   -1.517926E-07    4.409500E-08
   -2.380119E+00   -1.699363E-07   -1.013388E-08
   -2.378639E+00   -1.921879E-07   -6.936899E-08
   -2.377159E+00   -2.205965E-07   -1.206228E-07
   -2.375678E+00   -2.502650E-07   -1.639377E-07
   -2.374198E+00   -2.880147E-07   -1.836505E-07
   -2.372718E+00   -3.273614E-07   -1.946926E-07
   -2.371238E+00   -3.542664E-07   -1.989557E-07
   -2.369758E+00   -3.768975E-07   -1.989413E-07
   -2.368278E+00   -3.885235E-07   -1.993552E-07
   -2.366797E+00   -3.919092E-07   -2.024088E-07
   -2.365317E+00   -3.886801E-07   -2.105796E-07
   -2.363837E+00   -3.882041E-07   -2.247612E-07
   -2.362357E+00   -3.972175E-07   -2.493483E-07
   -2.360877E+00   -4.081050E-07   -2.753333E-07
   -2.359397E+00   -4.261951E-07   -3.007631E-07
   -2.357916E+00   -4.479448E-07   -3.242831E-07
   -2.356436E+00   -4.718439E-07   -3.434415E-07
   -2.354956E+00   -4.995245E-07   -3.608475E-07
   -2.353476E+00   -5.268575E-07   -3.668687E-07
   -2.351996E+00   -5.517909E-07   -3.678780E-07
   -2.350516E+00   -5.716680E-07   -3.616983E-07
   -2.349035E+00   -5.871735E-07   -3.526429E-07
   -2.347555E+00   -5.888805E-07   -3.426147E-07
   -2.346075E+00   -5.886339E-07   -3.334984E-07
   -2.344595E+00   -5.956564E-07   -3.276984E-07
   -2.343115E+00   -5.978677E-07   -3.230657E-07
   -2.341634E+00   -5.946372E-07   -3.197388E-07
   -2.340154E+00   -5.930701E-07   -3.169299E-07
   -2.338674E+00   -5.916788E-07   -3.162343E-07
   -2.337194E+00   -5.905809E-07   -3.153593E-07
   -2.335714E+00   -5.915291E-07   -3.149844E-07
   -2.334234E+00   -5.914956E-07   -3.138210E-07
   -2.332753E+00   -5.827623E-07   -3.105696E-07
   -2.331273E+00   -5.749385E-07   -3.070087E-07
   -2.329793E+00   -5.623761E-07   -3.031991E-07
   -2.328313E+00   -5.474685E-07   -3.034765E-07
   -2.326833E+00   -5.346291E-07   -3.049131E-07
   -2.325353E+00   -5.206645E-07   -3.033970E-07
   -2.323872E+00   -5.114087E-07   -2.990605E-07
   -2.322392E+00   -5.088539E-07   -2.921537E-07
   -2.320912E+00   -5.149702E-07   -2.787244E-07
   -2.319432E+00   -5.206689E-07   -2.625936E-07
   -2.317952E+00   -5.319603E-07   -2.478831E-07
   -2.316472E+00   -5.444808E-07   -2.342280E-07
   -2.314991E+00   -5.641108E-07   -2.238192E-07
   -2.313511E+00   -5.857464E-07   -2.138454E-07
   -2.312031E+00   -5.966392E-07   -2.010351E-07
   -2.310551E+00   -6.072319E-07   -1.878457E-07
   -2.309071E+00   -6.150381E-07   -1.790598E-07
   -2.307591E+00   -6.226203E-07   -1.737592E-07
   -2.306110E+00   -6.295253E-07   -1.748116E-07
   -2.304630E+00   -6.335565E-07   -1.812138E-07
   -2.303150E+00   -6.333565E-07   -1.984807E-07
   -2.301670E+00   -6.329849E-07   -2.181049E-07
   -2.300190E+00   -6.421971E-07   -2.453964E-07
   -2.298709E+00   -6.523258E-07   -2.761217E-07
   -2.297229E+00   -6.656757E-07   -3.000926E-07
   -2.295749E+00   -6.833758E-07   -3.210515E-07
   -2.294269E+00   -7.008831E-07   -3.341378E-07
   -2.292789E+00   -7.146248E-07   -3.420685E-07
   -2.291309E+00   -7.260718E-07   -3.431949E-07
   -2.289828E+00   -7.373783E-07   -3.397416E-07
   -2.288348E+00   -7.346679E-07   -3.318690E-07
   -2.286868E+00   -7.276461E-07   -3.234194E-07
   -2.285388E+00   -7.196110E-07   -3.129921E-07
   -2.283908E+00   -7.123427E-07   -3.024626E-07
   -2.282428E+00   -7.064316E-07   -2.958869E-07
   -2.280947E+00   -7.000191E-07   -2.911454E-07
   -2.279467E+00   -7.007029E-07   -2.824958E-07
   -2.277987E+00   -7.035028E-07   -2.724024E-07
   -2.276507E+00   -7.103572E-07   -2.661092E-07
   -2.275027E+00   -7.183233E-07   -2.604518E-07
   -2.273547E+00   -7.313109E-07   -2.556952E-07
   -2.272066E+00   -7.430246E-07   -2.499459E-07
   -2.270586E+00   -7.533841E-07   -2.485299E-07
   -2.269106E+00   -7.672020E-07   -2.513164E-07
   -2.267626E+00   -7.742561E-07   -2.575458E-07
   -2.266146E+00   -7.781863E-07   -2.652002E-07
   -2.264665E+00   -7.843722E-07   -2.744243E-07
   -2.263185E+00   -7.909009E-07   -2.837868E-07
   -2.261705E+00   -7.983106E-07   -2.900151E-07
   -2.260225E+00   -8.088401E-07   -2.945715E-07
   -2.258745E+00   -8.208157E-07   -2.996922E-07
   -2.257265E+00   -8.308524E-07   -3.045769E-07
   -2.255784E+00   -8.436743E-07   -3.076327E-07
   -2.254304E+00   -8.569510E-07   -3.081895E-07
   -2.252824E+00   -8.681116E-07   -3.025962E-07
   -2.251344E+00   -8.817522E-07   -2.965358E-07
   -2.249864E+00   -8.865154E-07   -2.919684E-07
   -2.248384E+00   -8.887901E-07   -2.904159E-07
   -2.246903E+00   -8.958720E-07   -2.963759E-07
   -2.245423E+00   -9.022992E-07   -3.043298E-07
   -2.243943E+00   -9.102495E-07   -3.152339E-07
   -2.242463E+00   -9.162420E-07   -3.276943E-07
   -2.240983E+00   -9.218567E-07   -3.414541E-07
   -2.239503E+00   -9.281674E-07   -3.554511E-07
   -2.238022E+00   -9.306051E-07   -3.681604E-07
   -2.236542E+00   -9.351170E-07   -3.794817E-07
   -2.235062E+00   -9.396593E-07   -3.812848E-07
   -2.233582E+00   -9.457112E-07   -3.778536E-07
   -2.232102E+00   -9.571492E-07   -3.683285E-07
   -2.230621E+00   -9.679109E-07   -3.557156E-07
   -2.229141E+00   -9.806132E-07   -3.423302E-07
   -2.227661E+00   -9.937777E-07   -3.288458E-07
   -2.226181E+00   -1.003220E-06   -3.175806E-07
   -2.224701E+00   -1.011606E-06   -3.082187E-07
   -2.223221E+00   -1.027915E-06   -3.016437E-07
   -2.221740E+00   -1.047687E-06   -2.967719E-07
   -2.220260E+00   -1.062881E-06   -2.941684E-07
   -2.218780E+00   -1.075481E-06   -2.923173E-07
   -2.217300E+00   -1.090353E-06   -2.903761E-07
   -2.215820E+00   -1.103829E-06   -2.898433E-07
   -2.214340E+00   -1.113518E-06   -2.917582E-07
   -2.212859E+00   -1.125235E-06   -2.954600E-07
   -2.211379E+00   -1.141931E-06   -3.033264E-07
   -2.209899E+00   -1.160893E-06   -3.124678E-07
   -2.208419E+00   -1.180978E-06   -3.245057E-07
   -2.206939E+00   -1.200156E-06   -3.382699E-07
   -2.205459E+00   -1.215725E-06   -3.558056E-07
   -2.203978E+00   -1.231443E-06   -3.746902E-07
   -2.202498E+00   -1.247643E-06   -3.931412E-07
   -2.201018E+00   -1.262635E-06   -4.108547E-07
   -2.199538E+00   -1.276547E-06   -4.249565E-07
   -2.198058E+00   -1.289765E-06   -4.370744E-07
   -2.196577E+00   -1.303326E-06   -4.441576E-07
   -2.195097E+00   -1.313506E-06   -4.497309E-07
   -2.193617E+00   -1.312070E-06   -4.537011E-07
   -2.192137E+00   -1.308099E-06   -4.542191E-07
   -2.190657E+00   -1.303598E-06   -4.514046E-07
   -2.189177E+00   -1.298082E-06   -4.478001E-07
   -2.187696E+00   -1.289493E-06   -4.401883E-07
   -2.186216E+00   -1.278977E-06   -4.326181E-07
   -2.184736E+00   -1.268538E-06   -4.276176E-07
   -2.183256E+00   -1.260043E-06   -4.233578E-07
   -2.181776E+00   -1.260381E-06   -4.190042E-07
   -2.180296E+00   -1.263537E-06   -4.141923E-07
   -2.178815E+00   -1.266341E-06   -4.122286E-07
   -2.177335E+00   -1.271427E-06   -4.110518E-07
   -2.175855E+00   -1.279686E-06   -4.060617E-07
   -2.174375E+00   -1.289212E-06   -3.993141E-07
   -2.172895E+00   -1.302361E-06   -3.910053E-07
   -2.171415E+00   -1.316396E-06   -3.803297E-07
   -2.169934E+00   -1.326022E-06   -3.677398E-07
   -2.168454E+00   -1.334342E-06   -3.556652E-07
   -2.166974E+00   -1.339459E-06   -3.433043E-07
   -2.165494E+00   -1.341479E-06   -3.302619E-07
   -2.164014E+00   -1.339119E-06   -3.140074E-07
   -2.162534E+00   -1.338559E-06   -2.973711E-07
   -2.161053E+00   -1.343142E-06   -2.778982E-07
   -2.159573E+00   -1.345282E-06   -2.578406E-07
   -2.158093E+00   -1.345970E-06   -2.410701E-07
   -2.156613E+00   -1.347400E-06   -2.249014E-07
   -2.155133E+00   -1.354209E-06   -2.131283E-07
   -2.153652E+00   -1.363812E-06   -2.025021E-07
   -2.152172E+00   -1.378913E-06   -1.950431E-07
   -2.150692E+00   -1.395559E-06   -1.914012E-07
   -2.149212E+00   -1.411236E-06   -1.902375E-07
   -2.147732E+00   -1.426534E-06   -1.905103E-07
   -2.146252E+00   -1.440525E-06   -1.886701E-07
   -2.144771E+00   -1.454500E-06   -1.837614E-07
   -2.143291E+00   -1.468869E-06   -1.806045E-07
   -2.141811E+00   -1.483712E-06   -1.771610E-07
   -2.140331E+00   -1.497786E-06   -1.728407E-07
   -2.138851E+00   -1.509984E-06   -1.711014E-07
   -2.137371E+00   -1.521848E-06   -1.737854E-07
   -2.135890E+00   -1.535644E-06   -1.772340E-07
   -2.134410E+00   -1.549893E-06   -1.785749E-07
   -2.132930E+00   -1.565311E-06   -1.812037E-07
   -2.131450E+00   -1.582370E-06   -1.878513E-07
   -2.129970E+00   -1.601031E-06   -1.934459E-07
   -2.128490E+00   -1.625205E-06   -1.993900E-07
   -2.127009E+00   -1.651235E-06   -2.042113E-07
   -2.125529E+00   -1.676616E-06   -2.048341E-07
   -2.124049E+00   -1.699572E-06   -2.071005E-07
   -2.122569E+00   -1.722175E-06   -2.086847E-07
   -2.121089E+00   -1.744255E-06   -2.094099E-07
   -2.119608E+00   -1.761482E-06   -2.120251E-07
   -2.118128E+00   -1.778232E-06   -2.155741E-07
   -2.116648E+00   -1.789787E-06   -2.211997E-07
   -2.115168E+00   -1.799777E-06   -2.267213E-07
   -2.113688E+00   -1.811989E-06   -2.335383E-07
   -2.112208E+00   -1.823425E-06   -2.400743E-07
   -2.110727E+00   -1.837715E-06   -2.400554E-07
   -2.109247E+00   -1.853138E-06   -2.370040E-07
   -2.107767E+00   -1.866732E-06   -2.302408E-07
   -2.106287E+00   -1.880866E-06   -2.215376E-07
   -2.104807E+00   -1.897021E-06   -2.090766E-07
   -2.103327E+00   -1.912186E-06   -1.953885E-07
   -2.101846E+00   -1.922085E-06   -1.819532E-07
   -2.100366E+00   -1.928548E-06   -1.712017E-07
   -2.098886E+00   -1.928919E-06   -1.659360E-07
   -2.097406E+00   -1.927145E-06   -1.614740E-07
   -2.095926E+00   -1.923027E-06   -1.593124E-07
   -2.094446E+00   -1.917659E-06   -1.582946E-07
   -2.092965E+00   -1.912022E-06   -1.575662E-07
   -2.091485E+00   -1.907404E-06   -1.577835E-07
   -2.090005E+00   -1.903962E-06   -1.602668E-07
   -2.088525E+00   -1.902222E-06   -1.615730E-07
   -2.087045E+00   -1.905513E-06   -1.616464E-07
   -2.085564E+00   -1.910513E-06   -1.622179E-07
   -2.084084E+00   -1.915320E-06   -1.611869E-07
   -2.082604E+00   -1.918758E-06   -1.598960E-07
   -2.081124E+00   -1.923365E-06   -1.601102E-07
   -2.079644E+00   -1.928547E-06   -1.618353E-07
   -2.078164E+00   -1.933888E-06   -1.647249E-07
   -2.076683E+00   -1.939074E-06   -1.675963E-07
   -2.075203E+00   -1.941263E-06   -1.705425E-07
   -2.073723E+00   -1.943650E-06   -1.735413E-07
   -2.072243E+00   -1.947032E-06   -1.785739E-07
   -2.070763E+00   -1.951478E-06   -1.830671E-07
   -2.069283E+00   -1.957552E-06   -1.835962E-07
   -2.067802E+00   -1.961457E-06   -1.832284E-07
   -2.066322E+00   -1.964559E-06   -1.846642E-07
   -2.064842E+00   -1.968621E-06   -1.862990E-07
   -2.063362E+00   -1.974455E-06   -1.868813E-07
   -2.061882E+00   -1.984127E-06   -1.878328E-07
   -2.060402E+00   -1.998341E-06   -1.896958E-07
   -2.058921E+00   -2.011621E-06   -1.921668E-07
   -2.057441E+00   -2.024208E-06   -1.945883E-07
   -2.055961E+00   -2.038877E-06   -1.979504E-07
   -2.054481E+00   -2.057381E-06   -2.046814E-07
   -2.053001E+00   -2.075781E-06   -2.115368E-07
   -2.051520E+00   -2.093185E-06   -2.163232E-07
   -2.050040E+00   -2.109624E-06   -2.206733E-07
   -2.048560E+00   -2.124402E-06   -2.266485E-07
   -2.047080E+00   -2.138352E-06   -2.327660E-07
   -2.045600E+00   -2.150800E-06   -2.398312E-07
   -2.044120E+00   -2.161980E-06   -2.481379E-07
   -2.042639E+00   -2.169243E-06   -2.563176E-07
   -2.041159E+00   -2.175556E-06   -2.646050E-07
   -2.039679E+00   -2.181084E-06   -2.734779E-07
   -2.038199E+00   -2.185540E-06   -2.807492E-07
   -2.036719E+00   -2.190084E-06   -2.870505E-07
   -2.035239E+00   -2.194988E-06   -2.935031E-07
   -2.033758E+00   -2.201689E-06   -2.949332E-07
   -2.032278E+00   -2.207643E-06   -2.928467E-07
   -2.030798E+00   -2.209779E-06   -2.883298E-07
   -2.029318E+00   -2.212696E-06   -2.839409E-07
   -2.027838E+00   -2.214299E-06   -2.773374E-07
   -2.026358E+00   -2.215484E-06   -2.710834E-07
   -2.024877E+00   -2.220055E-06   -2.687474E-07
   -2.023397E+00   -2.225581E-06   -2.678746E-07
   -2.021917E+00   -2.230702E-06   -2.703520E-07
   -2.020437E+00   -2.236594E-06   -2.747465E-07
   -2.018957E+00   -2.245573E-06   -2.826476E-07
   -2.017476E+00   -2.253420E-06   -2.914349E-07
   -2.015996E+00   -2.259004E-06   -3.027412E-07
   -2.014516E+00   -2.264235E-06   -3.158134E-07
   -2.013036E+00   -2.269215E-06   -3.269762E-07
   -2.011556E+00   -2.277065E-06   -3.371629E-07
   -2.010076E+00   -2.284789E-06   -3.480103E-07
   -2.008595E+00   -2.290732E-06   -3.575517E-07
   -2.007115E+00   -2.298951E-06   -3.652016E-07
   -2.005635E+00   -2.308216E-06   -3.706626E-07
   -2.004155E+00   -2.314552E-06   -3.736226E-07
   -2.002675E+00   -2.321045E-06   -3.755225E-07
   -2.001195E+00   -2.329994E-06   -3.754665E-07
   -1.999714E+00   -2.337646E-06   -3.770354E-07
   -1.998234E+00   -2.342177E-06   -3.780272E-07
   -1.996754E+00   -2.346292E-06   -3.774080E-07
   -1.995274E+00   -2.355180E-06   -3.778163E-07
   -1.993794E+00   -2.365531E-06   -3.803667E-07
   -1.992314E+00   -2.372981E-06   -3.841938E-07
   -1.990833E+00   -2.379959E-06   -3.879837E-07
   -1.989353E+00   -2.388478E-06   -3.891284E-07
   -1.987873E+00   -2.398216E-06   -3.896458E-07
   -1.986393E+00   -2.409076E-06   -3.890863E-07
   -1.984913E+00   -2.420069E-06   -3.880182E-07
   -1.983433E+00   -2.430782E-06   -3.901206E-07
   -1.981952E+00   -2.440598E-06   -3.943427E-07
   -1.980472E+00   -2.449089E-06   -3.975193E-07
   -1.978992E+00   -2.457170E-06   -3.983756E-07
   -1.977512E+00   -2.468432E-06   -4.002691E-07
   -1.976032E+00   -2.479992E-06   -4.010619E-07
   -1.974551E+00   -2.493081E-06   -3.990527E-07
   -1.973071E+00   -2.507883E-06   -3.976111E-07
   -1.971591E+00   -2.519084E-06   -3.945696E-07
   -1.970111E+00   -2.527596E-06   -3.908953E-07
   -1.968631E+00   -2.536158E-06   -3.871234E-07
   -1.967151E+00   -2.545703E-06   -3.831006E-07
   -1.965670E+00   -2.553931E-06   -3.788477E-07
   -1.964190E+00   -2.559817E-06   -3.745123E-07
   -1.962710E+00   -2.559512E-06   -3.684234E-07
   -1.961230E+00   -2.559107E-06   -3.623068E-07
   -1.959750E+00   -2.556738E-06   -3.573400E-07
   -1.958270E+00   -2.552159E-06   -3.516155E-07
   -1.956789E+00   -2.549161E-06   -3.471889E-07
   -1.955309E+00   -2.548098E-06   -3.444552E-07
   -1.953829E+00   -2.546367E-06   -3.417444E-07
   -1.952349E+00   -2.544500E-06   -3.401022E-07
   -1.950869E+00   -2.546018E-06   -3.432435E-07
   -1.949389E+00   -2.549161E-06   -3.469752E-07
   -1.947908E+00   -2.555848E-06   -3.511774E-07
   -1.946428E+00   -2.564165E-06   -3.565747E-07
   -1.944948E+00   -2.577732E-06   -3.607214E-07
   -1.943468E+00   -2.592742E-06   -3.650570E-07
   -1.941988E+00   -2.610422E-06   -3.736910E-07
   -1.940507E+00   -2.628970E-06   -3.816323E-07
   -1.939027E+00   -2.646131E-06   -3.867975E-07
   -1.937547E+00   -2.663389E-06   -3.922668E-07
   -1.936067E+00   -2.682979E-06   -3.952746E-07
   -1.934587E+00   -2.701618E-06   -3.969493E-07
   -1.933107E+00   -2.712440E-06   -3.986273E-07
   -1.931626E+00   -2.721995E-06   -3.989916E-07
   -1.930146E+00   -2.728966E-06   -3.976968E-07
   -1.928666E+00   -2.734976E-06   -3.972927E-07
   -1.927186E+00   -2.740118E-06   -3.976629E-07
   -1.925706E+00   -2.744677E-06   -3.986945E-07
   -1.924226E+00   -2.752776E-06   -4.031669E-07
   -1.922745E+00   -2.761830E-06   -4.076149E-07
   -1.921265E+00   -2.773390E-06   -4.106608E-07
   -1.919785E+00   -2.786444E-06   -4.135451E-07
   -1.918305E+00   -2.800708E-06   -4.172602E-07
   -1.916825E+00   -2.815078E-06   -4.213718E-07
   -1.915345E+00   -2.832755E-06   -4.243184E-07
   -1.913864E+00   -2.851470E-06   -4.272114E-07
   -1.912384E+00   -2.869872E-06   -4.289450E-07
   -1.910904E+00   -2.888090E-06   -4.317124E-07
   -1.909424E+00   -2.905629E-06   -4.355843E-07
   -1.907944E+00   -2.923650E-06   -4.397518E-07
   -1.906463E+00   -2.943626E-06   -4.462127E-07
   -1.904983E+00   -2.963048E-06   -4.527845E-07
   -1.903503E+00   -2.981371E-06   -4.573544E-07
   -1.902023E+00   -3.000727E-06   -4.601145E-07
   -1.900543E+00   -3.021830E-06   -4.615819E-07
   -1.899063E+00   -3.044776E-06   -4.629988E-07
   -1.897582E+00   -3.068080E-06   -4.656263E-07
   -1.896102E+00   -3.089873E-06   -4.690636E-07
   -1.894622E+00   -3.109237E-06   -4.751716E-07
   -1.893142E+00   -3.127930E-06   -4.803535E-07
   -1.891662E+00   -3.145255E-06   -4.826618E-07
   -1.890182E+00   -3.161414E-06   -4.850478E-07
   -1.888701E+00   -3.179733E-06   -4.863915E-07
   -1.887221E+00   -3.198893E-06   -4.882633E-07
   -1.885741E+00   -3.213353E-06   -4.918517E-07
   -1.884261E+00   -3.227131E-06   -4.947346E-07
   -1.882781E+00   -3.246514E-06   -4.950337E-07
   -1.881301E+00   -3.269336E-06   -4.948368E-07
   -1.879820E+00   -3.291470E-06   -4.921663E-07
   -1.878340E+00   -3.311958E-06   -4.886741E-07
   -1.876860E+00   -3.331392E-06   -4.813483E-07
   -1.875380E+00   -3.349767E-06   -4.719916E-07
   -1.873900E+00   -3.365356E-06   -4.610947E-07
   -1.872419E+00   -3.380125E-06   -4.484229E-07
   -1.870939E+00   -3.393833E-06   -4.343848E-07
   -1.869459E+00   -3.404948E-06   -4.207394E-07
   -1.867979E+00   -3.412835E-06   -4.105804E-07
   -1.866499E+00   -3.420226E-06   -4.015081E-07
   -1.865019E+00   -3.428255E-06   -3.930751E-07
   -1.863538E+00   -3.435551E-06   -3.865355E-07
   -1.862058E+00   -3.441434E-06   -3.880956E-07
   -1.860578E+00   -3.448892E-06   -3.923437E-07
   -1.859098E+00   -3.458057E-06   -3.991789E-07
   -1.857618E+00   -3.468892E-06   -4.078038E-07
   -1.856138E+00   -3.482657E-06   -4.190044E-07
   -1.854657E+00   -3.496813E-06   -4.312464E-07
   -1.853177E+00   -3.510690E-06   -4.456529E-07
   -1.851697E+00   -3.525732E-06   -4.608060E-07
   -1.850217E+00   -3.544319E-06   -4.729072E-07
   -1.848737E+00   -3.561722E-06   -4.840431E-07
   -1.847257E+00   -3.578438E-06   -4.937706E-07
   -1.845776E+00   -3.596834E-06   -5.012881E-07
   -1.844296E+00   -3.613574E-06   -5.025936E-07
   -1.842816E+00   -3.629963E-06   -5.018745E-07
   -1.841336E+00   -3.646939E-06   -4.984430E-07
   -1.839856E+00   -3.664039E-06   -4.926828E-07
   -1.838376E+00   -3.684869E-06   -4.842213E-07
   -1.836895E+00   -3.704887E-06   -4.764033E-07
   -1.835415E+00   -3.723482E-06   -4.663459E-07
   -1.833935E+00   -3.742424E-06   -4.543848E-07
   -1.832455E+00   -3.759033E-06   -4.421613E-07
   -1.830975E+00   -3.776419E-06   -4.306688E-07
   -1.829494E+00   -3.792832E-06   -4.224738E-07
   -1.828014E+00   -3.806735E-06   -4.150622E-07
   -1.826534E+00   -3.817730E-06   -4.079584E-07
   -1.825054E+00   -3.826570E-06   -4.016613E-07
   -1.823574E+00   -3.833205E-06   -3.972041E-07
   -1.822094E+00   -3.841130E-06   -3.938497E-07
   -1.820613E+00   -3.849907E-06   -3.942834E-07
   -1.819133E+00   -3.859442E-06   -3.961682E-07
   -1.817653E+00   -3.872269E-06   -3.985470E-07
   -1.816173E+00   -3.885228E-06   -4.005892E-07
   -1.814693E+00   -3.897345E-06   -4.042968E-07
   -1.813213E+00   -3.909794E-06   -4.089104E-07
   -1.811732E+00   -3.923775E-06   -4.140748E-07
   -1.810252E+00   -3.937809E-06   -4.184723E-07
   -1.808772E+00   -3.952126E-06   -4.212721E-07
   -1.807292E+00   -3.966193E-06   -4.242556E-07
   -1.805812E+00   -3.980071E-06   -4.261759E-07
   -1.804332E+00   -3.994173E-06   -4.282783E-07
   -1.802851E+00   -4.007414E-06   -4.290450E-07
   -1.801371E+00   -4.019640E-06   -4.276326E-07
   -1.799891E+00   -4.029549E-06   -4.242669E-07
   -1.798411E+00   -4.038213E-06   -4.207634E-07
   -1.796931E+00   -4.045154E-06   -4.185016E-07
   -1.795450E+00   -4.053317E-06   -4.162129E-07
   -1.793970E+00   -4.062730E-06   -4.136205E-07
   -1.792490E+00   -4.071355E-06   -4.112702E-07
   -1.791010E+00   -4.079855E-06   -4.054644E-07
   -1.789530E+00   -4.088779E-06   -3.985013E-07
   -1.788050E+00   -4.100691E-06   -3.925448E-07
   -1.786569E+00   -4.114007E-06   -3.857883E-07
   -1.785089E+00   -4.126944E-06   -3.777841E-07
   -1.783609E+00   -4.139884E-06   -3.704746E-07
   -1.782129E+00   -4.154766E-06   -3.620718E-07
   -1.780649E+00   -4.169180E-06   -3.539027E-07
   -1.779169E+00   -4.184174E-06   -3.472680E-07
   -1.777688E+00   -4.200846E-06   -3.408772E-07
   -1.776208E+00   -4.220030E-06   -3.365639E-07
   -1.774728E+00   -4.239173E-06   -3.318183E-07
   -1.773248E+00   -4.252966E-06   -3.265536E-07
   -1.771768E+00   -4.266165E-06   -3.231600E-07
   -1.770288E+00   -4.280436E-06   -3.227573E-07
   -1.768807E+00   -4.293646E-06   -3.233262E-07
   -1.767327E+00   -4.304342E-06   -3.233965E-07
   -1.765847E+00   -4.314899E-06   -3.229230E-07
   -1.764367E+00   -4.326000E-06   -3.248105E-07
   -1.762887E+00   -4.336360E-06   -3.270659E-07
   -1.761406E+00   -4.344440E-06   -3.291127E-07
   -1.759926E+00   -4.353608E-06   -3.320985E-07
   -1.758446E+00   -4.367107E-06   -3.363305E-07
   -1.756966E+00   -4.381096E-06   -3.415482E-07
   -1.755486E+00   -4.396569E-06   -3.496442E-07
   -1.754006E+00   -4.412357E-06   -3.569481E-07
   -1.752525E+00   -4.428637E-06   -3.624723E-07
   -1.751045E+00   -4.444754E-06   -3.676566E-07
   -1.749565E+00   -4.460626E-06   -3.709245E-07
   -1.748085E+00   -4.476840E-06   -3.726755E-07
   -1.746605E+00   -4.492512E-06   -3.715129E-07
   -1.745125E+00   -4.509174E-06   -3.694106E-07
   -1.743644E+00   -4.524256E-06   -3.662889E-07
   -1.742164E+00   -4.538468E-06   -3.625706E-07
   -1.740684E+00   -4.552731E-06   -3.573958E-07
   -1.739204E+00   -4.566212E-06   -3.530437E-07
   -1.737724E+00   -4.580694E-06   -3.498818E-07
   -1.736244E+00   -4.595861E-06   -3.462775E-07
   -1.734763E+00   -4.611499E-06   -3.435528E-07
   -1.733283E+00   -4.627192E-06   -3.413419E-07
   -1.731803E+00   -4.647565E-06   -3.405328E-07
   -1.730323E+00   -4.668866E-06   -3.402037E-07
   -1.728843E+00   -4.688833E-06   -3.390950E-07
   -1.727362E+00   -4.709449E-06   -3.375081E-07
   -1.725882E+00   -4.730837E-06   -3.331981E-07
   -1.724402E+00   -4.752324E-06   -3.280162E-07
   -1.722922E+00   -4.771992E-06   -3.213893E-07
   -1.721442E+00   -4.790075E-06   -3.137543E-07
   -1.719962E+00   -4.808051E-06   -3.079962E-07
   -1.718481E+00   -4.827043E-06   -3.030547E-07
   -1.717001E+00   -4.846843E-06   -2.956752E-07
   -1.715521E+00   -4.866375E-06   -2.889137E-07
   -1.714041E+00   -4.884781E-06   -2.865285E-07
   -1.712561E+00   -4.905328E-06   -2.852816E-07
   -1.711081E+00   -4.927123E-06   -2.850384E-07
   -1.709600E+00   -4.947292E-06   -2.849669E-07
   -1.708120E+00   -4.968616E-06   -2.841241E-07
   -1.706640E+00   -4.988898E-06   -2.824591E-07
   -1.705160E+00   -5.007106E-06   -2.796146E-07
   -1.703680E+00   -5.025927E-06   -2.769832E-07
   -1.702200E+00   -5.043700E-06   -2.734644E-07
   -1.700719E+00   -5.061821E-06   -2.694139E-07
   -1.699239E+00   -5.077504E-06   -2.639549E-07
   -1.697759E+00   -5.092389E-06   -2.564621E-07
   -1.696279E+00   -5.108894E-06   -2.487739E-07
   -1.694799E+00   -5.125708E-06   -2.411823E-07
   -1.693318E+00   -5.144271E-06   -2.326268E-07
   -1.691838E+00   -5.163037E-06   -2.248074E-07
   -1.690358E+00   -5.181903E-06   -2.179906E-07
   -1.688878E+00   -5.200425E-06   -2.120349E-07
   -1.687398E+00   -5.222100E-06   -2.070952E-07
   -1.685918E+00   -5.246381E-06   -2.027634E-07
   -1.684437E+00   -5.273040E-06   -2.019200E-07
   -1.682957E+00   -5.299284E-06   -2.024960E-07
   -1.681477E+00   -5.323956E-06   -2.045960E-07
   -1.679997E+00   -5.347912E-06   -2.069644E-07
   -1.678517E+00   -5.371216E-06   -2.124902E-07
   -1.677037E+00   -5.394360E-06   -2.174454E-07
   -1.675556E+00   -5.412511E-06   -2.189790E-07
   -1.674076E+00   -5.429036E-06   -2.207057E-07
   -1.672596E+00   -5.443318E-06   -2.223075E-07
   -1.671116E+00   -5.456922E-06   -2.236898E-07
   -1.669636E+00   -5.470132E-06   -2.241998E-07
   -1.668156E+00   -5.482898E-06   -2.246263E-07
   -1.666675E+00   -5.498929E-06   -2.253770E-07
   -1.665195E+00   -5.515983E-06   -2.259366E-07
   -1.663715E+00   -5.531757E-06   -2.258517E-07
   -1.662235E+00   -5.547395E-06   -2.246490E-07
   -1.660755E+00   -5.563117E-06   -2.219090E-07
   -1.659275E+00   -5.578373E-06   -2.199830E-07
   -1.657794E+00   -5.593128E-06   -2.198924E-07
   -1.656314E+00   -5.608387E-06   -2.197440E-07
   -1.654834E+00   -5.623702E-06   -2.193932E-07
   -1.653354E+00   -5.639192E-06   -2.193917E-07
   -1.651874E+00   -5.655075E-06   -2.215531E-07
   -1.650393E+00   -5.670760E-06   -2.254032E-07
   -1.648913E+00   -5.685200E-06   -2.305898E-07
   -1.647433E+00   -5.698948E-06   -2.362631E-07
   -1.645953E+00   -5.711516E-06   -2.427630E-07
   -1.644473E+00   -5.723274E-06   -2.492083E-07
   -1.642993E+00   -5.733597E-06   -2.571495E-07
   -1.641512E+00   -5.744845E-06   -2.650398E-07
   -1.640032E+00   -5.757807E-06   -2.714395E-07
   -1.638552E+00   -5.770852E-06   -2.780407E-07
   -1.637072E+00   -5.784463E-06   -2.844132E-07
   -1.635592E+00   -5.799340E-06   -2.903278E-07
   -1.634112E+00   -5.815227E-06   -2.951146E-07
   -1.632631E+00   -5.831047E-06   -2.991882E-07
   -1.631151E+00   -5.848355E-06   -3.034357E-07
   -1.629671E+00   -5.866335E-06   -3.075103E-07
   -1.628191E+00   -5.882842E-06   -3.116732E-07
   -1.626711E+00   -5.898244E-06   -3.155664E-07
   -1.625231E+00   -5.916362E-06   -3.166955E-07
   -1.623750E+00   -5.935785E-06   -3.179597E-07
   -1.622270E+00   -5.957430E-06   -3.196033E-07
   -1.620790E+00   -5.979755E-06   -3.210701E-07
   -1.619310E+00   -6.002816E-06   -3.241993E-07
   -1.617830E+00   -6.026022E-06   -3.279259E-07
   -1.616349E+00   -6.048652E-06   -3.324022E-07
   -1.614869E+00   -6.071151E-06   -3.361924E-07
   -1.613389E+00   -6.093153E-06   -3.378048E-07
   -1.611909E+00   -6.113376E-06   -3.393386E-07
   -1.610429E+00   -6.130110E-06   -3.409023E-07
   -1.608949E+00   -6.146140E-06   -3.426416E-07
   -1.607468E+00   -6.159975E-06   -3.446076E-07
   -1.605988E+00   -6.173872E-06   -3.460234E-07
   -1.604508E+00   -6.189640E-06   -3.469076E-07
   -1.603028E+00   -6.205115E-06   -3.466182E-07
   -1.601548E+00   -6.222748E-06   -3.451572E-07
   -1.600068E+00   -6.242133E-06   -3.428189E-07
   -1.598587E+00   -6.261213E-06   -3.372622E-07
   -1.597107E+00   -6.280079E-06   -3.307775E-07
   -1.595627E+00   -6.301830E-06   -3.212619E-07
   -1.594147E+00   -6.323794E-06   -3.113404E-07
   -1.592667E+00   -6.344334E-06   -3.008678E-07
   -1.591187E+00   -6.366117E-06   -2.898060E-07
   -1.589706E+00   -6.389120E-06   -2.784766E-07
   -1.588226E+00   -6.412170E-06   -2.669896E-07
   -1.586746E+00   -6.435859E-06   -2.544874E-07
   -1.585266E+00   -6.458703E-06   -2.429121E-07
   -1.583786E+00   -6.479539E-06   -2.325096E-07
   -1.582305E+00   -6.499321E-06   -2.218573E-07
   -1.580825E+00   -6.516811E-06   -2.126080E-07
   -1.579345E+00   -6.532970E-06   -2.045301E-07
   -1.577865E+00   -6.546755E-06   -1.983664E-07
   -1.576385E+00   -6.561302E-06   -1.924464E-07
   -1.574905E+00   -6.577936E-06   -1.886284E-07
   -1.573424E+00   -6.594763E-06   -1.856162E-07
   -1.571944E+00   -6.613097E-06   -1.852669E-07
   -1.570464E+00   -6.632605E-06   -1.850287E-07
   -1.568984E+00   -6.655369E-06   -1.835050E-07
   -1.567504E+00   -6.679209E-06   -1.826237E-07
   -1.566024E+00   -6.705106E-06   -1.821227E-07
   -1.564543E+00   -6.731924E-06   -1.809744E-07
   -1.563063E+00   -6.756997E-06   -1.777954E-07
   -1.561583E+00   -6.782593E-06   -1.745561E-07
   -1.560103E+00   -6.811048E-06   -1.705877E-07
   -1.558623E+00   -6.839390E-06   -1.663480E-07
   -1.557143E+00   -6.865762E-06   -1.633224E-07
   -1.555662E+00   -6.892781E-06   -1.618577E-07
   -1.554182E+00   -6.921578E-06   -1.608833E-07
   -1.552702E+00   -6.950279E-06   -1.590010E-07
   -1.551222E+00   -6.978140E-06   -1.570258E-07
   -1.549742E+00   -7.004463E-06   -1.550936E-07
   -1.548261E+00   -7.030143E-06   -1.506439E-07
   -1.546781E+00   -7.054109E-06   -1.457882E-07
   -1.545301E+00   -7.075044E-06   -1.437819E-07
   -1.543821E+00   -7.095448E-06   -1.422119E-07
   -1.542341E+00   -7.115949E-06   -1.387450E-07
   -1.540861E+00   -7.138539E-06   -1.355617E-07
   -1.539380E+00   -7.161361E-06   -1.337930E-07
   -1.537900E+00   -7.184503E-06   -1.316674E-07
   -1.536420E+00   -7.206755E-06   -1.291603E-07
   -1.534940E+00   -7.228265E-06   -1.269385E-07
   -1.533460E+00   -7.250048E-06   -1.251787E-07
   -1.531980E+00   -7.271758E-06   -1.243451E-07
   -1.530499E+00   -7.294676E-06   -1.227533E-07
   -1.529019E+00   -7.317520E-06   -1.208318E-07
   -1.527539E+00   -7.339323E-06   -1.220276E-07
   -1.526059E+00   -7.360248E-06   -1.237499E-07
   -1.524579E+00   -7.381317E-06   -1.273641E-07
   -1.523099E+00   -7.402758E-06   -1.314715E-07
   -1.521618E+00   -7.425286E-06   -1.373351E-07
   -1.520138E+00   -7.448837E-06   -1.443530E-07
   -1.518658E+00   -7.473709E-06   -1.498430E-07
   -1.517178E+00   -7.498822E-06   -1.547096E-07
   -1.515698E+00   -7.522530E-06   -1.600620E-07
   -1.514218E+00   -7.546240E-06   -1.646644E-07
   -1.512737E+00   -7.569486E-06   -1.675970E-07
   -1.511257E+00   -7.592818E-06   -1.714788E-07
   -1.509777E+00   -7.618543E-06   -1.761017E-07
   -1.508297E+00   -7.644706E-06   -1.802416E-07
   -1.506817E+00   -7.670291E-06   -1.847047E-07
   -1.505336E+00   -7.696805E-06   -1.886907E-07
   -1.503856E+00   -7.727965E-06   -1.921164E-07
   -1.502376E+00   -7.759438E-06   -1.957041E-07
   -1.500896E+00   -7.788532E-06   -1.997231E-07
   -1.499416E+00   -7.817035E-06   -2.040411E-07
   -1.497936E+00   -7.844201E-06   -2.085732E-07
   -1.496455E+00   -7.870809E-06   -2.139577E-07
   -1.494975E+00   -7.896257E-06   -2.225655E-07
   -1.493495E+00   -7.921408E-06   -2.316131E-07
   -1.492015E+00   -7.946436E-06   -2.411178E-07
   -1.490535E+00   -7.971334E-06   -2.507648E-07
   -1.489055E+00   -7.996648E-06   -2.580542E-07
   -1.487574E+00   -8.022972E-06   -2.648189E-07
   -1.486094E+00   -8.051761E-06   -2.719360E-07
   -1.484614E+00   -8.080498E-06   -2.787730E-07
   -1.483134E+00   -8.107443E-06   -2.836024E-07
   -1.481654E+00   -8.133640E-06   -2.878579E-07
   -1.480174E+00   -8.161677E-06   -2.934392E-07
   -1.478693E+00   -8.190279E-06   -2.991068E-07
   -1.477213E+00   -8.220013E-06   -3.032415E-07
   -1.475733E+00   -8.250265E-06   -3.065366E-07
   -1.474253E+00   -8.280483E-06   -3.092358E-07
   -1.472773E+00   -8.310875E-06   -3.123453E-07
   -1.471292E+00   -8.343206E-06   -3.135953E-07
   -1.469812E+00   -8.376472E-06   -3.132220E-07
   -1.468332E+00   -8.410689E-06   -3.109762E-07
   -1.466852E+00   -8.444721E-06   -3.078855E-07
   -1.465372E+00   -8.475464E-06   -3.060340E-07
   -1.463892E+00   -8.505483E-06   -3.042748E-07
   -1.462411E+00   -8.534685E-06   -3.032945E-07
   -1.460931E+00   -8.563819E-06   -3.039408E-07
   -1.459451E+00   -8.594551E-06   -3.066993E-07
   -1.457971E+00   -8.625329E-06   -3.103477E-07
   -1.456491E+00   -8.658752E-06   -3.139684E-07
   -1.455011E+00   -8.694029E-06   -3.178606E-07
   -1.453530E+00   -8.729697E-06   -3.200982E-07
   -1.452050E+00   -8.764900E-06   -3.217744E-07
   -1.450570E+00   -8.797025E-06   -3.240280E-07
   -1.449090E+00   -8.828096E-06   -3.255739E-07
   -1.447610E+00   -8.858163E-06   -3.240646E-07
   -1.446130E+00   -8.888787E-06   -3.219628E-07
   -1.444649E+00   -8.920117E-06   -3.209751E-07
   -1.443169E+00   -8.950754E-06   -3.203850E-07
   -1.441689E+00   -8.981790E-06   -3.191692E-07
   -1.440209E+00   -9.012463E-06   -3.176021E-07
   -1.438729E+00   -9.045159E-06   -3.156022E-07
   -1.437248E+00   -9.079585E-06   -3.131324E-07
   -1.435768E+00   -9.112336E-06   -3.090785E-07
   -1.434288E+00   -9.144448E-06   -3.050615E-07
   -1.432808E+00   -9.175390E-06   -3.029535E-07
   -1.431328E+00   -9.205954E-06   -3.008574E-07
   -1.429848E+00   -9.237463E-06   -3.002546E-07
   -1.428367E+00   -9.269894E-06   -3.011484E-07
   -1.426887E+00   -9.303848E-06   -3.035320E-07
   -1.425407E+00   -9.339098E-06   -3.060509E-07
   -1.423927E+00   -9.375765E-06   -3.082451E-07
   -1.422447E+00   -9.412264E-06   -3.094729E-07
   -1.420967E+00   -9.451265E-06   -3.100137E-07
   -1.419486E+00   -9.490553E-06   -3.109282E-07
   -1.418006E+00   -9.529900E-06   -3.097058E-07
   -1.416526E+00   -9.567859E-06   -3.064947E-07
   -1.415046E+00   -9.603382E-06   -3.009796E-07
   -1.413566E+00   -9.638033E-06   -2.944123E-07
   -1.412086E+00   -9.669990E-06   -2.874536E-07
   -1.410605E+00   -9.703112E-06   -2.812325E-07
   -1.409125E+00   -9.734216E-06   -2.750138E-07
   -1.407645E+00   -9.763554E-06   -2.693205E-07
   -1.406165E+00   -9.793451E-06   -2.632085E-07
   -1.404685E+00   -9.824782E-06   -2.565648E-07
   -1.403204E+00   -9.856598E-06   -2.503762E-07
   -1.401724E+00   -9.887281E-06   -2.440137E-07
   -1.400244E+00   -9.919236E-06   -2.398103E-07
   -1.398764E+00   -9.949975E-06   -2.363382E-07
   -1.397284E+00   -9.977519E-06   -2.346413E-07
   -1.395804E+00   -1.000514E-05   -2.350484E-07
   -1.394323E+00   -1.003235E-05   -2.397028E-07
   -1.392843E+00   -1.006027E-05   -2.467947E-07
   -1.391363E+00   -1.008913E-05   -2.569747E-07
   -1.389883E+00   -1.011778E-05   -2.686168E-07
   -1.388403E+00   -1.014577E-05   -2.835034E-07
   -1.386923E+00   -1.017393E-05   -2.987413E-07
   -1.385442E+00   -1.020225E-05   -3.128375E-07
   -1.383962E+00   -1.023029E-05   -3.265328E-07
   -1.382482E+00   -1.025638E-05   -3.385500E-07
   -1.381002E+00   -1.028071E-05   -3.502203E-07
   -1.379522E+00   -1.030374E-05   -3.608974E-07
   -1.378042E+00   -1.032889E-05   -3.704384E-07
   -1.376561E+00   -1.036000E-05   -3.792717E-07
   -1.375081E+00   -1.039278E-05   -3.882393E-07
   -1.373601E+00   -1.042902E-05   -3.952433E-07
   -1.372121E+00   -1.046711E-05   -3.999834E-07
   -1.370641E+00   -1.050793E-05   -4.026975E-07
   -1.369160E+00   -1.055072E-05   -4.044978E-07
   -1.367680E+00   -1.059296E-05   -4.029645E-07
   -1.366200E+00   -1.063398E-05   -3.999146E-07
   -1.364720E+00   -1.067476E-05   -3.960885E-07
   -1.363240E+00   -1.071525E-05   -3.919580E-07
   -1.361760E+00   -1.075541E-05   -3.873383E-07
   -1.360279E+00   -1.079498E-05   -3.845939E-07
   -1.358799E+00   -1.083330E-05   -3.842265E-07
   -1.357319E+00   -1.087158E-05   -3.839533E-07
   -1.355839E+00   -1.091136E-05   -3.845185E-07
   -1.354359E+00   -1.095081E-05   -3.850698E-07
   -1.352879E+00   -1.098891E-05   -3.856968E-07
   -1.351398E+00   -1.102698E-05   -3.861447E-07
   -1.349918E+00   -1.106351E-05   -3.839351E-07
   -1.348438E+00   -1.109938E-05   -3.813687E-07
   -1.346958E+00   -1.113352E-05   -3.798397E-07
   -1.345478E+00   -1.116493E-05   -3.787706E-07
   -1.343998E+00   -1.119635E-05   -3.801196E-07
   -1.342517E+00   -1.122963E-05   -3.811230E-07
   -1.341037E+00   -1.126571E-05   -3.802933E-07
   -1.339557E+00   -1.130309E-05   -3.802966E-07
   -1.338077E+00   -1.134375E-05   -3.814461E-07
   -1.336597E+00   -1.138529E-05   -3.821001E-07
   -1.335117E+00   -1.142361E-05   -3.807407E-07
   -1.333636E+00   -1.146278E-05   -3.783354E-07
   -1.332156E+00   -1.150597E-05   -3.731096E-07
   -1.330676E+00   -1.154638E-05   -3.670392E-07
   -1.329196E+00   -1.158399E-05   -3.603073E-07
   -1.327716E+00   -1.162248E-05   -3.534723E-07
   -1.326235E+00   -1.166096E-05   -3.484527E-07
   -1.324755E+00   -1.169958E-05   -3.443791E-07
   -1.323275E+00   -1.174169E-05   -3.416492E-07
   -1.321795E+00   -1.178464E-05   -3.398472E-07
   -1.320315E+00   -1.182668E-05   -3.384846E-07
   -1.318835E+00   -1.186982E-05   -3.370996E-07
   -1.317354E+00   -1.191298E-05   -3.371348E-07
   -1.315874E+00   -1.195554E-05   -3.369472E-07
   -1.314394E+00   -1.199715E-05   -3.368715E-07
   -1.312914E+00   -1.203659E-05   -3.367191E-07
   -1.311434E+00   -1.207454E-05   -3.365963E-07
   -1.309954E+00   -1.211548E-05   -3.376186E-07
   -1.308473E+00   -1.215964E-05   -3.407346E-07
   -1.306993E+00   -1.220544E-05   -3.452543E-07
   -1.305513E+00   -1.225332E-05   -3.503605E-07
   -1.304033E+00   -1.230174E-05   -3.543879E-07
   -1.302553E+00   -1.235113E-05   -3.572085E-07
   -1.301073E+00   -1.239921E-05   -3.579343E-07
   -1.299592E+00   -1.244915E-05   -3.530079E-07
   -1.298112E+00   -1.249847E-05   -3.474129E-07
   -1.296632E+00   -1.254216E-05   -3.414504E-07
   -1.295152E+00   -1.258372E-05   -3.346174E-07
   -1.293672E+00   -1.262436E-05   -3.274649E-07
   -1.292191E+00   -1.266514E-05   -3.197984E-07
   -1.290711E+00   -1.270341E-05   -3.142863E-07
   -1.289231E+00   -1.274356E-05   -3.097886E-07
   -1.287751E+00   -1.278944E-05   -3.043706E-07
   -1.286271E+00   -1.283585E-05   -3.000099E-07
   -1.284791E+00   -1.288083E-05   -2.958848E-07
   -1.283310E+00   -1.292460E-05   -2.903681E-07
   -1.281830E+00   -1.296642E-05   -2.809674E-07
   -1.280350E+00   -1.300769E-05   -2.710060E-07
   -1.278870E+00   -1.304650E-05   -2.628998E-07
   -1.277390E+00   -1.308456E-05   -2.541787E-07
   -1.275910E+00   -1.312641E-05   -2.486944E-07
   -1.274429E+00   -1.316807E-05   -2.458895E-07
   -1.272949E+00   -1.321061E-05   -2.426840E-07
   -1.271469E+00   -1.325603E-05   -2.403061E-07
   -1.269989E+00   -1.330826E-05   -2.393128E-07
   -1.268509E+00   -1.336302E-05   -2.378152E-07
   -1.267029E+00   -1.341887E-05   -2.358401E-07
   -1.265548E+00   -1.347540E-05   -2.330171E-07
   -1.264068E+00   -1.352853E-05   -2.280033E-07
   -1.262588E+00   -1.357977E-05   -2.236921E-07
   -1.261108E+00   -1.363361E-05   -2.205830E-07
   -1.259628E+00   -1.368630E-05   -2.172701E-07
   -1.258147E+00   -1.373407E-05   -2.159924E-07
   -1.256667E+00   -1.378168E-05   -2.155320E-07
   -1.255187E+00   -1.383472E-05   -2.164956E-07
   -1.253707E+00   -1.388946E-05   -2.184091E-07
   -1.252227E+00   -1.394246E-05   -2.221806E-07
   -1.250747E+00   -1.399588E-05   -2.261639E-07
   -1.249266E+00   -1.405209E-05   -2.303855E-07
   -1.247786E+00   -1.410750E-05   -2.331314E-07
   -1.246306E+00   -1.415814E-05   -2.344392E-07
   -1.244826E+00   -1.420557E-05   -2.362685E-07
   -1.243346E+00   -1.425235E-05   -2.351051E-07
   -1.241866E+00   -1.430223E-05   -2.332643E-07
   -1.240385E+00   -1.435199E-05   -2.326600E-07
   -1.238905E+00   -1.440286E-05   -2.330433E-07
   -1.237425E+00   -1.445911E-05   -2.331774E-07
   -1.235945E+00   -1.451658E-05   -2.327193E-07
   -1.234465E+00   -1.457805E-05   -2.318646E-07
   -1.232985E+00   -1.464345E-05   -2.307105E-07
   -1.231504E+00   -1.470809E-05   -2.282949E-07
   -1.230024E+00   -1.476868E-05   -2.251074E-07
   -1.228544E+00   -1.482525E-05   -2.193779E-07
   -1.227064E+00   -1.488015E-05   -2.123873E-07
   -1.225584E+00   -1.493416E-05   -2.069981E-07
   -1.224103E+00   -1.498847E-05   -2.023585E-07
   -1.222623E+00   -1.504156E-05   -1.982341E-07
   -1.221143E+00   -1.509519E-05   -1.955867E-07
   -1.219663E+00   -1.515364E-05   -1.947058E-07
   -1.218183E+00   -1.521383E-05   -1.950622E-07
   -1.216703E+00   -1.527369E-05   -1.961871E-07
   -1.215222E+00   -1.533492E-05   -1.965865E-07
   -1.213742E+00   -1.539754E-05   -1.979991E-07
   -1.212262E+00   -1.545811E-05   -1.992380E-07
   -1.210782E+00   -1.551472E-05   -1.978418E-07
   -1.209302E+00   -1.557004E-05   -1.961522E-07
   -1.207822E+00   -1.562211E-05   -1.960680E-07
   -1.206341E+00   -1.567330E-05   -1.968591E-07
   -1.204861E+00   -1.572732E-05   -1.974717E-07
   -1.203381E+00   -1.578364E-05   -1.982556E-07
   -1.201901E+00   -1.584719E-05   -1.997965E-07
   -1.200421E+00   -1.591398E-05   -2.013797E-07
   -1.198941E+00   -1.598280E-05   -2.005882E-07
   -1.197460E+00   -1.605165E-05   -1.980312E-07
   -1.195980E+00   -1.611765E-05   -1.935404E-07
   -1.194500E+00   -1.618430E-05   -1.871764E-07
   -1.193020E+00   -1.624617E-05   -1.785466E-07
   -1.191540E+00   -1.630251E-05   -1.694122E-07
   -1.190060E+00   -1.635504E-05   -1.613362E-07
   -1.188579E+00   -1.640875E-05   -1.555702E-07
   -1.187099E+00   -1.646758E-05   -1.529257E-07
   -1.185619E+00   -1.652886E-05   -1.519278E-07
   -1.184139E+00   -1.659433E-05   -1.547371E-07
   -1.182659E+00   -1.666184E-05   -1.589204E-07
   -1.181178E+00   -1.673167E-05   -1.632863E-07
   -1.179698E+00   -1.680190E-05   -1.669368E-07
   -1.178218E+00   -1.686932E-05   -1.706950E-07
   -1.176738E+00   -1.693486E-05   -1.746868E-07
   -1.175258E+00   -1.699737E-05   -1.771952E-07
   -1.173778E+00   -1.705768E-05   -1.783743E-07
   -1.172297E+00   -1.711527E-05   -1.811468E-07
   -1.170817E+00   -1.717322E-05   -1.854068E-07
   -1.169337E+00   -1.723724E-05   -1.933967E-07
   -1.167857E+00   -1.730390E-05   -2.026928E-07
   -1.166377E+00   -1.737374E-05   -2.107644E-07
   -1.164897E+00   -1.744560E-05   -2.192865E-07
   -1.163416E+00   -1.752054E-05   -2.248423E-07
   -1.161936E+00   -1.759398E-05   -2.278787E-07
   -1.160456E+00   -1.766265E-05   -2.274326E-07
   -1.158976E+00   -1.773011E-05   -2.255451E-07
   -1.157496E+00   -1.779328E-05   -2.222325E-07
   -1.156016E+00   -1.785348E-05   -2.178743E-07
   -1.154535E+00   -1.791000E-05   -2.149588E-07
   -1.153055E+00   -1.796731E-05   -2.134788E-07
   -1.151575E+00   -1.803050E-05   -2.133288E-07
   -1.150095E+00   -1.809799E-05   -2.139513E-07
   -1.148615E+00   -1.817386E-05   -2.166929E-07
   -1.147134E+00   -1.825212E-05   -2.193338E-07
   -1.145654E+00   -1.833371E-05   -2.206947E-07
   -1.144174E+00   -1.841416E-05   -2.201798E-07
   -1.142694E+00   -1.848942E-05   -2.159198E-07
   -1.141214E+00   -1.856225E-05   -2.108284E-07
   -1.139734E+00   -1.862937E-05   -2.030162E-07
   -1.138253E+00   -1.869536E-05   -1.955627E-07
   -1.136773E+00   -1.876242E-05   -1.899515E-07
   -1.135293E+00   -1.883047E-05   -1.857801E-07
   -1.133813E+00   -1.890682E-05   -1.857947E-07
   -1.132333E+00   -1.898760E-05   -1.882359E-07
   -1.130853E+00   -1.906762E-05   -1.918566E-07
   -1.129372E+00   -1.914866E-05   -1.925920E-07
   -1.127892E+00   -1.923607E-05   -1.908199E-07
   -1.126412E+00   -1.932339E-05   -1.865530E-07
   -1.124932E+00   -1.939943E-05   -1.783598E-07
   -1.123452E+00   -1.947086E-05   -1.702941E-07
   -1.121972E+00   -1.954048E-05   -1.608162E-07
   -1.120491E+00   -1.960663E-05   -1.518824E-07
   -1.119011E+00   -1.967198E-05   -1.454393E-07
   -1.117531E+00   -1.974078E-05   -1.406992E-07
   -1.116051E+00   -1.981480E-05   -1.414505E-07
   -1.114571E+00   -1.989391E-05   -1.443161E-07
   -1.113090E+00   -1.998173E-05   -1.512167E-07
   -1.111610E+00   -2.007310E-05   -1.601542E-07
   -1.110130E+00   -2.017169E-05   -1.662980E-07
   -1.108650E+00   -2.026768E-05   -1.693121E-07
   -1.107170E+00   -2.035576E-05   -1.695550E-07
   -1.105690E+00   -2.044078E-05   -1.686621E-07
   -1.104209E+00   -2.051841E-05   -1.672243E-07
   -1.102729E+00   -2.059391E-05   -1.668499E-07
   -1.101249E+00   -2.066703E-05   -1.702468E-07
   -1.099769E+00   -2.074259E-05   -1.751639E-07
   -1.098289E+00   -2.082627E-05   -1.833317E-07
   -1.096809E+00   -2.091367E-05   -1.941808E-07
   -1.095328E+00   -2.100658E-05   -2.079754E-07
   -1.093848E+00   -2.110064E-05   -2.212531E-07
   -1.092368E+00   -2.119856E-05   -2.318170E-07
   -1.090888E+00   -2.129690E-05   -2.410187E-07
   -1.089408E+00   -2.138839E-05   -2.438287E-07
   -1.087928E+00   -2.147502E-05   -2.433489E-07
   -1.086447E+00   -2.155392E-05   -2.416247E-07
   -1.084967E+00   -2.162821E-05   -2.404484E-07
   -1.083487E+00   -2.170098E-05   -2.423485E-07
   -1.082007E+00   -2.177837E-05   -2.465077E-07
   -1.080527E+00   -2.186489E-05   -2.554364E-07
   -1.079046E+00   -2.195660E-05   -2.653543E-07
   -1.077566E+00   -2.206287E-05   -2.738263E-07
   -1.076086E+00   -2.217264E-05   -2.813164E-07
   -1.074606E+00   -2.228030E-05   -2.852751E-07
   -1.073126E+00   -2.238715E-05   -2.880325E-07
   -1.071646E+00   -2.248371E-05   -2.869378E-07
   -1.070165E+00   -2.257444E-05   -2.825456E-07
   -1.068685E+00   -2.265811E-05   -2.757199E-07
   -1.067205E+00   -2.273577E-05   -2.696440E-07
   -1.065725E+00   -2.281111E-05   -2.660716E-07
   -1.064245E+00   -2.289209E-05   -2.647554E-07
   -1.062765E+00   -2.298386E-05   -2.671567E-07
   -1.061284E+00   -2.308176E-05   -2.709258E-07
   -1.059804E+00   -2.319541E-05   -2.773030E-07
   -1.058324E+00   -2.331247E-05   -2.835648E-07
   -1.056844E+00   -2.342950E-05   -2.862904E-07
   -1.055364E+00   -2.354136E-05   -2.880993E-07
   -1.053884E+00   -2.363945E-05   -2.862370E-07
   -1.052403E+00   -2.373453E-05   -2.810848E-07
   -1.050923E+00   -2.382381E-05   -2.761686E-07
   -1.049443E+00   -2.391041E-05   -2.723706E-07
   -1.047963E+00   -2.400332E-05   -2.708098E-07
   -1.046483E+00   -2.410362E-05   -2.723410E-07
   -1.045003E+00   -2.420819E-05   -2.806954E-07
   -1.043522E+00   -2.431886E-05   -2.913404E-07
   -1.042042E+00   -2.444599E-05   -3.052414E-07
   -1.040562E+00   -2.457707E-05   -3.188878E-07
   -1.039082E+00   -2.471345E-05   -3.256448E-07
   -1.037602E+00   -2.484741E-05   -3.294811E-07
   -1.036121E+00   -2.496602E-05   -3.279826E-07
   -1.034641E+00   -2.507823E-05   -3.240982E-07
   -1.033161E+00   -2.518135E-05   -3.183380E-07
   -1.031681E+00   -2.528839E-05   -3.117933E-07
   -1.030201E+00   -2.538936E-05   -3.091477E-07
   -1.028721E+00   -2.548884E-05   -3.089596E-07
   -1.027240E+00   -2.562083E-05   -3.149811E-07
   -1.025760E+00   -2.576029E-05   -3.235852E-07
   -1.024280E+00   -2.590253E-05   -3.320029E-07
   -1.022800E+00   -2.604854E-05   -3.389119E-07
   -1.021320E+00   -2.619529E-05   -3.423607E-07
   -1.019840E+00   -2.633724E-05   -3.433128E-07
   -1.018359E+00   -2.646281E-05   -3.334980E-07
   -1.016879E+00   -2.657826E-05   -3.201163E-07
   -1.015399E+00   -2.668052E-05   -3.053278E-07
   -1.013919E+00   -2.678068E-05   -2.906794E-07
   -1.012439E+00   -2.689239E-05   -2.781347E-07
   -1.010959E+00   -2.700850E-05   -2.688118E-07
   -1.009478E+00   -2.713235E-05   -2.657484E-07
   -1.007998E+00   -2.726606E-05   -2.661895E-07
   -1.006518E+00   -2.741659E-05   -2.719814E-07
   -1.005038E+00   -2.757546E-05   -2.770890E-07
   -1.003558E+00   -2.774039E-05   -2.750921E-07
   -1.002077E+00   -2.789617E-05   -2.690277E-07
   -1.000597E+00   -2.802803E-05   -2.569784E-07
   -9.991171E-01   -2.815604E-05   -2.415521E-07
   -9.976369E-01   -2.827221E-05   -2.216153E-07
   -9.961568E-01   -2.838030E-05   -2.024131E-07
   -9.946766E-01   -2.848888E-05   -1.889363E-07
   -9.931964E-01   -2.861378E-05   -1.791434E-07
   -9.917163E-01   -2.875738E-05   -1.774423E-07
   -9.902361E-01   -2.890287E-05   -1.790231E-07
   -9.887559E-01   -2.907099E-05   -1.836386E-07
   -9.872757E-01   -2.924665E-05   -1.859598E-07
   -9.857956E-01   -2.942672E-05   -1.841565E-07
   -9.843154E-01   -2.960243E-05   -1.803147E-07
   -9.828352E-01   -2.974490E-05   -1.672802E-07
   -9.813550E-01   -2.987203E-05   -1.509732E-07
   -9.798749E-01   -2.998531E-05   -1.309346E-07
   -9.783947E-01   -3.009179E-05   -1.106645E-07
   -9.769145E-01   -3.020417E-05   -9.637217E-08
   -9.754343E-01   -3.032704E-05   -8.652292E-08
   -9.739542E-01   -3.047224E-05   -8.521206E-08
   -9.724740E-01   -3.063161E-05   -8.773845E-08
   -9.709938E-01   -3.082260E-05   -9.441506E-08
   -9.695137E-01   -3.102042E-05   -1.017274E-07
   -9.680335E-01   -3.121553E-05   -1.044411E-07
   -9.665533E-01   -3.140267E-05   -1.019790E-07
   -9.650731E-01   -3.157174E-05   -8.973188E-08
   -9.635930E-01   -3.172645E-05   -7.432102E-08
   -9.621128E-01   -3.183998E-05   -5.387584E-08
   -9.606326E-01   -3.193288E-05   -3.248582E-08
   -9.591524E-01   -3.204777E-05   -1.435312E-08
   -9.576723E-01   -3.219007E-05   -4.131741E-10
   -9.561921E-01   -3.235758E-05    5.426343E-11
   -9.547119E-01   -3.253984E-05   -5.336521E-09
   -9.532317E-01   -3.274310E-05   -1.658738E-08
   -9.517516E-01   -3.295589E-05   -2.758580E-08
   -9.502714E-01   -3.318166E-05   -3.371943E-08
   -9.487912E-01   -3.340636E-05   -3.527305E-08
   -9.473110E-01   -3.359492E-05   -2.466485E-08
   -9.458309E-01   -3.376040E-05   -7.768054E-09
   -9.443507E-01   -3.388144E-05    1.497812E-08
   -9.428705E-01   -3.398675E-05    3.843840E-08
   -9.413904E-01   -3.409476E-05    6.093583E-08
   -9.399102E-01   -3.421887E-05    7.985402E-08
   -9.384300E-01   -3.439149E-05    8.663786E-08
   -9.369498E-01   -3.459563E-05    8.893006E-08
   -9.354697E-01   -3.484549E-05    8.636266E-08
   -9.339895E-01   -3.509520E-05    8.544983E-08
   -9.325093E-01   -3.533527E-05    9.248327E-08
   -9.310291E-01   -3.557796E-05    1.028164E-07
   -9.295490E-01   -3.576715E-05    1.260825E-07
   -9.280688E-01   -3.592004E-05    1.570174E-07
   -9.265886E-01   -3.605184E-05    1.983417E-07
   -9.251084E-01   -3.617592E-05    2.413040E-07
   -9.236283E-01   -3.630564E-05    2.853280E-07
   -9.221481E-01   -3.645074E-05    3.255736E-07
   -9.206679E-01   -3.664663E-05    3.565918E-07
   -9.191878E-01   -3.687147E-05    3.819036E-07
   -9.177076E-01   -3.714195E-05    3.986422E-07
   -9.162274E-01   -3.742824E-05    4.159228E-07
   -9.147472E-01   -3.770349E-05    4.383495E-07
   -9.132671E-01   -3.795132E-05    4.682664E-07
   -9.117869E-01   -3.813474E-05    5.122922E-07
   -9.103067E-01   -3.828481E-05    5.625312E-07
   -9.088265E-01   -3.836910E-05    6.264515E-07
   -9.073464E-01   -3.844970E-05    6.941487E-07
   -9.058662E-01   -3.858262E-05    7.602623E-07
   -9.043860E-01   -3.874353E-05    8.231755E-07
   -9.029058E-01   -3.899273E-05    8.799840E-07
   -9.014257E-01   -3.928601E-05    9.325365E-07
   -8.999455E-01   -3.963719E-05    9.768613E-07
   -8.984653E-01   -3.999566E-05    1.019598E-06
   -8.969851E-01   -4.035172E-05    1.072496E-06
   -8.955050E-01   -4.068819E-05    1.135550E-06
   -8.940248E-01   -4.089719E-05    1.218689E-06
   -8.925446E-01   -4.103789E-05    1.310409E-06
   -8.910645E-01   -4.110747E-05    1.415690E-06
   -8.895843E-01   -4.117108E-05    1.530732E-06
   -8.881041E-01   -4.129212E-05    1.660508E-06
   -8.866239E-01   -4.147010E-05    1.791480E-06
   -8.851438E-01   -4.181674E-05    1.920994E-06
   -8.836636E-01   -4.221741E-05    2.047765E-06
   -8.821834E-01   -4.268157E-05    2.169726E-06
   -8.807032E-01   -4.316566E-05    2.296647E-06
   -8.792231E-01   -4.358077E-05    2.439203E-06
   -8.777429E-01   -4.393578E-05    2.594288E-06
   -8.762627E-01   -4.415085E-05    2.784826E-06
   -8.747825E-01   -4.432515E-05    2.991824E-06
   -8.733024E-01   -4.437918E-05    3.228394E-06
   -8.718222E-01   -4.440040E-05    3.475339E-06
   -8.703420E-01   -4.459945E-05    3.740266E-06
   -8.688619E-01   -4.491545E-05    4.011881E-06
   -8.673817E-01   -4.545483E-05    4.296167E-06
   -8.659015E-01   -4.611614E-05    4.585415E-06
   -8.644213E-01   -4.683735E-05    4.892993E-06
   -8.629412E-01   -4.757546E-05    5.213784E-06
   -8.614610E-01   -4.832203E-05    5.573274E-06
   -8.599808E-01   -4.895405E-05    5.961887E-06
   -8.585006E-01   -4.934383E-05    6.412701E-06
   -8.570205E-01   -4.959437E-05    6.897301E-06
   -8.555403E-01   -4.965066E-05    7.453050E-06
   -8.540601E-01   -4.975765E-05    8.040819E-06
   -8.525799E-01   -5.018324E-05    8.683829E-06
   -8.510998E-01   -5.085707E-05    9.354105E-06
   -8.496196E-01   -5.209612E-05    1.008497E-05
   -8.481394E-01   -5.361933E-05    1.084931E-05
   -8.466592E-01   -5.554238E-05    1.170140E-05
   -8.451791E-01   -5.755243E-05    1.260718E-05
   -8.436989E-01   -5.940766E-05    1.365405E-05
   -8.422187E-01   -6.105795E-05    1.478591E-05
   -8.407386E-01   -6.228715E-05    1.609101E-05
   -8.392584E-01   -6.336383E-05    1.749716E-05
   -8.377782E-01   -6.453737E-05    1.913012E-05
   -8.362980E-01   -6.596230E-05    2.087144E-05
   -8.348179E-01   -6.833146E-05    2.282685E-05
   -8.333377E-01   -7.152567E-05    2.490601E-05
   -8.318575E-01   -7.668107E-05    2.725955E-05
   -8.303773E-01   -8.278181E-05    2.976705E-05
   -8.288972E-01   -9.072793E-05    3.264914E-05
   -8.274170E-01   -9.928338E-05    3.577166E-05
   -8.259368E-01   -1.085842E-04    3.945625E-05
   -8.244566E-01   -1.180447E-04    4.346983E-05
   -8.229765E-01   -1.277017E-04    4.825511E-05
   -8.214963E-01   -1.379251E-04    5.346529E-05
   -8.200161E-01   -1.508460E-04    5.963102E-05
   -8.185360E-01   -1.661223E-04    6.631552E-05
   -8.170558E-01   -1.883588E-04    7.413055E-05
   -8.155756E-01   -2.154402E-04    8.258630E-05
   -8.140954E-01   -2.546035E-04    9.250961E-05
   -8.126153E-01   -3.006978E-04    1.033039E-04
   -8.111351E-01   -3.620000E-04    1.162333E-04
   -8.096549E-01   -4.314252E-04    1.304426E-04
   -8.081747E-01   -5.185510E-04    1.476918E-04
   -8.066946E-01   -6.159353E-04    1.667628E-04
   -8.052144E-01   -7.392540E-04    1.899968E-04
   -8.037342E-01   -8.797696E-04    2.155420E-04
   -8.022540E-01   -1.067769E-03    2.461780E-04
   -8.007739E-01   -1.288671E-03    2.795410E-04
   -7.992937E-01   -1.595287E-03    3.185905E-04
   -7.978135E-01   -1.956252E-03    3.604996E-04
   -7.963334E-01   -2.450142E-03    4.080063E-04
   -7.948532E-01   -3.020676E-03    4.581824E-04
   -7.933730E-01   -3.758170E-03    5.131160E-04
   -7.918928E-01   -4.582162E-03    5.698978E-04
   -7.904127E-01   -5.577433E-03    6.287882E-04
   -7.889325E-01   -6.652789E-03    6.876499E-04
   -7.874523E-01   -7.868458E-03    7.438084E-04
   -7.859721E-01   -9.140086E-03    7.971809E-04
   -7.844920E-01   -1.049456E-02    8.423995E-04
   -7.830118E-01   -1.187380E-02    8.825994E-04
   -7.815316E-01   -1.326567E-02    9.120700E-04
   -7.800514E-01   -1.464633E-02    9.365481E-04
   -7.785713E-01   -1.596630E-02    9.529811E-04
   -7.770911E-01   -1.724010E-02    9.668575E-04
   -7.756109E-01   -1.840003E-02    9.790701E-04
   -7.741307E-01   -1.949502E-02    9.922063E-04
   -7.726506E-01   -2.045550E-02    1.010301E-03
   -7.711704E-01   -2.135445E-02    1.032114E-03
   -7.696902E-01   -2.215711E-02    1.063197E-03
   -7.682101E-01   -2.293192E-02    1.099491E-03
   -7.667299E-01   -2.370293E-02    1.146807E-03
   -7.652497E-01   -2.450231E-02    1.199701E-03
   -7.637695E-01   -2.542273E-02    1.263497E-03
   -7.622894E-01   -2.643345E-02    1.332477E-03
   -7.608092E-01   -2.767540E-02    1.410991E-03
   -7.593290E-01   -2.905087E-02    1.493573E-03
   -7.578488E-01   -3.070957E-02    1.582224E-03
   -7.563687E-01   -3.250683E-02    1.672414E-03
   -7.548885E-01   -3.455108E-02    1.761589E-03
   -7.534083E-01   -3.669298E-02    1.847826E-03
   -7.519281E-01   -3.896162E-02    1.922957E-03
   -7.504480E-01   -4.125335E-02    1.990071E-03
   -7.489678E-01   -4.350385E-02    2.037386E-03
   -7.474876E-01   -4.569001E-02    2.073773E-03
   -7.460075E-01   -4.766173E-02    2.088320E-03
   -7.445273E-01   -4.948651E-02    2.092962E-03
   -7.430471E-01   -5.094550E-02    2.081222E-03
   -7.415669E-01   -5.218690E-02    2.063401E-03
   -7.400868E-01   -5.292821E-02    2.037741E-03
   -7.386066E-01   -5.339066E-02    2.010056E-03
   -7.371264E-01   -5.324596E-02    1.980968E-03
   -7.356462E-01   -5.277758E-02    1.951796E-03
   -7.341661E-01   -5.163312E-02    1.922176E-03
   -7.326859E-01   -5.014376E-02    1.891495E-03
   -7.312057E-01   -4.796678E-02    1.855845E-03
   -7.297255E-01   -4.545494E-02    1.815947E-03
   -7.282454E-01   -4.230805E-02    1.763931E-03
   -7.267652E-01   -3.886981E-02    1.704241E-03
   -7.252850E-01   -3.491914E-02    1.627131E-03
   -7.238048E-01   -3.075721E-02    1.541018E-03
   -7.223247E-01   -2.628234E-02    1.438076E-03
   -7.208445E-01   -2.171476E-02    1.328198E-03
   -7.193643E-01   -1.710256E-02    1.208772E-03
   -7.178842E-01   -1.254132E-02    1.087167E-03
   -7.164040E-01   -8.223494E-03    9.667160E-04
   -7.149238E-01   -4.090024E-03    8.494229E-04
   -7.134436E-01   -4.242672E-04    7.428429E-04
   -7.119635E-01    2.975074E-03    6.433378E-04
   -7.104833E-01    5.812322E-03    5.602214E-04
   -7.090031E-01    8.371254E-03    4.858888E-04
   -7.075229E-01    1.040739E-02    4.294226E-04
   -7.060428E-01    1.220854E-02    3.817022E-04
   -7.045626E-01    1.360311E-02    3.506496E-04
   -7.030824E-01    1.482683E-02    3.274035E-04
   -7.016022E-01    1.576678E-02    3.184912E-04
   -7.001221E-01    1.658842E-02    3.160079E-04
   -6.986419E-01    1.720784E-02    3.247952E-04
   -6.971617E-01    1.773643E-02    3.383760E-04
   -6.956816E-01    1.809343E-02    3.596035E-04
   -6.942014E-01    1.836648E-02    3.836441E-04
   -6.927212E-01    1.847294E-02    4.110565E-04
   -6.912410E-01    1.849741E-02    4.389278E-04
   -6.897609E-01    1.836815E-02    4.653522E-04
   -6.882807E-01    1.817039E-02    4.897903E-04
   -6.868005E-01    1.785667E-02    5.077750E-04
   -6.853203E-01    1.749827E-02    5.214093E-04
   -6.838402E-01    1.707998E-02    5.247021E-04
   -6.823600E-01    1.664547E-02    5.225026E-04
   -6.808798E-01    1.620226E-02    5.098195E-04
   -6.793996E-01    1.576534E-02    4.927411E-04
   -6.779195E-01    1.535809E-02    4.697282E-04
   -6.764393E-01    1.497230E-02    4.454989E-04
   -6.749591E-01    1.464058E-02    4.224174E-04
   -6.734789E-01    1.434082E-02    4.014981E-04
   -6.719988E-01    1.411198E-02    3.870163E-04
   -6.705186E-01    1.392084E-02    3.763261E-04
   -6.690384E-01    1.380621E-02    3.733081E-04
   -6.675583E-01    1.372758E-02    3.737511E-04
   -6.660781E-01    1.370929E-02    3.801695E-04
   -6.645979E-01    1.371123E-02    3.891784E-04
   -6.631177E-01    1.372623E-02    4.030513E-04
   -6.616376E-01    1.373107E-02    4.195587E-04
   -6.601574E-01    1.367769E-02    4.425517E-04
   -6.586772E-01    1.357477E-02    4.696126E-04
   -6.571970E-01    1.333133E-02    5.063232E-04
   -6.557169E-01    1.299934E-02    5.481967E-04
   -6.542367E-01    1.245861E-02    5.997049E-04
   -6.527565E-01    1.180112E-02    6.548192E-04
   -6.512763E-01    1.089653E-02    7.128660E-04
   -6.497962E-01    9.867274E-03    7.698060E-04
   -6.483160E-01    8.600161E-03    8.196194E-04
   -6.468358E-01    7.226104E-03    8.643579E-04
   -6.453557E-01    5.680575E-03    8.987388E-04
   -6.438755E-01    4.079312E-03    9.293116E-04
   -6.423953E-01    2.440769E-03    9.574838E-04
   -6.409151E-01    8.266720E-04    9.873492E-04
   -6.394350E-01   -6.485490E-04    1.025003E-03
   -6.379548E-01   -2.009670E-03    1.067159E-03
   -6.364746E-01   -3.067639E-03    1.115787E-03
   -6.349944E-01   -3.947255E-03    1.164838E-03
   -6.335143E-01   -4.445925E-03    1.207794E-03
   -6.320341E-01   -4.759896E-03    1.244899E-03
   -6.305539E-01   -4.753063E-03    1.268125E-03
   -6.290737E-01   -4.627982E-03    1.285768E-03
   -6.275936E-01   -4.379194E-03    1.300292E-03
   -6.261134E-01   -4.136075E-03    1.319279E-03
   -6.246332E-01   -4.050375E-03    1.361085E-03
   -6.231530E-01   -4.115733E-03    1.421100E-03
   -6.216729E-01   -4.615532E-03    1.528590E-03
   -6.201927E-01   -5.386438E-03    1.663038E-03
   -6.187125E-01   -6.771736E-03    1.852948E-03
   -6.172324E-01   -8.477750E-03    2.069157E-03
   -6.157522E-01   -1.080167E-02    2.330916E-03
   -6.142720E-01   -1.340035E-02    2.610406E-03
   -6.127918E-01   -1.643842E-02    2.913167E-03
   -6.113117E-01   -1.962579E-02    3.220951E-03
   -6.098315E-01   -2.295918E-02    3.525494E-03
   -6.083513E-01   -2.629113E-02    3.822327E-03
   -6.068711E-01   -2.949254E-02    4.094303E-03
   -6.053910E-01   -3.257943E-02    4.350974E-03
   -6.039108E-01   -3.537513E-02    4.575910E-03
   -6.024306E-01   -3.801196E-02    4.786760E-03
   -6.009504E-01   -4.032745E-02    4.976560E-03
   -5.994703E-01   -4.248545E-02    5.160531E-03
   -5.979901E-01   -4.432978E-02    5.342833E-03
   -5.965099E-01   -4.600856E-02    5.528613E-03
   -5.950298E-01   -4.731117E-02    5.727750E-03
   -5.935496E-01   -4.838782E-02    5.935137E-03
   -5.920694E-01   -4.890527E-02    6.157827E-03
   -5.905892E-01   -4.907872E-02    6.385130E-03
   -5.891091E-01   -4.842927E-02    6.609729E-03
   -5.876289E-01   -4.730515E-02    6.824134E-03
   -5.861487E-01   -4.513334E-02    6.996099E-03
   -5.846685E-01   -4.241183E-02    7.134571E-03
   -5.831884E-01   -3.859882E-02    7.182805E-03
   -5.817082E-01   -3.427814E-02    7.177498E-03
   -5.802280E-01   -2.908880E-02    7.059220E-03
   -5.787478E-01   -2.356960E-02    6.888910E-03
   -5.772677E-01   -1.764638E-02    6.640012E-03
   -5.757875E-01   -1.166177E-02    6.371657E-03
   -5.743073E-01   -5.834453E-03    6.113084E-03
   -5.728271E-01   -2.135945E-04    5.884194E-03
   -5.713470E-01    4.785494E-03    5.756266E-03
   -5.698668E-01    9.399423E-03    5.691889E-03
   -5.683866E-01    1.315826E-02    5.760036E-03
   -5.669065E-01    1.647729E-02    5.886348E-03
   -5.654263E-01    1.894016E-02    6.092948E-03
   -5.639461E-01    2.100286E-02    6.313716E-03
   -5.624659E-01    2.233734E-02    6.499880E-03
   -5.609858E-01    2.334410E-02    6.634239E-03
   -5.595056E-01    2.375666E-02    6.593987E-03
   -5.580254E-01    2.389453E-02    6.432274E-03
   -5.565452E-01    2.351153E-02    5.966848E-03
   -5.550651E-01    2.287552E-02    5.326104E-03
   -5.535849E-01    2.174063E-02    4.308588E-03
   -5.521047E-01    2.036071E-02    3.102642E-03
   -5.506245E-01    1.850748E-02    1.549169E-03
   -5.491444E-01    1.643434E-02   -1.494245E-04
   -5.476642E-01    1.397606E-02   -2.059841E-03
   -5.461840E-01    1.136387E-02   -4.032031E-03
   -5.447039E-01    8.541990E-03   -6.042852E-03
   -5.432237E-01    5.670863E-03   -8.038429E-03
   -5.417435E-01    2.817648E-03   -9.958540E-03
   -5.402633E-01    2.776373E-05   -1.183135E-02
   -5.387832E-01   -2.543157E-03   -1.361208E-02
   -5.373030E-01   -4.969443E-03   -1.535450E-02
   -5.358228E-01   -7.061899E-03   -1.703803E-02
   -5.343426E-01   -8.976896E-03   -1.869851E-02
   -5.328625E-01   -1.053191E-02   -2.031668E-02
   -5.313823E-01   -1.190887E-02   -2.191097E-02
   -5.299021E-01   -1.293624E-02   -2.344584E-02
   -5.284219E-01   -1.379033E-02   -2.494333E-02
   -5.269418E-01   -1.429649E-02   -2.634736E-02
   -5.254616E-01   -1.462726E-02   -2.769233E-02
   -5.239814E-01   -1.460688E-02   -2.888440E-02
   -5.225013E-01   -1.441469E-02   -2.997605E-02
   -5.210211E-01   -1.390101E-02   -3.080570E-02
   -5.195409E-01   -1.324519E-02   -3.147024E-02
   -5.180607E-01   -1.235695E-02   -3.174085E-02
   -5.165806E-01   -1.138553E-02   -3.179222E-02
   -5.151004E-01   -1.032291E-02   -3.139263E-02
   -5.136202E-01   -9.253227E-03   -3.078083E-02
   -5.121400E-01   -8.243401E-03   -2.980819E-02
   -5.106599E-01   -7.296128E-03   -2.869918E-02
   -5.091797E-01   -6.524032E-03   -2.741108E-02
   -5.076995E-01   -5.855290E-03   -2.607277E-02
   -5.062193E-01   -5.403804E-03   -2.468160E-02
   -5.047392E-01   -5.055682E-03   -2.326849E-02
   -5.032590E-01   -4.885076E-03   -2.178531E-02
   -5.017788E-01   -4.781090E-03   -2.024274E-02
   -5.002986E-01   -4.758306E-03   -1.852846E-02
   -4.988185E-01   -4.750504E-03   -1.670935E-02
   -4.973383E-01   -4.730107E-03   -1.467351E-02
   -4.958581E-01   -4.689731E-03   -1.254612E-02
   -4.943780E-01   -4.600151E-03   -1.031159E-02
   -4.928978E-01   -4.490950E-03   -8.079340E-03
   -4.914176E-01   -4.367968E-03   -5.985527E-03
   -4.899374E-01   -4.254680E-03   -4.029641E-03
   -4.884573E-01   -4.192418E-03   -2.469917E-03
   -4.869771E-01   -4.166778E-03   -1.150037E-03
   -4.854969E-01   -4.216746E-03   -3.410877E-04
   -4.840167E-01   -4.291281E-03    2.264867E-04
   -4.825366E-01   -4.353701E-03    3.981328E-04
   -4.810564E-01   -4.359812E-03    4.401564E-04
   -4.795762E-01   -4.113993E-03    3.940121E-04
   -4.780960E-01   -3.654881E-03    3.974223E-04
   -4.766159E-01   -2.566715E-03    6.837747E-04
   -4.751357E-01   -1.055882E-03    1.192399E-03
   -4.736555E-01    1.514784E-03    2.269057E-03
   -4.721754E-01    4.712502E-03    3.665662E-03
   -4.706952E-01    9.316747E-03    5.712290E-03
   -4.692150E-01    1.467071E-02    8.055653E-03
   -4.677348E-01    2.154165E-02    1.087129E-02
   -4.662547E-01    2.913875E-02    1.383570E-02
   -4.647745E-01    3.804366E-02    1.689039E-02
   -4.632943E-01    4.749511E-02    1.988450E-02
   -4.618141E-01    5.777521E-02    2.257264E-02
   -4.603340E-01    6.832552E-02    2.504250E-02
   -4.588538E-01    7.913208E-02    2.701707E-02
   -4.573736E-01    8.994017E-02    2.875205E-02
   -4.558934E-01    1.005506E-01    3.008814E-02
   -4.544133E-01    1.109938E-01    3.128588E-02
   -4.529331E-01    1.210313E-01    3.234309E-02
   -4.514529E-01    1.308583E-01    3.339129E-02
   -4.499727E-01    1.402906E-01    3.450732E-02
   -4.484926E-01    1.495488E-01    3.567458E-02
   -4.470124E-01    1.585073E-01    3.692294E-02
   -4.455322E-01    1.673334E-01    3.817616E-02
   -4.440521E-01    1.759074E-01    3.933419E-02
   -4.425719E-01    1.843495E-01    4.038795E-02
   -4.410917E-01    1.924964E-01    4.114093E-02
   -4.396115E-01    2.004739E-01    4.172210E-02
   -4.381314E-01    2.080665E-01    4.198703E-02
   -4.366512E-01    2.154467E-01    4.214601E-02
   -4.351710E-01    2.223750E-01    4.226561E-02
   -4.336908E-01    2.290727E-01    4.247401E-02
   -4.322107E-01    2.353197E-01    4.308716E-02
   -4.307305E-01    2.413563E-01    4.400297E-02
   -4.292503E-01    2.470163E-01    4.566492E-02
   -4.277701E-01    2.525145E-01    4.772887E-02
   -4.262900E-01    2.577405E-01    5.056267E-02
   -4.248098E-01    2.628501E-01    5.372083E-02
   -4.233296E-01    2.677440E-01    5.733545E-02
   -4.218495E-01    2.725243E-01    6.105808E-02
   -4.203693E-01    2.770374E-01    6.473299E-02
   -4.188891E-01    2.813857E-01    6.825201E-02
   -4.174089E-01    2.853327E-01    7.121488E-02
   -4.159288E-01    2.890470E-01    7.379616E-02
   -4.144486E-01    2.922561E-01    7.545849E-02
   -4.129684E-01    2.952111E-01    7.661371E-02
   -4.114882E-01    2.976969E-01    7.672271E-02
   -4.100081E-01    2.999863E-01    7.632056E-02
   -4.085279E-01    3.019869E-01    7.496015E-02
   -4.070477E-01    3.039001E-01    7.316321E-02
   -4.055675E-01    3.057483E-01    7.058597E-02
   -4.040874E-01    3.076102E-01    6.766800E-02
   -4.026072E-01    3.095718E-01    6.418581E-02
   -4.011270E-01    3.116107E-01    6.049934E-02
   -3.996468E-01    3.138531E-01    5.661463E-02
   -3.981667E-01    3.162252E-01    5.276402E-02
   -3.966865E-01    3.189319E-01    4.928432E-02
   -3.952063E-01    3.218557E-01    4.614063E-02
   -3.937262E-01    3.253360E-01    4.392428E-02
   -3.922460E-01    3.291615E-01    4.225751E-02
   -3.907658E-01    3.338051E-01    4.175810E-02
   -3.892856E-01    3.389089E-01    4.182477E-02
   -3.878055E-01    3.449919E-01    4.290050E-02
   -3.863253E-01    3.515667E-01    4.438723E-02
   -3.848451E-01    3.590700E-01    4.646997E-02
   -3.833649E-01    3.669826E-01    4.872957E-02
   -3.818848E-01    3.755593E-01    5.110425E-02
   -3.804046E-01    3.843760E-01    5.342836E-02
   -3.789244E-01    3.934768E-01    5.547523E-02
   -3.774442E-01    4.026256E-01    5.732281E-02
   -3.759641E-01    4.117088E-01    5.871278E-02
   -3.744839E-01    4.207005E-01    5.987438E-02
   -3.730037E-01    4.294508E-01    6.062929E-02
   -3.715236E-01    4.380846E-01    6.122273E-02
   -3.700434E-01    4.465611E-01    6.159763E-02
   -3.685632E-01    4.550251E-01    6.192391E-02
   -3.670830E-01    4.636340E-01    6.229705E-02
   -3.656029E-01    4.724055E-01    6.278229E-02
   -3.641227E-01    4.816659E-01    6.370682E-02
   -3.626425E-01    4.912321E-01    6.497087E-02
   -3.611623E-01    5.014760E-01    6.714252E-02
   -3.596822E-01    5.120615E-01    6.984927E-02
   -3.582020E-01    5.232817E-01    7.366153E-02
   -3.567218E-01    5.347755E-01    7.795563E-02
   -3.552416E-01    5.467093E-01    8.287074E-02
   -3.537615E-01    5.588086E-01    8.782943E-02
   -3.522813E-01    5.711395E-01    9.219252E-02
   -3.508011E-01    5.835448E-01    9.587542E-02
   -3.493209E-01    5.960312E-01    9.743167E-02
   -3.478408E-01    6.085279E-01    9.758443E-02
   -3.463606E-01    6.209802E-01    9.441912E-02
   -3.448804E-01    6.333677E-01    8.945852E-02
   -3.434003E-01    6.455034E-01    8.092084E-02
   -3.419201E-01    6.574261E-01    7.075014E-02
   -3.404399E-01    6.686838E-01    5.789376E-02
   -3.389597E-01    6.794529E-01    4.408753E-02
   -3.374796E-01    6.888607E-01    2.928849E-02
   -3.359994E-01    6.973665E-01    1.446491E-02
   -3.345192E-01    7.035937E-01    5.038216E-04
   -3.330390E-01    7.084478E-01   -1.260865E-02
   -3.315589E-01    7.101471E-01   -2.329527E-02
   -3.300787E-01    7.101220E-01   -3.247017E-02
   -3.285985E-01    7.065205E-01   -3.818560E-02
   -3.271183E-01    7.011715E-01   -4.205288E-02
   -3.256382E-01    6.926416E-01   -4.221847E-02
   -3.241580E-01    6.827943E-01   -4.065198E-02
   -3.226778E-01    6.710627E-01   -3.607964E-02
   -3.211977E-01    6.588401E-01   -3.031588E-02
   -3.197175E-01    6.466134E-01   -2.287972E-02
   -3.182373E-01    6.348663E-01   -1.496680E-02
   -3.167571E-01    6.249303E-01   -6.767740E-03
   -3.152770E-01    6.162252E-01    1.282447E-03
   -3.137968E-01    6.103594E-01    8.542819E-03
   -3.123166E-01    6.059452E-01    1.520670E-02
   -3.108364E-01    6.041835E-01    2.036425E-02
   -3.093563E-01    6.034857E-01    2.466378E-02
   -3.078761E-01    6.041970E-01    2.716405E-02
   -3.063959E-01    6.052108E-01    2.879569E-02
   -3.049157E-01    6.060594E-01    2.889535E-02
   -3.034356E-01    6.065147E-01    2.838601E-02
   -3.019554E-01    6.058007E-01    2.701584E-02
   -3.004752E-01    6.044572E-01    2.537575E-02
   -2.989950E-01    6.020691E-01    2.341308E-02
   -2.975149E-01    5.994031E-01    2.133035E-02
   -2.960347E-01    5.968800E-01    1.897396E-02
   -2.945545E-01    5.948405E-01    1.643695E-02
   -2.930744E-01    5.946237E-01    1.348135E-02
   -2.915942E-01    5.957165E-01    1.034018E-02
   -2.901140E-01    6.000898E-01    7.019174E-03
   -2.886338E-01    6.063385E-01    3.772254E-03
   -2.871537E-01    6.165836E-01    1.089614E-03
   -2.856735E-01    6.288288E-01   -1.092971E-03
   -2.841933E-01    6.448403E-01   -1.883608E-03
   -2.827131E-01    6.625060E-01   -1.824242E-03
   -2.812330E-01    6.828227E-01    1.530889E-04
   -2.797528E-01    7.040544E-01    3.164781E-03
   -2.782726E-01    7.261735E-01    8.363068E-03
   -2.767924E-01    7.482291E-01    1.471100E-02
   -2.753123E-01    7.691301E-01    2.347389E-02
   -2.738321E-01    7.889640E-01    3.349358E-02
   -2.723519E-01    8.057951E-01    4.606162E-02
   -2.708718E-01    8.207736E-01    5.985937E-02
   -2.693916E-01    8.315539E-01    7.584873E-02
   -2.679114E-01    8.401066E-01    9.269249E-02
   -2.664312E-01    8.441871E-01    1.105445E-01
   -2.649511E-01    8.461344E-01    1.284582E-01
   -2.634709E-01    8.442081E-01    1.454932E-01
   -2.619907E-01    8.406102E-01    1.615738E-01
   -2.605105E-01    8.342801E-01    1.747881E-01
   -2.590304E-01    8.269016E-01    1.861754E-01
   -2.575502E-01    8.180348E-01    1.933696E-01
   -2.560700E-01    8.086946E-01    1.983468E-01
   -2.545898E-01    7.988523E-01    1.989599E-01
   -2.531097E-01    7.889239E-01    1.975654E-01
   -2.516295E-01    7.790348E-01    1.927158E-01
   -2.501493E-01    7.692154E-01    1.864781E-01
   -2.486692E-01    7.595419E-01    1.781640E-01
   -2.471890E-01    7.499121E-01    1.691299E-01
   -2.457088E-01    7.402821E-01    1.591696E-01
   -2.442286E-01    7.306130E-01    1.489264E-01
   -2.427485E-01    7.208329E-01    1.383175E-01
   -2.412683E-01    7.110172E-01    1.275507E-01
   -2.397881E-01    7.012559E-01    1.163896E-01
   -2.383079E-01    6.916240E-01    1.049452E-01
   -2.368278E-01    6.825091E-01    9.272004E-02
   -2.353476E-01    6.737891E-01    8.001183E-02
   -2.338674E-01    6.660994E-01    6.626410E-02
   -2.323872E-01    6.590063E-01    5.205549E-02
   -2.309071E-01    6.531583E-01    3.728526E-02
   -2.294269E-01    6.478973E-01    2.253633E-02
   -2.279467E-01    6.436276E-01    8.618511E-03
   -2.264665E-01    6.397230E-01   -4.455664E-03
   -2.249864E-01    6.362617E-01   -1.506894E-02
   -2.235062E-01    6.328948E-01   -2.418056E-02
   -2.220260E-01    6.295434E-01   -3.008682E-02
   -2.205459E-01    6.261711E-01   -3.447790E-02
   -2.190657E-01    6.228227E-01   -3.634256E-02
   -2.175855E-01    6.195722E-01   -3.729690E-02
   -2.161053E-01    6.167591E-01   -3.716137E-02
   -2.146252E-01    6.142980E-01   -3.676839E-02
   -2.131450E-01    6.127935E-01   -3.613941E-02
   -2.116648E-01    6.118733E-01   -3.535351E-02
   -2.101846E-01    6.122859E-01   -3.385378E-02
   -2.087045E-01    6.134274E-01   -3.169640E-02
   -2.072243E-01    6.161290E-01   -2.759725E-02
   -2.057441E-01    6.196562E-01   -2.229535E-02
   -2.042639E-01    6.249103E-01   -1.444180E-02
   -2.027838E-01    6.310483E-01   -5.442023E-03
   -2.013036E-01    6.389248E-01    5.180791E-03
   -1.998234E-01    6.475996E-01    1.611238E-02
   -1.983433E-01    6.575859E-01    2.645479E-02
   -1.968631E-01    6.680074E-01    3.588235E-02
   -1.953829E-01    6.787221E-01    4.237315E-02
   -1.939027E-01    6.892514E-01    4.697912E-02
   -1.924226E-01    6.987275E-01    4.735343E-02
   -1.909424E-01    7.073646E-01    4.558817E-02
   -1.894622E-01    7.138244E-01    3.990257E-02
   -1.879820E-01    7.190302E-01    3.261437E-02
   -1.865019E-01    7.215817E-01    2.311035E-02
   -1.850217E-01    7.228181E-01    1.307807E-02
   -1.835415E-01    7.215847E-01    3.200408E-03
   -1.820613E-01    7.192439E-01   -6.030958E-03
   -1.805812E-01    7.149987E-01   -1.302373E-02
   -1.791010E-01    7.099713E-01   -1.856872E-02
   -1.776208E-01    7.037368E-01   -2.090449E-02
   -1.761406E-01    6.970858E-01   -2.164853E-02
   -1.746605E-01    6.899931E-01   -1.950861E-02
   -1.731803E-01    6.828819E-01   -1.615532E-02
   -1.717001E-01    6.761320E-01   -1.085458E-02
   -1.702200E-01    6.697422E-01   -4.772120E-03
   -1.687398E-01    6.643455E-01    2.650321E-03
   -1.672596E-01    6.595151E-01    1.070863E-02
   -1.657794E-01    6.557845E-01    2.005258E-02
   -1.642993E-01    6.524926E-01    3.002834E-02
   -1.628191E-01    6.496789E-01    4.108524E-02
   -1.613389E-01    6.468380E-01    5.246493E-02
   -1.598587E-01    6.433482E-01    6.377194E-02
   -1.583786E-01    6.392491E-01    7.456625E-02
   -1.568984E-01    6.334773E-01    8.326972E-02
   -1.554182E-01    6.267374E-01    9.042446E-02
   -1.539380E-01    6.180355E-01    9.371505E-02
   -1.524579E-01    6.084653E-01    9.488585E-02
   -1.509777E-01    5.976075E-01    9.191456E-02
   -1.494975E-01    5.864117E-01    8.715299E-02
   -1.480174E-01    5.752268E-01    7.973887E-02
   -1.465372E-01    5.643792E-01    7.156414E-02
   -1.450570E-01    5.547529E-01    6.301618E-02
   -1.435768E-01    5.459148E-01    5.478013E-02
   -1.420967E-01    5.387743E-01    4.789729E-02
   -1.406165E-01    5.324249E-01    4.189614E-02
   -1.391363E-01    5.273425E-01    3.775662E-02
   -1.376561E-01    5.226701E-01    3.446454E-02
   -1.361760E-01    5.183239E-01    3.250295E-02
   -1.346958E-01    5.139144E-01    3.096196E-02
   -1.332156E-01    5.090379E-01    2.972002E-02
   -1.317354E-01    5.038361E-01    2.836577E-02
   -1.302553E-01    4.979717E-01    2.635004E-02
   -1.287751E-01    4.918472E-01    2.385816E-02
   -1.272949E-01    4.854601E-01    2.030736E-02
   -1.258147E-01    4.791025E-01    1.626881E-02
   -1.243346E-01    4.731333E-01    1.149812E-02
   -1.228544E-01    4.675020E-01    6.532298E-03
   -1.213742E-01    4.627528E-01    1.540240E-03
   -1.198941E-01    4.584953E-01   -3.308076E-03
   -1.184139E-01    4.552117E-01   -7.656803E-03
   -1.169337E-01    4.523602E-01   -1.170999E-02
   -1.154535E-01    4.501910E-01   -1.518718E-02
   -1.139734E-01    4.482544E-01   -1.841638E-02
   -1.124932E-01    4.465697E-01   -2.123841E-02
   -1.110130E-01    4.449226E-01   -2.387858E-02
   -1.095328E-01    4.432300E-01   -2.611563E-02
   -1.080527E-01    4.414813E-01   -2.808551E-02
   -1.065725E-01    4.395883E-01   -2.932052E-02
   -1.050923E-01    4.376077E-01   -3.007714E-02
   -1.036121E-01    4.353863E-01   -2.969207E-02
   -1.021320E-01    4.329815E-01   -2.868830E-02
   -1.006518E-01    4.300175E-01   -2.647319E-02
   -9.917163E-02    4.266538E-01   -2.372930E-02
   -9.769145E-02    4.222452E-01   -2.019437E-02
   -9.621128E-02    4.172158E-01   -1.644010E-02
   -9.473110E-02    4.108502E-01   -1.265345E-02
   -9.325093E-02    4.038370E-01   -9.063142E-03
   -9.177076E-02    3.957107E-01   -6.268589E-03
   -9.029058E-02    3.871726E-01   -4.037071E-03
   -8.881041E-02    3.781441E-01   -3.130679E-03
   -8.733024E-02    3.690160E-01   -2.893618E-03
   -8.585006E-02    3.598485E-01   -3.791731E-03
   -8.436989E-02    3.506397E-01   -5.051962E-03
   -8.288972E-02    3.410621E-01   -6.477281E-03
   -8.140954E-02    3.310375E-01   -7.682880E-03
   -7.992937E-02    3.194035E-01   -7.923597E-03
   -7.844920E-02    3.065563E-01   -7.516901E-03
   -7.696902E-02    2.904758E-01   -5.758671E-03
   -7.548885E-02    2.724399E-01   -3.443000E-03
   -7.400868E-02    2.500489E-01   -5.016860E-04
   -7.252850E-02    2.254122E-01    2.427219E-03
   -7.104833E-02    1.964887E-01    4.638215E-03
   -6.956816E-02    1.656890E-01    6.182831E-03
   -6.808798E-02    1.319474E-01    5.958433E-03
   -6.660781E-02    9.723532E-02    4.752207E-03
   -6.512763E-02    6.166967E-02    1.649495E-03
   -6.364746E-02    2.621170E-02   -2.247271E-03
   -6.216729E-02   -8.073198E-03   -7.236430E-03
   -6.068711E-02   -4.138221E-02   -1.246709E-02
   -5.920694E-02   -7.217393E-02   -1.753774E-02
   -5.772677E-02   -1.015315E-01   -2.222758E-02
   -5.624659E-02   -1.278586E-01   -2.565588E-02
   -5.476642E-02   -1.526618E-01   -2.827438E-02
   -5.328625E-02   -1.745010E-01   -2.907693E-02
   -5.180607E-02   -1.949325E-01   -2.895514E-02
   -5.032590E-02   -2.127421E-01   -2.710576E-02
   -4.884573E-02   -2.293582E-01   -2.452258E-02
   -4.736555E-02   -2.438687E-01   -2.085414E-02
   -4.588538E-02   -2.574916E-01   -1.688738E-02
   -4.440521E-02   -2.697097E-01   -1.290096E-02
   -4.292503E-02   -2.814179E-01   -9.225053E-03
   -4.144486E-02   -2.924653E-01   -6.839147E-03
   -3.996468E-02   -3.033256E-01   -5.422419E-03
   -3.848451E-02   -3.139887E-01   -6.511471E-03
   -3.700434E-02   -3.245786E-01   -9.064159E-03
   -3.552416E-02   -3.349580E-01   -1.475873E-02
   -3.404399E-02   -3.451624E-01   -2.200645E-02
   -3.256382E-02   -3.548618E-01   -3.206136E-02
   -3.108364E-02   -3.642550E-01   -4.325121E-02
   -2.960347E-02   -3.730279E-01   -5.600311E-02
   -2.812330E-02   -3.815504E-01   -6.914836E-02
   -2.664312E-02   -3.898144E-01   -8.235933E-02
   -2.516295E-02   -3.981141E-01   -9.532800E-02
   -2.368278E-02   -4.068463E-01   -1.075156E-01
   -2.220260E-02   -4.159582E-01   -1.193054E-01
   -2.072243E-02   -4.260593E-01   -1.305287E-01
   -1.924226E-02   -4.366978E-01   -1.416554E-01
   -1.776208E-02   -4.483265E-01   -1.529662E-01
   -1.628191E-02   -4.603214E-01   -1.644854E-01
   -1.480174E-02   -4.726407E-01   -1.763881E-01
   -1.332156E-02   -4.848651E-01   -1.883001E-01
   -1.184139E-02   -4.963442E-01   -1.995443E-01
   -1.036121E-02   -5.071915E-01   -2.099913E-01
   -8.881041E-03   -5.163797E-01   -2.178187E-01
   -7.400868E-03   -5.246405E-01   -2.238562E-01
   -5.920694E-03   -5.311035E-01   -2.255720E-01
   -4.440521E-03   -5.368292E-01   -2.249204E-01
   -2.960347E-03   -5.416289E-01   -2.194961E-01
   -1.480174E-03   -5.463064E-01   -2.118437E-01
   -1.665335E-16   -5.514220E-01   -2.003333E-01
    1.480174E-03   -5.570253E-01   -1.872842E-01
    2.960347E-03   -5.638709E-01   -1.720193E-01
    4.440521E-03   -5.712993E-01   -1.560753E-01
    5.920694E-03   -5.794719E-01   -1.395678E-01
    7.400868E-03   -5.876709E-01   -1.231266E-01
    8.881041E-03   -5.950910E-01   -1.073954E-01
    1.036121E-02   -6.017137E-01   -9.224162E-02
    1.184139E-02   -6.060850E-01   -7.854918E-02
    1.332156E-02   -6.091301E-01   -6.567203E-02
    1.480174E-02   -6.094116E-01   -5.447410E-02
    1.628191E-02   -6.083836E-01   -4.409705E-02
    1.776208E-02   -6.050554E-01   -3.528837E-02
    1.924226E-02   -6.007707E-01   -2.723766E-02
    2.072243E-02   -5.949286E-01   -2.071878E-02
    2.220260E-02   -5.884335E-01   -1.501915E-02
    2.368278E-02   -5.807486E-01   -1.114246E-02
    2.516295E-02   -5.724628E-01   -8.283231E-03
    2.664312E-02   -5.628731E-01   -7.621756E-03
    2.812330E-02   -5.525619E-01   -8.075178E-03
    2.960347E-02   -5.406869E-01   -1.059615E-02
    3.108364E-02   -5.280023E-01   -1.396007E-02
    3.256382E-02   -5.137429E-01   -1.843293E-02
    3.404399E-02   -4.987788E-01   -2.310906E-02
    3.552416E-02   -4.826988E-01   -2.746451E-02
    3.700434E-02   -4.662684E-01   -3.133821E-02
    3.848451E-02   -4.496488E-01   -3.378451E-02
    3.996468E-02   -4.332183E-01   -3.540552E-02
    4.144486E-02   -4.177319E-01   -3.541190E-02
    4.292503E-02   -4.029661E-01   -3.474552E-02
    4.440521E-02   -3.900065E-01   -3.317370E-02
    4.588538E-02   -3.780430E-01   -3.141287E-02
    4.736555E-02   -3.680599E-01   -2.980165E-02
    4.884573E-02   -3.589695E-01   -2.849214E-02
    5.032590E-02   -3.513307E-01   -2.811730E-02
    5.180607E-02   -3.442125E-01   -2.830409E-02
    5.328625E-02   -3.377144E-01   -2.966470E-02
    5.476642E-02   -3.313354E-01   -3.157803E-02
    5.624659E-02   -3.248780E-01   -3.443243E-02
    5.772677E-02   -3.182556E-01   -3.763715E-02
    5.920694E-02   -3.110953E-01   -4.124107E-02
    6.068711E-02   -3.035703E-01   -4.487095E-02
    6.216729E-02   -2.951206E-01   -4.818070E-02
    6.364746E-02   -2.861088E-01   -5.114786E-02
    6.512763E-02   -2.757911E-01   -5.311274E-02
    6.660781E-02   -2.647581E-01   -5.446316E-02
    6.808798E-02   -2.522700E-01   -5.448108E-02
    6.956816E-02   -2.391086E-01   -5.384825E-02
    7.104833E-02   -2.248490E-01   -5.206668E-02
    7.252850E-02   -2.102230E-01   -4.983056E-02
    7.400868E-02   -1.952981E-01   -4.696774E-02
    7.548885E-02   -1.804443E-01   -4.393505E-02
    7.696902E-02   -1.661252E-01   -4.083156E-02
    7.844920E-02   -1.522262E-01   -3.781608E-02
    7.992937E-02   -1.393773E-01   -3.520832E-02
    8.140954E-02   -1.271185E-01   -3.291647E-02
    8.288972E-02   -1.161224E-01   -3.146913E-02
    8.436989E-02   -1.057927E-01   -3.053591E-02
    8.585006E-02   -9.687714E-02   -3.075878E-02
    8.733024E-02   -8.871888E-02   -3.158231E-02
    8.881041E-02   -8.218224E-02   -3.355335E-02
    9.029058E-02   -7.650094E-02   -3.602042E-02
    9.177076E-02   -7.257184E-02   -3.923283E-02
    9.325093E-02   -6.950362E-02   -4.265720E-02
    9.473110E-02   -6.804078E-02   -4.612604E-02
    9.621128E-02   -6.727967E-02   -4.940520E-02
    9.769145E-02   -6.764901E-02   -5.184769E-02
    9.917163E-02   -6.842397E-02   -5.363311E-02
    1.006518E-01   -6.967462E-02   -5.362786E-02
    1.021320E-01   -7.100100E-02   -5.250541E-02
    1.036121E-01   -7.218456E-02   -4.878416E-02
    1.050923E-01   -7.316715E-02   -4.364814E-02
    1.065725E-01   -7.351611E-02   -3.563962E-02
    1.080527E-01   -7.343808E-02   -2.628900E-02
    1.095328E-01   -7.228185E-02   -1.468799E-02
    1.110130E-01   -7.047000E-02   -2.290785E-03
    1.124932E-01   -6.711872E-02    1.087464E-02
    1.139734E-01   -6.290301E-02    2.397184E-02
    1.154535E-01   -5.685401E-02    3.604219E-02
    1.169337E-01   -4.990203E-02    4.720312E-02
    1.184139E-01   -4.133618E-02    5.590815E-02
    1.198941E-01   -3.214577E-02    6.315575E-02
    1.213742E-01   -2.222233E-02    6.720114E-02
    1.228544E-01   -1.224271E-02    6.957532E-02
    1.243346E-01   -2.813144E-03    6.858377E-02
    1.258147E-01    6.022694E-03    6.594504E-02
    1.272949E-01    1.311997E-02    6.017321E-02
    1.287751E-01    1.913998E-02    5.296575E-02
    1.302553E-01    2.276078E-02    4.327331E-02
    1.317354E-01    2.515714E-02    3.260695E-02
    1.332156E-01    2.525892E-02    2.069282E-02
    1.346958E-01    2.438938E-02    8.578590E-03
    1.361760E-01    2.210329E-02   -2.994661E-03
    1.376561E-01    1.943638E-02   -1.382594E-02
    1.391363E-01    1.672601E-02   -2.234371E-02
    1.406165E-01    1.434575E-02   -2.940389E-02
    1.420967E-01    1.323292E-02   -3.325780E-02
    1.435768E-01    1.297286E-02   -3.553245E-02
    1.450570E-01    1.463502E-02   -3.500023E-02
    1.465372E-01    1.724376E-02   -3.334845E-02
    1.480174E-01    2.147779E-02   -3.012768E-02
    1.494975E-01    2.628890E-02   -2.645553E-02
    1.509777E-01    3.163851E-02   -2.247195E-02
    1.524579E-01    3.691538E-02   -1.857834E-02
    1.539380E-01    4.137967E-02   -1.526957E-02
    1.554182E-01    4.515523E-02   -1.242595E-02
    1.568984E-01    4.716631E-02   -1.081023E-02
    1.583786E-01    4.821840E-02   -9.921621E-03
    1.598587E-01    4.745590E-02   -1.058332E-02
    1.613389E-01    4.595844E-02   -1.196693E-02
    1.628191E-01    4.351985E-02   -1.443555E-02
    1.642993E-01    4.092141E-02   -1.714456E-02
    1.657794E-01    3.860810E-02   -1.956459E-02
    1.672596E-01    3.667919E-02   -2.144267E-02
    1.687398E-01    3.580672E-02   -2.157846E-02
    1.702200E-01    3.549515E-02   -2.064859E-02
    1.717001E-01    3.617835E-02   -1.753060E-02
    1.731803E-01    3.723876E-02   -1.344495E-02
    1.746605E-01    3.880795E-02   -7.896878E-03
    1.761406E-01    4.055973E-02   -1.905573E-03
    1.776208E-01    4.271379E-02    4.395027E-03
    1.791010E-01    4.519199E-02    1.059107E-02
    1.805812E-01    4.874494E-02    1.613597E-02
    1.820613E-01    5.310059E-02    2.116952E-02
    1.835415E-01    5.959308E-02    2.487404E-02
    1.850217E-01    6.736767E-02    2.779852E-02
    1.865019E-01    7.795005E-02    2.902809E-02
    1.879820E-01    8.994613E-02    2.939915E-02
    1.894622E-01    1.045692E-01    2.814300E-02
    1.909424E-01    1.203177E-01    2.616320E-02
    1.924226E-01    1.378314E-01    2.297473E-02
    1.939027E-01    1.559684E-01    1.931844E-02
    1.953829E-01    1.748663E-01    1.502445E-02
    1.968631E-01    1.939420E-01    1.057307E-02
    1.983433E-01    2.130682E-01    6.147458E-03
    1.998234E-01    2.321133E-01    1.897825E-03
    2.013036E-01    2.508457E-01   -1.747413E-03
    2.027838E-01    2.693541E-01   -5.036600E-03
    2.042639E-01    2.872439E-01   -7.704425E-03
    2.057441E-01    3.047001E-01   -1.021188E-02
    2.072243E-01    3.209383E-01   -1.286560E-02
    2.087045E-01    3.363432E-01   -1.586406E-02
    2.101846E-01    3.495696E-01   -2.006085E-02
    2.116648E-01    3.614498E-01   -2.504199E-02
    2.131450E-01    3.702009E-01   -3.174899E-02
    2.146252E-01    3.772470E-01   -3.927387E-02
    2.161053E-01    3.808242E-01   -4.810290E-02
    2.175855E-01    3.827660E-01   -5.731763E-02
    2.190657E-01    3.818902E-01   -6.663688E-02
    2.205459E-01    3.799390E-01   -7.564887E-02
    2.220260E-01    3.766453E-01   -8.335928E-02
    2.235062E-01    3.731104E-01   -9.012636E-02
    2.249864E-01    3.699170E-01   -9.456629E-02
    2.264665E-01    3.672504E-01   -9.769960E-02
    2.279467E-01    3.661888E-01   -9.806926E-02
    2.294269E-01    3.661147E-01   -9.703427E-02
    2.309071E-01    3.682102E-01   -9.322101E-02
    2.323872E-01    3.714129E-01   -8.806608E-02
    2.338674E-01    3.767665E-01   -8.039062E-02
    2.353476E-01    3.831329E-01   -7.157683E-02
    2.368278E-01    3.913843E-01   -6.082326E-02
    2.383079E-01    4.005210E-01   -4.931634E-02
    2.397881E-01    4.113663E-01   -3.682354E-02
    2.412683E-01    4.230640E-01   -2.413405E-02
    2.427485E-01    4.364993E-01   -1.169622E-02
    2.442286E-01    4.508153E-01    2.790411E-04
    2.457088E-01    4.668419E-01    1.066041E-02
    2.471890E-01    4.836270E-01    1.993602E-02
    2.486692E-01    5.015428E-01    2.649303E-02
    2.501493E-01    5.197258E-01    3.152503E-02
    2.516295E-01    5.376674E-01    3.340605E-02
    2.531097E-01    5.550480E-01    3.379009E-02
    2.545898E-01    5.704308E-01    3.158382E-02
    2.560700E-01    5.844392E-01    2.838077E-02
    2.575502E-01    5.951801E-01    2.388729E-02
    2.590304E-01    6.041785E-01    1.910073E-02
    2.605105E-01    6.097946E-01    1.433363E-02
    2.619907E-01    6.139118E-01    9.792790E-03
    2.634709E-01    6.156128E-01    5.932407E-03
    2.649511E-01    6.164380E-01    2.431364E-03
    2.664312E-01    6.161412E-01   -4.440109E-04
    2.679114E-01    6.155288E-01   -3.076937E-03
    2.693916E-01    6.145739E-01   -5.329763E-03
    2.708718E-01    6.134805E-01   -7.396336E-03
    2.723519E-01    6.119808E-01   -8.978767E-03
    2.738321E-01    6.101464E-01   -1.021428E-02
    2.753123E-01    6.073262E-01   -1.050495E-02
    2.767924E-01    6.038672E-01   -1.021521E-02
    2.782726E-01    5.989203E-01   -8.661173E-03
    2.797528E-01    5.931758E-01   -6.508658E-03
    2.812330E-01    5.858149E-01   -3.419189E-03
    2.827131E-01    5.776533E-01   -7.538749E-05
    2.841933E-01    5.678741E-01    3.252804E-03
    2.856735E-01    5.572292E-01    6.317647E-03
    2.871537E-01    5.446001E-01    8.477509E-03
    2.886338E-01    5.307825E-01    1.011009E-02
    2.901140E-01    5.140952E-01    1.080987E-02
    2.915942E-01    4.957139E-01    1.122461E-02
    2.930744E-01    4.734931E-01    1.157292E-02
    2.945545E-01    4.492038E-01    1.213767E-02
    2.960347E-01    4.206971E-01    1.347704E-02
    2.975149E-01    3.901658E-01    1.523623E-02
    2.989950E-01    3.559998E-01    1.757147E-02
    3.004752E-01    3.203326E-01    1.991372E-02
    3.019554E-01    2.824711E-01    2.151737E-02
    3.034356E-01    2.439808E-01    2.236072E-02
    3.049157E-01    2.052531E-01    2.104718E-02
    3.063959E-01    1.669357E-01    1.848396E-02
    3.078761E-01    1.304867E-01    1.346082E-02
    3.093563E-01    9.546429E-02    7.423295E-03
    3.108364E-01    6.415168E-02    1.141700E-04
    3.123166E-01    3.502439E-02   -7.350445E-03
    3.137968E-01    1.066324E-02   -1.411538E-02
    3.152770E-01   -1.127780E-02   -2.007709E-02
    3.167571E-01   -2.865225E-02   -2.375684E-02
    3.182373E-01   -4.404975E-02   -2.611392E-02
    3.197175E-01   -5.639288E-02   -2.579583E-02
    3.211977E-01   -6.775506E-02   -2.427262E-02
    3.226778E-01   -7.832086E-02   -2.081481E-02
    3.241580E-01   -8.904432E-02   -1.668098E-02
    3.256382E-01   -1.010269E-01   -1.179170E-02
    3.271183E-01   -1.139872E-01   -6.799384E-03
    3.285985E-01   -1.293190E-01   -2.077763E-03
    3.300787E-01   -1.459128E-01    2.307316E-03
    3.315589E-01   -1.649712E-01    5.692183E-03
    3.330390E-01   -1.851600E-01    8.460000E-03
    3.345192E-01   -2.073143E-01    9.889791E-03
    3.359994E-01   -2.302643E-01    1.068397E-02
    3.374796E-01   -2.543144E-01    1.046604E-02
    3.389597E-01   -2.785681E-01    9.958288E-03
    3.404399E-01   -3.022361E-01    9.410407E-03
    3.419201E-01   -3.249282E-01    9.114187E-03
    3.434003E-01   -3.439291E-01    9.753271E-03
    3.448804E-01   -3.600771E-01    1.097297E-02
    3.463606E-01   -3.684315E-01    1.332583E-02
    3.478408E-01   -3.719459E-01    1.611041E-02
    3.493209E-01   -3.643873E-01    1.931802E-02
    3.508011E-01   -3.509666E-01    2.248514E-02
    3.522813E-01   -3.260630E-01    2.511524E-02
    3.537615E-01   -2.959939E-01    2.731572E-02
    3.552416E-01   -2.575440E-01    2.851062E-02
    3.567218E-01   -2.161690E-01    2.921665E-02
    3.582020E-01   -1.717706E-01    2.911451E-02
    3.596822E-01   -1.272735E-01    2.874152E-02
    3.611623E-01   -8.513246E-02    2.814624E-02
    3.626425E-01   -4.520493E-02    2.760546E-02
    3.641227E-01   -1.115948E-02    2.747686E-02
    3.656029E-01    1.955027E-02    2.767236E-02
    3.670830E-01    4.343641E-02    2.865282E-02
    3.685632E-01    6.410919E-02    3.003606E-02
    3.700434E-01    7.916213E-02    3.213111E-02
    3.715236E-01    9.193020E-02    3.448566E-02
    3.730037E-01    1.012488E-01    3.708565E-02
    3.744839E-01    1.093544E-01    3.963759E-02
    3.759641E-01    1.158246E-01    4.169315E-02
    3.774442E-01    1.217105E-01    4.328093E-02
    3.789244E-01    1.265410E-01    4.349743E-02
    3.804046E-01    1.307412E-01    4.284601E-02
    3.818848E-01    1.332485E-01    4.024274E-02
    3.833649E-01    1.346477E-01    3.665943E-02
    3.848451E-01    1.333596E-01    3.133122E-02
    3.863253E-01    1.305827E-01    2.533022E-02
    3.878055E-01    1.248027E-01    1.848406E-02
    3.892856E-01    1.176549E-01    1.146666E-02
    3.907658E-01    1.082947E-01    4.526243E-03
    3.922460E-01    9.817560E-02   -2.232691E-03
    3.937262E-01    8.728603E-02   -8.484383E-03
    3.952063E-01    7.634657E-02   -1.446882E-02
    3.966865E-01    6.578947E-02   -1.996563E-02
    3.981667E-01    5.553441E-02   -2.525658E-02
    3.996468E-01    4.582957E-02   -3.020462E-02
    4.011270E-01    3.625733E-02   -3.500042E-02
    4.026072E-01    2.653739E-02   -3.948960E-02
    4.040874E-01    1.654186E-02   -4.380415E-02
    4.055675E-01    5.741247E-03   -4.769520E-02
    4.070477E-01   -5.457904E-03   -5.133018E-02
    4.085279E-01   -1.712620E-02   -5.437439E-02
    4.100081E-01   -2.870836E-02   -5.710332E-02
    4.114882E-01   -3.923107E-02   -5.923076E-02
    4.129684E-01   -4.871338E-02   -6.111888E-02
    4.144486E-01   -5.508391E-02   -6.275597E-02
    4.159288E-01   -5.943248E-02   -6.442766E-02
    4.174089E-01   -5.897111E-02   -6.653678E-02
    4.188891E-01   -5.581035E-02   -6.903142E-02
    4.203693E-01   -4.679930E-02   -7.248217E-02
    4.218495E-01   -3.466993E-02   -7.636727E-02
    4.233296E-01   -1.591328E-02   -8.066264E-02
    4.248098E-01    6.367920E-03   -8.473354E-02
    4.262900E-01    3.611043E-02   -8.716691E-02
    4.277701E-01    6.972752E-02   -8.811283E-02
    4.292503E-01    1.110787E-01   -8.486672E-02
    4.307305E-01    1.560429E-01   -7.913118E-02
    4.322107E-01    2.070921E-01   -6.834370E-02
    4.336908E-01    2.602779E-01   -5.544522E-02
    4.351710E-01    3.153453E-01   -4.009781E-02
    4.366512E-01    3.699782E-01   -2.481008E-02
    4.381314E-01    4.209421E-01   -1.266296E-02
    4.396115E-01    4.688106E-01   -3.570419E-03
    4.410917E-01    5.085192E-01   -2.908187E-03
    4.425719E-01    5.435227E-01   -7.011305E-03
    4.440521E-01    5.686157E-01   -2.010455E-02
    4.455322E-01    5.888358E-01   -3.653017E-02
    4.470124E-01    5.999818E-01   -5.571968E-02
    4.484926E-01    6.070872E-01   -7.383646E-02
    4.499727E-01    6.072577E-01   -8.472283E-02
    4.514529E-01    6.045466E-01   -8.982545E-02
    4.529331E-01    5.971658E-01   -8.057112E-02
    4.544133E-01    5.879125E-01   -6.375826E-02
    4.558934E-01    5.755841E-01   -3.313989E-02
    4.573736E-01    5.618846E-01    2.888064E-03
    4.588538E-01    5.453806E-01    4.579290E-02
    4.603340E-01    5.272424E-01    9.011086E-02
    4.618141E-01    5.050327E-01    1.338627E-01
    4.632943E-01    4.802773E-01    1.762237E-01
    4.647745E-01    4.493516E-01    2.149448E-01
    4.662547E-01    4.148557E-01    2.520187E-01
    4.677348E-01    3.725026E-01    2.869378E-01
    4.692150E-01    3.260422E-01    3.214748E-01
    4.706952E-01    2.714455E-01    3.563466E-01
    4.721754E-01    2.130615E-01    3.915749E-01
    4.736555E-01    1.481637E-01    4.269223E-01
    4.751357E-01    8.077863E-02    4.615191E-01
    4.766159E-01    1.036792E-02    4.920893E-01
    4.780960E-01   -6.043845E-02    5.190626E-01
    4.795762E-01   -1.296818E-01    5.354040E-01
    4.810564E-01   -1.969951E-01    5.448015E-01
    4.825366E-01   -2.583658E-01    5.377313E-01
    4.840167E-01   -3.158838E-01    5.217106E-01
    4.854969E-01   -3.643083E-01    4.878720E-01
    4.869771E-01   -4.076811E-01    4.460052E-01
    4.884573E-01   -4.402999E-01    3.914224E-01
    4.899374E-01   -4.673900E-01    3.327623E-01
    4.914176E-01   -4.834635E-01    2.711727E-01
    4.928978E-01   -4.942225E-01    2.107423E-01
    4.943780E-01   -4.950717E-01    1.572922E-01
    4.958581E-01   -4.914657E-01    1.091303E-01
    4.973383E-01   -4.801270E-01    7.377186E-02
    4.988185E-01   -4.655239E-01    4.518956E-02
    5.002986E-01   -4.454512E-01    2.950369E-02
    5.017788E-01   -4.230285E-01    1.935013E-02
    5.032590E-01   -3.963052E-01    1.759975E-02
    5.047392E-01   -3.674576E-01    1.850696E-02
    5.062193E-01   -3.341958E-01    2.161342E-02
    5.076995E-01   -2.986414E-01    2.441062E-02
    5.091797E-01   -2.585760E-01    2.427968E-02
    5.106599E-01   -2.165282E-01    2.182591E-02
    5.121400E-01   -1.716801E-01    1.358623E-02
    5.136202E-01   -1.263428E-01    2.143342E-03
    5.151004E-01   -8.242913E-02   -1.585338E-02
    5.165806E-01   -4.062954E-02   -3.696391E-02
    5.180607E-01   -6.023582E-03   -6.345799E-02
    5.195409E-01    2.355962E-02   -9.193868E-02
    5.210211E-01    4.064074E-02   -1.224194E-01
    5.225013E-01    5.056993E-02   -1.526873E-01
    5.239814E-01    4.526088E-02   -1.798951E-01
    5.254616E-01    3.237707E-02   -2.043287E-01
    5.269418E-01    5.521579E-03   -2.212740E-01
    5.284219E-01   -2.721065E-02   -2.339543E-01
    5.299021E-01   -6.861462E-02   -2.381531E-01
    5.313823E-01   -1.125333E-01   -2.386618E-01
    5.328625E-01   -1.576747E-01   -2.336713E-01
    5.343426E-01   -2.016598E-01   -2.270383E-01
    5.358228E-01   -2.404667E-01   -2.191723E-01
    5.373030E-01   -2.757301E-01   -2.114266E-01
    5.387832E-01   -3.030808E-01   -2.045876E-01
    5.402633E-01   -3.265773E-01   -1.981270E-01
    5.417435E-01   -3.433913E-01   -1.916409E-01
    5.432237E-01   -3.576367E-01   -1.845840E-01
    5.447039E-01   -3.684836E-01   -1.752508E-01
    5.461840E-01   -3.784604E-01   -1.643283E-01
    5.476642E-01   -3.880914E-01   -1.497009E-01
    5.491444E-01   -3.980705E-01   -1.331578E-01
    5.506245E-01   -4.094254E-01   -1.129993E-01
    5.521047E-01   -4.216451E-01   -9.127085E-02
    5.535849E-01   -4.356819E-01   -6.708808E-02
    5.550651E-01   -4.505741E-01   -4.213347E-02
    5.565452E-01   -4.669599E-01   -1.683578E-02
    5.580254E-01   -4.839752E-01    7.863106E-03
    5.595056E-01   -5.020822E-01    2.953452E-02
    5.609858E-01   -5.207108E-01    4.873818E-02
    5.624659E-01   -5.404367E-01    6.138228E-02
    5.639461E-01   -5.607451E-01    7.028561E-02
    5.654263E-01   -5.821511E-01    7.180819E-02
    5.669065E-01   -6.039269E-01    7.024363E-02
    5.683866E-01   -6.256956E-01    6.459782E-02
    5.698668E-01   -6.469012E-01    5.816724E-02
    5.713470E-01   -6.656358E-01    5.253535E-02
    5.728271E-01   -6.824741E-01    4.817994E-02
    5.743073E-01   -6.945005E-01    4.726933E-02
    5.757875E-01   -7.038768E-01    4.809695E-02
    5.772677E-01   -7.081055E-01    5.175710E-02
    5.787478E-01   -7.101338E-01    5.629774E-02
    5.802280E-01   -7.089237E-01    6.132220E-02
    5.817082E-01   -7.067533E-01    6.593288E-02
    5.831884E-01   -7.038715E-01    6.852420E-02
    5.846685E-01   -7.010852E-01    6.966393E-02
    5.861487E-01   -6.989819E-01    6.756100E-02
    5.876289E-01   -6.972599E-01    6.405730E-02
    5.891091E-01   -6.960398E-01    5.911510E-02
    5.905892E-01   -6.948205E-01    5.457137E-02
    5.920694E-01   -6.929576E-01    5.365247E-02
    5.935496E-01   -6.904108E-01    5.602114E-02
    5.950298E-01   -6.857352E-01    6.748448E-02
    5.965099E-01   -6.796094E-01    8.428938E-02
    5.979901E-01   -6.698341E-01    1.120993E-01
    5.994703E-01   -6.578981E-01    1.448782E-01
    6.009504E-01   -6.411244E-01    1.852241E-01
    6.024306E-01   -6.217971E-01    2.276454E-01
    6.039108E-01   -5.974240E-01    2.701543E-01
    6.053910E-01   -5.707465E-01    3.106093E-01
    6.068711E-01   -5.402585E-01    3.432279E-01
    6.083513E-01   -5.084042E-01    3.706017E-01
    6.098315E-01   -4.750404E-01    3.863984E-01
    6.113117E-01   -4.415270E-01    3.967592E-01
    6.127918E-01   -4.087728E-01    3.985899E-01
    6.142720E-01   -3.768111E-01    3.978676E-01
    6.157522E-01   -3.470213E-01    3.956923E-01
    6.172324E-01   -3.185257E-01    3.942592E-01
    6.187125E-01   -2.929832E-01    3.957510E-01
    6.201927E-01   -2.691400E-01    3.984811E-01
    6.216729E-01   -2.493280E-01    4.014738E-01
    6.231530E-01   -2.319665E-01    4.029094E-01
    6.246332E-01   -2.205864E-01    3.975882E-01
    6.261134E-01   -2.127863E-01    3.873925E-01
    6.275936E-01   -2.132351E-01    3.657512E-01
    6.290737E-01   -2.181875E-01    3.382887E-01
    6.305539E-01   -2.323219E-01    3.002328E-01
    6.320341E-01   -2.507394E-01    2.577504E-01
    6.335143E-01   -2.762116E-01    2.082375E-01
    6.349944E-01   -3.040335E-01    1.559476E-01
    6.364746E-01   -3.335898E-01    9.912819E-02
    6.379548E-01   -3.624216E-01    4.043922E-02
    6.394350E-01   -3.868907E-01   -2.101729E-02
    6.409151E-01   -4.080965E-01   -8.307787E-02
    6.423953E-01   -4.217254E-01   -1.439985E-01
    6.438755E-01   -4.316767E-01   -2.028398E-01
    6.453557E-01   -4.356807E-01   -2.542464E-01
    6.468358E-01   -4.378488E-01   -3.004461E-01
    6.483160E-01   -4.390133E-01   -3.340345E-01
    6.497962E-01   -4.409438E-01   -3.607368E-01
    6.512763E-01   -4.463458E-01   -3.735248E-01
    6.527565E-01   -4.540007E-01   -3.796888E-01
    6.542367E-01   -4.661868E-01   -3.738213E-01
    6.557169E-01   -4.801951E-01   -3.627221E-01
    6.571970E-01   -4.963034E-01   -3.429730E-01
    6.586772E-01   -5.125270E-01   -3.199049E-01
    6.601574E-01   -5.271224E-01   -2.923557E-01
    6.616376E-01   -5.401153E-01   -2.636701E-01
    6.631177E-01   -5.487782E-01   -2.348348E-01
    6.645979E-01   -5.549703E-01   -2.068701E-01
    6.660781E-01   -5.560839E-01   -1.821899E-01
    6.675583E-01   -5.547751E-01   -1.597250E-01
    6.690384E-01   -5.490876E-01   -1.424584E-01
    6.705186E-01   -5.414875E-01   -1.280137E-01
    6.719988E-01   -5.305818E-01   -1.193534E-01
    6.734789E-01   -5.182267E-01   -1.134596E-01
    6.749591E-01   -5.032322E-01   -1.122618E-01
    6.764393E-01   -4.869793E-01   -1.125941E-01
    6.779195E-01   -4.682426E-01   -1.134759E-01
    6.793996E-01   -4.482702E-01   -1.130327E-01
    6.808798E-01   -4.258940E-01   -1.065188E-01
    6.823600E-01   -4.024110E-01   -9.546449E-02
    6.838402E-01   -3.770661E-01   -7.332453E-02
    6.853203E-01   -3.510458E-01   -4.533351E-02
    6.868005E-01   -3.242987E-01   -6.504163E-03
    6.882807E-01   -2.975175E-01    3.666174E-02
    6.897609E-01   -2.712754E-01    8.540655E-02
    6.912410E-01   -2.455503E-01    1.351657E-01
    6.927212E-01   -2.212292E-01    1.834343E-01
    6.942014E-01   -1.977521E-01    2.294204E-01
    6.956816E-01   -1.762317E-01    2.684734E-01
    6.971617E-01   -1.558515E-01    3.032647E-01
    6.986419E-01   -1.381629E-01    3.286294E-01
    7.001221E-01   -1.220600E-01    3.490926E-01
    7.016022E-01   -1.096045E-01    3.597745E-01
    7.030824E-01   -9.915635E-02    3.657489E-01
    7.045626E-01   -9.286748E-02    3.630063E-01
    7.060428E-01   -8.857212E-02    3.563961E-01
    7.075229E-01   -8.771875E-02    3.431801E-01
    7.090031E-01   -8.813079E-02    3.271931E-01
    7.104833E-01   -8.988363E-02    3.064571E-01
    7.119635E-01   -9.166066E-02    2.835583E-01
    7.134436E-01   -9.233941E-02    2.564502E-01
    7.149238E-01   -9.210243E-02    2.272504E-01
    7.164040E-01   -8.992874E-02    1.940951E-01
    7.178842E-01   -8.708952E-02    1.593135E-01
    7.193643E-01   -8.414291E-02    1.226183E-01
    7.208445E-01   -8.193408E-02    8.594997E-02
    7.223247E-01   -8.278482E-02    5.173539E-02
    7.238048E-01   -8.577896E-02    1.998547E-02
    7.252850E-01   -9.366799E-02   -4.734024E-03
    7.267652E-01   -1.039468E-01   -2.529343E-02
    7.282454E-01   -1.182252E-01   -3.735531E-02
    7.297255E-01   -1.338706E-01   -4.567086E-02
    7.312057E-01   -1.507357E-01   -4.848522E-02
    7.326859E-01   -1.674393E-01   -4.983117E-02
    7.341661E-01   -1.824086E-01   -5.086744E-02
    7.356462E-01   -1.959145E-01   -5.286247E-02
    7.371264E-01   -2.055504E-01   -5.830035E-02
    7.386066E-01   -2.129043E-01   -6.582046E-02
    7.400868E-01   -2.152536E-01   -7.748690E-02
    7.415669E-01   -2.150095E-01   -9.092294E-02
    7.430471E-01   -2.096573E-01   -1.068596E-01
    7.445273E-01   -2.019131E-01   -1.233720E-01
    7.460075E-01   -1.899071E-01   -1.394596E-01
    7.474876E-01   -1.760946E-01   -1.544693E-01
    7.489678E-01   -1.593741E-01   -1.655292E-01
    7.504480E-01   -1.415547E-01   -1.737469E-01
    7.519281E-01   -1.222268E-01   -1.747540E-01
    7.534083E-01   -1.024720E-01   -1.715754E-01
    7.548885E-01   -8.246300E-02   -1.593761E-01
    7.563687E-01   -6.257673E-02   -1.426560E-01
    7.578488E-01   -4.326873E-02   -1.175727E-01
    7.593290E-01   -2.430307E-02   -8.899485E-02
    7.608092E-01   -5.889260E-03   -5.539875E-02
    7.622894E-01    1.240334E-02   -2.047676E-02
    7.637695E-01    3.080123E-02    1.461026E-02
    7.652497E-01    4.935744E-02    4.862196E-02
    7.667299E-01    6.815732E-02    7.857455E-02
    7.682101E-01    8.687014E-02    1.058107E-01
    7.696902E-01    1.047094E-01    1.267792E-01
    7.711704E-01    1.217085E-01    1.444214E-01
    7.726506E-01    1.363420E-01    1.553440E-01
    7.741307E-01    1.496139E-01    1.629719E-01
    7.756109E-01    1.602468E-01    1.642587E-01
    7.770911E-01    1.698149E-01    1.625437E-01
    7.785713E-01    1.780568E-01    1.552686E-01
    7.800514E-01    1.860855E-01    1.455134E-01
    7.815316E-01    1.944816E-01    1.316247E-01
    7.830118E-01    2.033305E-01    1.162330E-01
    7.844920E-01    2.132960E-01    9.929952E-02
    7.859721E-01    2.237661E-01    8.247471E-02
    7.874523E-01    2.348876E-01    6.776452E-02
    7.889325E-01    2.460779E-01    5.499836E-02
    7.904127E-01    2.568301E-01    4.746258E-02
    7.918928E-01    2.670819E-01    4.287034E-02
    7.933730E-01    2.758170E-01    4.402822E-02
    7.948532E-01    2.835606E-01    4.763710E-02
    7.963334E-01    2.888808E-01    5.482722E-02
    7.978135E-01    2.927675E-01    6.306297E-02
    7.992937E-01    2.933368E-01    7.199975E-02
    8.007739E-01    2.920362E-01    8.072695E-02
    8.022540E-01    2.866705E-01    8.825071E-02
    8.037342E-01    2.792018E-01    9.494472E-02
    8.052144E-01    2.676352E-01    9.980292E-02
    8.066946E-01    2.542069E-01    1.037552E-01
    8.081747E-01    2.376572E-01    1.060060E-01
    8.096549E-01    2.199183E-01    1.074389E-01
    8.111351E-01    2.005847E-01    1.071512E-01
    8.126153E-01    1.808222E-01    1.058769E-01
    8.140954E-01    1.608473E-01    1.023090E-01
    8.155756E-01    1.410424E-01    9.748953E-02
    8.170558E-01    1.220622E-01    9.024230E-02
    8.185360E-01    1.037178E-01    8.199872E-02
    8.200161E-01    8.706258E-02    7.249331E-02
    8.214963E-01    7.143815E-02    6.278583E-02
    8.229765E-01    5.816670E-02    5.346645E-02
    8.244566E-01    4.615686E-02    4.463551E-02
    8.259368E-01    3.669681E-02    3.711806E-02
    8.274170E-01    2.845471E-02    3.031397E-02
    8.288972E-01    2.241784E-02    2.489459E-02
    8.303773E-01    1.733068E-02    2.010402E-02
    8.318575E-01    1.380650E-02    1.641151E-02
    8.333377E-01    1.089941E-02    1.318772E-02
    8.348179E-01    8.932697E-03    1.075397E-02
    8.362980E-01    7.314273E-03    8.650168E-03
    8.377782E-01    6.202083E-03    7.092282E-03
    8.392584E-01    5.272449E-03    5.757163E-03
    8.407386E-01    4.608118E-03    4.778962E-03
    8.422187E-01    4.042351E-03    3.940641E-03
    8.436989E-01    3.626653E-03    3.316919E-03
    8.451791E-01    3.269322E-03    2.774298E-03
    8.466592E-01    3.004585E-03    2.354360E-03
    8.481394E-01    2.776168E-03    1.981934E-03
    8.496196E-01    2.603715E-03    1.686484E-03
    8.510998E-01    2.452219E-03    1.423803E-03
    8.525799E-01    2.330896E-03    1.218555E-03
    8.540601E-01    2.220314E-03    1.038395E-03
    8.555403E-01    2.125354E-03    9.007451E-04
    8.570205E-01    2.036717E-03    7.801918E-04
    8.585006E-01    1.959573E-03    6.855269E-04
    8.599808E-01    1.887939E-03    6.001850E-04
    8.614610E-01    1.826972E-03    5.282524E-04
    8.629412E-01    1.770937E-03    4.615507E-04
    8.644213E-01    1.723000E-03    4.043424E-04
    8.659015E-01    1.678042E-03    3.519771E-04
    8.673817E-01    1.637046E-03    3.096061E-04
    8.688619E-01    1.597241E-03    2.720957E-04
    8.703420E-01    1.559120E-03    2.431386E-04
    8.718222E-01    1.521839E-03    2.175020E-04
    8.733024E-01    1.486789E-03    1.963302E-04
    8.747825E-01    1.453219E-03    1.764583E-04
    8.762627E-01    1.422934E-03    1.581045E-04
    8.777429E-01    1.394250E-03    1.404154E-04
    8.792231E-01    1.368152E-03    1.245160E-04
    8.807032E-01    1.342836E-03    1.098581E-04
    8.821834E-01    1.318287E-03    9.818058E-05
    8.836636E-01    1.293905E-03    8.799101E-05
    8.851438E-01    1.269837E-03    8.024535E-05
    8.866239E-01    1.246130E-03    7.329236E-05
    8.881041E-01    1.223639E-03    6.704369E-05
    8.895843E-01    1.201957E-03    6.084882E-05
    8.910645E-01    1.182040E-03    5.458920E-05
    8.925446E-01    1.162871E-03    4.841802E-05
    8.940248E-01    1.144705E-03    4.289716E-05
    8.955050E-01    1.126778E-03    3.791265E-05
    8.969851E-01    1.108945E-03    3.419245E-05
    8.984653E-01    1.091126E-03    3.104254E-05
    8.999455E-01    1.073590E-03    2.865179E-05
    9.014257E-01    1.056395E-03    2.639666E-05
    9.029058E-01    1.040186E-03    2.402739E-05
    9.043860E-01    1.024528E-03    2.153578E-05
    9.058662E-01    1.009876E-03    1.890472E-05
    9.073464E-01    9.955834E-04    1.634101E-05
    9.088265E-01    9.816255E-04    1.421549E-05
    9.103067E-01    9.677032E-04    1.239481E-05
    9.117869E-01    9.538027E-04    1.117717E-05
    9.132671E-01    9.399726E-04    1.017130E-05
    9.147472E-01    9.265423E-04    9.313921E-06
    9.162274E-01    9.134366E-04    8.406354E-06
    9.177076E-01    9.011187E-04    7.266293E-06
    9.191878E-01    8.891708E-04    6.033216E-06
    9.206679E-01    8.777400E-04    4.786592E-06
    9.221481E-01    8.664370E-04    3.629101E-06
    9.236283E-01    8.551907E-04    2.793875E-06
    9.251084E-01    8.439423E-04    2.139530E-06
    9.265886E-01    8.327907E-04    1.747696E-06
    9.280688E-01    8.217886E-04    1.397896E-06
    9.295490E-01    8.112753E-04    9.687640E-07
    9.310291E-01    8.010547E-04    4.568720E-07
    9.325093E-01    7.913662E-04   -1.979018E-07
    9.339895E-01    7.818700E-04   -8.779704E-07
    9.354697E-01    7.725658E-04   -1.480521E-06
    9.369498E-01    7.632783E-04   -1.987197E-06
    9.384300E-01    7.539857E-04   -2.272125E-06
    9.399102E-01    7.447283E-04   -2.474691E-06
    9.413904E-01    7.357098E-04   -2.615278E-06
    9.428705E-01    7.268767E-04   -2.785424E-06
    9.443507E-01    7.184867E-04   -3.079230E-06
    9.458309E-01    7.103106E-04   -3.428881E-06
    9.473110E-01    7.024179E-04   -3.830375E-06
    9.487912E-01    6.945861E-04   -4.205706E-06
    9.502714E-01    6.867743E-04   -4.451179E-06
    9.517516E-01    6.789650E-04   -4.623672E-06
    9.532317E-01    6.712345E-04   -4.677585E-06
    9.547119E-01    6.636139E-04   -4.710220E-06
    9.561921E-01    6.563003E-04   -4.786732E-06
    9.576723E-01    6.491519E-04   -4.910417E-06
    9.591524E-01    6.422867E-04   -5.127812E-06
    9.606326E-01    6.355238E-04   -5.364529E-06
    9.621128E-01    6.288705E-04   -5.572429E-06
    9.635930E-01    6.222182E-04   -5.740212E-06
    9.650731E-01    6.155601E-04   -5.807575E-06
    9.665533E-01    6.089410E-04   -5.836364E-06
    9.680335E-01    6.025161E-04   -5.845322E-06
    9.695137E-01    5.962244E-04   -5.871055E-06
    9.709938E-01    5.902036E-04   -5.953956E-06
    9.724740E-01    5.843110E-04   -6.067978E-06
    9.739542E-01    5.785495E-04   -6.211799E-06
    9.754343E-01    5.727932E-04   -6.343556E-06
    9.769145E-01    5.670311E-04   -6.415992E-06
    9.783947E-01    5.612750E-04   -6.454133E-06
    9.798749E-01    5.556101E-04   -6.440785E-06
    9.813550E-01    5.500334E-04   -6.419924E-06
    9.828352E-01    5.446831E-04   -6.433806E-06
    9.843154E-01    5.394500E-04   -6.478026E-06
    9.857956E-01    5.343949E-04   -6.570792E-06
    9.872757E-01    5.293736E-04   -6.673004E-06
    9.887559E-01    5.243578E-04   -6.757237E-06
    9.902361E-01    5.193409E-04   -6.818559E-06
    9.917163E-01    5.143522E-04   -6.829239E-06
    9.931964E-01    5.094146E-04   -6.820583E-06
    9.946766E-01    5.046452E-04   -6.810982E-06
    9.961568E-01    4.999730E-04   -6.818388E-06
    9.976369E-01    4.954722E-04   -6.867209E-06
    9.991171E-01    4.910268E-04   -6.932921E-06
    1.000597E+00    4.866212E-04   -7.006287E-06
    1.002077E+00    4.822160E-04   -7.070563E-06
    1.003558E+00    4.778135E-04   -7.095217E-06
    1.005038E+00    4.734339E-04   -7.102139E-06
    1.006518E+00    4.691674E-04   -7.091795E-06
    1.007998E+00    4.649798E-04   -7.086591E-06
    1.009478E+00    4.609482E-04   -7.112480E-06
    1.010959E+00    4.569755E-04   -7.152482E-06
    1.012439E+00    4.530576E-04   -7.216274E-06
    1.013919E+00    4.491447E-04   -7.283008E-06
    1.015399E+00    4.452218E-04   -7.327901E-06
    1.016879E+00    4.413057E-04   -7.356328E-06
    1.018359E+00    4.374653E-04   -7.359853E-06
    1.019840E+00    4.336850E-04   -7.356033E-06
    1.021320E+00    4.300485E-04   -7.358992E-06
    1.022800E+00    4.264742E-04   -7.374500E-06
    1.024280E+00    4.229794E-04   -7.416664E-06
    1.025760E+00    4.194962E-04   -7.463389E-06
    1.027240E+00    4.160006E-04   -7.497907E-06
    1.028721E+00    4.125036E-04   -7.516688E-06
    1.030201E+00    4.090491E-04   -7.500215E-06
    1.031681E+00    4.056428E-04   -7.473921E-06
    1.033161E+00    4.023586E-04   -7.445482E-06
    1.034641E+00    3.991293E-04   -7.423550E-06
    1.036121E+00    3.959767E-04   -7.425874E-06
    1.037602E+00    3.928413E-04   -7.439490E-06
    1.039082E+00    3.897017E-04   -7.456230E-06
    1.040562E+00    3.865570E-04   -7.468450E-06
    1.042042E+00    3.834300E-04   -7.467155E-06
    1.043522E+00    3.803373E-04   -7.456138E-06
    1.045003E+00    3.773380E-04   -7.434461E-06
    1.046483E+00    3.743870E-04   -7.420071E-06
    1.047963E+00    3.715178E-04   -7.430709E-06
    1.049443E+00    3.686663E-04   -7.447086E-06
    1.050923E+00    3.658132E-04   -7.466814E-06
    1.052403E+00    3.629603E-04   -7.485794E-06
    1.053884E+00    3.601248E-04   -7.492091E-06
    1.055364E+00    3.573105E-04   -7.489931E-06
    1.056844E+00    3.545807E-04   -7.478981E-06
    1.058324E+00    3.519003E-04   -7.470417E-06
    1.059804E+00    3.493026E-04   -7.483520E-06
    1.061284E+00    3.467281E-04   -7.508595E-06
    1.062765E+00    3.441627E-04   -7.541818E-06
    1.064245E+00    3.415907E-04   -7.576620E-06
    1.065725E+00    3.390164E-04   -7.598938E-06
    1.067205E+00    3.364602E-04   -7.606734E-06
    1.068685E+00    3.339712E-04   -7.597749E-06
    1.070165E+00    3.315215E-04   -7.584509E-06
    1.071646E+00    3.291403E-04   -7.578117E-06
    1.073126E+00    3.267821E-04   -7.578679E-06
    1.074606E+00    3.244341E-04   -7.587949E-06
    1.076086E+00    3.220819E-04   -7.602256E-06
    1.077566E+00    3.197273E-04   -7.606987E-06
    1.079046E+00    3.173845E-04   -7.603147E-06
    1.080527E+00    3.151027E-04   -7.587804E-06
    1.082007E+00    3.128621E-04   -7.569451E-06
    1.083487E+00    3.106982E-04   -7.551654E-06
    1.084967E+00    3.085566E-04   -7.538969E-06
    1.086447E+00    3.064275E-04   -7.538199E-06
    1.087928E+00    3.042951E-04   -7.536439E-06
    1.089408E+00    3.021664E-04   -7.528508E-06
    1.090888E+00    3.000514E-04   -7.514466E-06
    1.092368E+00    2.979866E-04   -7.486829E-06
    1.093848E+00    2.959563E-04   -7.457773E-06
    1.095328E+00    2.939861E-04   -7.437310E-06
    1.096809E+00    2.920325E-04   -7.423377E-06
    1.098289E+00    2.900881E-04   -7.420352E-06
    1.099769E+00    2.881374E-04   -7.422876E-06
    1.101249E+00    2.861818E-04   -7.423463E-06
    1.102729E+00    2.842367E-04   -7.420354E-06
    1.104209E+00    2.823253E-04   -7.410630E-06
    1.105690E+00    2.804415E-04   -7.400073E-06
    1.107170E+00    2.786075E-04   -7.399808E-06
    1.108650E+00    2.767861E-04   -7.403802E-06
    1.110130E+00    2.749682E-04   -7.422445E-06
    1.111610E+00    2.731430E-04   -7.449763E-06
    1.113090E+00    2.713178E-04   -7.478272E-06
    1.114571E+00    2.695069E-04   -7.503067E-06
    1.116051E+00    2.677435E-04   -7.521750E-06
    1.117531E+00    2.660077E-04   -7.536933E-06
    1.119011E+00    2.643226E-04   -7.556476E-06
    1.120491E+00    2.626477E-04   -7.583679E-06
    1.121972E+00    2.609655E-04   -7.621752E-06
    1.123452E+00    2.592796E-04   -7.660754E-06
    1.124932E+00    2.575963E-04   -7.692371E-06
    1.126412E+00    2.559220E-04   -7.720052E-06
    1.127892E+00    2.542930E-04   -7.734702E-06
    1.129372E+00    2.526909E-04   -7.741920E-06
    1.130853E+00    2.511251E-04   -7.750548E-06
    1.132333E+00    2.495700E-04   -7.761813E-06
    1.133813E+00    2.480193E-04   -7.781578E-06
    1.135293E+00    2.464668E-04   -7.804225E-06
    1.136773E+00    2.449208E-04   -7.814684E-06
    1.138253E+00    2.433879E-04   -7.820466E-06
    1.139734E+00    2.418984E-04   -7.820050E-06
    1.141214E+00    2.404292E-04   -7.814944E-06
    1.142694E+00    2.389720E-04   -7.807078E-06
    1.144174E+00    2.375124E-04   -7.802589E-06
    1.145654E+00    2.360491E-04   -7.803123E-06
    1.147134E+00    2.345829E-04   -7.799187E-06
    1.148615E+00    2.331254E-04   -7.783960E-06
    1.150095E+00    2.316848E-04   -7.762754E-06
    1.151575E+00    2.302862E-04   -7.738320E-06
    1.153055E+00    2.289028E-04   -7.718269E-06
    1.154535E+00    2.275316E-04   -7.715091E-06
    1.156016E+00    2.261601E-04   -7.720329E-06
    1.157496E+00    2.247810E-04   -7.734323E-06
    1.158976E+00    2.234009E-04   -7.750078E-06
    1.160456E+00    2.220458E-04   -7.760333E-06
    1.161936E+00    2.207123E-04   -7.763804E-06
    1.163416E+00    2.194188E-04   -7.758296E-06
    1.164897E+00    2.181401E-04   -7.754335E-06
    1.166377E+00    2.168690E-04   -7.754084E-06
    1.167857E+00    2.155907E-04   -7.754226E-06
    1.169337E+00    2.143081E-04   -7.751258E-06
    1.170817E+00    2.130324E-04   -7.746689E-06
    1.172297E+00    2.117875E-04   -7.731478E-06
    1.173778E+00    2.105617E-04   -7.711348E-06
    1.175258E+00    2.093576E-04   -7.692840E-06
    1.176738E+00    2.081573E-04   -7.678565E-06
    1.178218E+00    2.069474E-04   -7.677205E-06
    1.179698E+00    2.057319E-04   -7.679603E-06
    1.181178E+00    2.045238E-04   -7.686099E-06
    1.182659E+00    2.033272E-04   -7.693851E-06
    1.184139E+00    2.021656E-04   -7.695581E-06
    1.185619E+00    2.010191E-04   -7.696835E-06
    1.187099E+00    1.998845E-04   -7.701221E-06
    1.188579E+00    1.987462E-04   -7.706016E-06
    1.190060E+00    1.975952E-04   -7.712843E-06
    1.191540E+00    1.964463E-04   -7.718641E-06
    1.193020E+00    1.953129E-04   -7.724402E-06
    1.194500E+00    1.941949E-04   -7.728684E-06
    1.195980E+00    1.931162E-04   -7.732651E-06
    1.197460E+00    1.920495E-04   -7.739709E-06
    1.198941E+00    1.909888E-04   -7.759410E-06
    1.200421E+00    1.899251E-04   -7.784512E-06
    1.201901E+00    1.888563E-04   -7.809852E-06
    1.203381E+00    1.877917E-04   -7.830738E-06
    1.204861E+00    1.867522E-04   -7.840578E-06
    1.206341E+00    1.857286E-04   -7.849540E-06
    1.207822E+00    1.847323E-04   -7.860957E-06
    1.209302E+00    1.837409E-04   -7.875517E-06
    1.210782E+00    1.827471E-04   -7.897874E-06
    1.212262E+00    1.817514E-04   -7.918899E-06
    1.213742E+00    1.807528E-04   -7.937411E-06
    1.215222E+00    1.797665E-04   -7.948997E-06
    1.216703E+00    1.788105E-04   -7.942990E-06
    1.218183E+00    1.778636E-04   -7.936569E-06
    1.219663E+00    1.769239E-04   -7.930105E-06
    1.221143E+00    1.759821E-04   -7.927788E-06
    1.222623E+00    1.750404E-04   -7.928374E-06
    1.224103E+00    1.741019E-04   -7.928700E-06
    1.225584E+00    1.731793E-04   -7.924566E-06
    1.227064E+00    1.722654E-04   -7.916358E-06
    1.228544E+00    1.713645E-04   -7.899614E-06
    1.230024E+00    1.704606E-04   -7.881535E-06
    1.231504E+00    1.695375E-04   -7.869663E-06
    1.232985E+00    1.686064E-04   -7.859381E-06
    1.234465E+00    1.676838E-04   -7.844960E-06
    1.235945E+00    1.667683E-04   -7.825459E-06
    1.237425E+00    1.658708E-04   -7.797637E-06
    1.238905E+00    1.649838E-04   -7.769297E-06
    1.240385E+00    1.640935E-04   -7.751991E-06
    1.241866E+00    1.632027E-04   -7.744337E-06
    1.243346E+00    1.623113E-04   -7.753334E-06
    1.244826E+00    1.614181E-04   -7.761291E-06
    1.246306E+00    1.605578E-04   -7.770614E-06
    1.247786E+00    1.597163E-04   -7.777689E-06
    1.249266E+00    1.588832E-04   -7.775828E-06
    1.250747E+00    1.580484E-04   -7.772819E-06
    1.252227E+00    1.571998E-04   -7.774994E-06
    1.253707E+00    1.563518E-04   -7.782886E-06
    1.255187E+00    1.555130E-04   -7.788638E-06
    1.256667E+00    1.546804E-04   -7.786576E-06
    1.258147E+00    1.538613E-04   -7.779457E-06
    1.259628E+00    1.530458E-04   -7.776512E-06
    1.261108E+00    1.522273E-04   -7.778304E-06
    1.262588E+00    1.514072E-04   -7.780999E-06
    1.264068E+00    1.505972E-04   -7.784666E-06
    1.265548E+00    1.497949E-04   -7.787312E-06
    1.267029E+00    1.490128E-04   -7.784380E-06
    1.268509E+00    1.482392E-04   -7.783632E-06
    1.269989E+00    1.474679E-04   -7.802453E-06
    1.271469E+00    1.466908E-04   -7.831277E-06
    1.272949E+00    1.458946E-04   -7.868716E-06
    1.274429E+00    1.450922E-04   -7.900647E-06
    1.275910E+00    1.443054E-04   -7.916628E-06
    1.277390E+00    1.435383E-04   -7.922323E-06
    1.278870E+00    1.427969E-04   -7.911314E-06
    1.280350E+00    1.420623E-04   -7.899573E-06
    1.281830E+00    1.413252E-04   -7.881397E-06
    1.283310E+00    1.405863E-04   -7.860665E-06
    1.284791E+00    1.398687E-04   -7.830731E-06
    1.286271E+00    1.391607E-04   -7.794737E-06
    1.287751E+00    1.384628E-04   -7.754771E-06
    1.289231E+00    1.377624E-04   -7.718667E-06
    1.290711E+00    1.370342E-04   -7.701731E-06
    1.292191E+00    1.362931E-04   -7.694300E-06
    1.293672E+00    1.355470E-04   -7.689622E-06
    1.295152E+00    1.348095E-04   -7.683330E-06
    1.296632E+00    1.341073E-04   -7.673548E-06
    1.298112E+00    1.335315E-04   -7.665180E-06
    1.299592E+00    1.334187E-04   -7.664850E-06
