   -2.414163E+00   -1.245446E-09    1.899529E-10
   -2.412683E+00   -8.019701E-09    8.447750E-10
   -2.411203E+00   -1.625160E-08    1.255555E-09
   -2.409722E+00   -2.362618E-08    4.723654E-10
   -2.408242E+00   -3.010855E-08   -8.322904E-10
   -2.406762E+00   -3.459221E-08   -2.616850E-09
   -2.405282E+00   -3.836345E-08   -4.267877E-09
   -2.403802E+00   -4.184030E-08   -5.018742E-09
   -2.402322E+00   -4.578962E-08   -5.183271E-09
   -2.400841E+00   -5.154438E-08   -4.362400E-09
   -2.399361E+00   -5.827611E-08   -3.331644E-09
   -2.397881E+00   -6.635075E-08   -2.601251E-09
   -2.396401E+00   -7.453633E-08   -2.319707E-09
   -2.394921E+00   -8.175162E-08   -3.184271E-09
   -2.393441E+00   -8.807711E-08   -4.526072E-09
   -2.391960E+00   -9.249667E-08   -6.268175E-09
   -2.390480E+00   -9.626173E-08   -7.859841E-09
   -2.389000E+00   -9.980720E-08   -8.571240E-09
   -2.387520E+00   -1.038264E-07   -8.722263E-09
   -2.386040E+00   -1.095955E-07   -7.934936E-09
   -2.384560E+00   -1.163090E-07   -6.943160E-09
   -2.383079E+00   -1.243429E-07   -6.217352E-09
   -2.381599E+00   -1.325111E-07   -5.909498E-09
   -2.380119E+00   -1.398097E-07   -6.694498E-09
   -2.378639E+00   -1.462702E-07   -7.952190E-09
   -2.377159E+00   -1.508682E-07   -9.661251E-09
   -2.375678E+00   -1.547829E-07   -1.126835E-08
   -2.374198E+00   -1.583236E-07   -1.209743E-08
   -2.372718E+00   -1.622398E-07   -1.239524E-08
   -2.371238E+00   -1.677532E-07   -1.173352E-08
   -2.369758E+00   -1.741960E-07   -1.081534E-08
   -2.368278E+00   -1.820867E-07   -1.000931E-08
   -2.366797E+00   -1.902388E-07   -9.548946E-09
   -2.365317E+00   -1.978130E-07   -1.010849E-08
   -2.363837E+00   -2.046563E-07   -1.115996E-08
   -2.362357E+00   -2.096783E-07   -1.281027E-08
   -2.360877E+00   -2.139323E-07   -1.446292E-08
   -2.359397E+00   -2.174762E-07   -1.552981E-08
   -2.357916E+00   -2.212016E-07   -1.611465E-08
   -2.356436E+00   -2.262318E-07   -1.569840E-08
   -2.354956E+00   -2.321542E-07   -1.493730E-08
   -2.353476E+00   -2.397155E-07   -1.403294E-08
   -2.351996E+00   -2.477401E-07   -1.335226E-08
   -2.350516E+00   -2.556677E-07   -1.355114E-08
   -2.349035E+00   -2.630572E-07   -1.425355E-08
   -2.347555E+00   -2.687681E-07   -1.574450E-08
   -2.346075E+00   -2.736269E-07   -1.738618E-08
   -2.344595E+00   -2.773368E-07   -1.874302E-08
   -2.343115E+00   -2.809445E-07   -1.971545E-08
   -2.341634E+00   -2.853598E-07   -1.970046E-08
   -2.340154E+00   -2.905463E-07   -1.924994E-08
   -2.338674E+00   -2.974853E-07   -1.833524E-08
   -2.337194E+00   -3.051107E-07   -1.746728E-08
   -2.335714E+00   -3.132743E-07   -1.721483E-08
   -2.334234E+00   -3.212051E-07   -1.742727E-08
   -2.332753E+00   -3.278300E-07   -1.857384E-08
   -2.331273E+00   -3.336010E-07   -2.003494E-08
   -2.329793E+00   -3.378273E-07   -2.161392E-08
   -2.328313E+00   -3.416169E-07   -2.297875E-08
   -2.326833E+00   -3.454905E-07   -2.351470E-08
   -2.325353E+00   -3.498704E-07   -2.357343E-08
   -2.323872E+00   -3.558567E-07   -2.286374E-08
   -2.322392E+00   -3.626800E-07   -2.198622E-08
   -2.320912E+00   -3.707018E-07   -2.131009E-08
   -2.319432E+00   -3.788945E-07   -2.096887E-08
   -2.317952E+00   -3.864708E-07   -2.154835E-08
   -2.316472E+00   -3.933632E-07   -2.256544E-08
   -2.314991E+00   -3.985783E-07   -2.413219E-08
   -2.313511E+00   -4.030684E-07   -2.572408E-08
   -2.312031E+00   -4.067969E-07   -2.685437E-08
   -2.310551E+00   -4.106098E-07   -2.757346E-08
   -2.309071E+00   -4.154674E-07   -2.737276E-08
   -2.307591E+00   -4.211188E-07   -2.680857E-08
   -2.306110E+00   -4.283983E-07   -2.593597E-08
   -2.304630E+00   -4.362566E-07   -2.516477E-08
   -2.303150E+00   -4.444460E-07   -2.504118E-08
   -2.301670E+00   -4.523404E-07   -2.536208E-08
   -2.300190E+00   -4.589146E-07   -2.653655E-08
   -2.298709E+00   -4.646703E-07   -2.798786E-08
   -2.297229E+00   -4.689793E-07   -2.952311E-08
   -2.295749E+00   -4.728832E-07   -3.085405E-08
   -2.294269E+00   -4.768628E-07   -3.141341E-08
   -2.292789E+00   -4.813116E-07   -3.152532E-08
   -2.291309E+00   -4.872724E-07   -3.089281E-08
   -2.289828E+00   -4.940442E-07   -3.007555E-08
   -2.288348E+00   -5.020549E-07   -2.937236E-08
   -2.286868E+00   -5.103081E-07   -2.894928E-08
   -2.285388E+00   -5.181538E-07   -2.936190E-08
   -2.283908E+00   -5.254147E-07   -3.020398E-08
   -2.282428E+00   -5.310999E-07   -3.167015E-08
   -2.280947E+00   -5.360311E-07   -3.323784E-08
   -2.279467E+00   -5.399728E-07   -3.452912E-08
   -2.277987E+00   -5.438272E-07   -3.548541E-08
   -2.276507E+00   -5.483740E-07   -3.558056E-08
   -2.275027E+00   -5.535976E-07   -3.527773E-08
   -2.273547E+00   -5.604334E-07   -3.447789E-08
   -2.272066E+00   -5.679665E-07   -3.365070E-08
   -2.270586E+00   -5.762698E-07   -3.322427E-08
   -2.269106E+00   -5.845362E-07   -3.316643E-08
   -2.267626E+00   -5.919146E-07   -3.396607E-08
   -2.266146E+00   -5.985740E-07   -3.512957E-08
   -2.264665E+00   -6.036661E-07   -3.667964E-08
   -2.263185E+00   -6.081377E-07   -3.819705E-08
   -2.261705E+00   -6.120544E-07   -3.921887E-08
   -2.260225E+00   -6.161175E-07   -3.985092E-08
   -2.258745E+00   -6.212377E-07   -3.964588E-08
   -2.257265E+00   -6.271161E-07   -3.911356E-08
   -2.255784E+00   -6.345348E-07   -3.829423E-08
   -2.254304E+00   -6.425161E-07   -3.755470E-08
   -2.252824E+00   -6.508917E-07   -3.737392E-08
   -2.251344E+00   -6.590466E-07   -3.759232E-08
   -2.249864E+00   -6.660563E-07   -3.862239E-08
   -2.248384E+00   -6.723052E-07   -3.995025E-08
   -2.246903E+00   -6.770866E-07   -4.149031E-08
   -2.245423E+00   -6.813681E-07   -4.291575E-08
   -2.243943E+00   -6.853993E-07   -4.373761E-08
   -2.242463E+00   -6.897163E-07   -4.415632E-08
   -2.240983E+00   -6.952671E-07   -4.379228E-08
   -2.239503E+00   -7.015939E-07   -4.315708E-08
   -2.238022E+00   -7.093592E-07   -4.236814E-08
   -2.236542E+00   -7.175889E-07   -4.171668E-08
   -2.235062E+00   -7.259865E-07   -4.169151E-08
   -2.233582E+00   -7.340679E-07   -4.206868E-08
   -2.232102E+00   -7.408965E-07   -4.320772E-08
   -2.230621E+00   -7.469616E-07   -4.460186E-08
   -2.229141E+00   -7.516449E-07   -4.611557E-08
   -2.227661E+00   -7.558990E-07   -4.747827E-08
   -2.226181E+00   -7.600537E-07   -4.820219E-08
   -2.224701E+00   -7.645530E-07   -4.852627E-08
   -2.223221E+00   -7.703433E-07   -4.810724E-08
   -2.221740E+00   -7.769057E-07   -4.744477E-08
   -2.220260E+00   -7.848485E-07   -4.668059E-08
   -2.218780E+00   -7.932153E-07   -4.607079E-08
   -2.217300E+00   -8.016759E-07   -4.609630E-08
   -2.215820E+00   -8.097971E-07   -4.651764E-08
   -2.214340E+00   -8.166530E-07   -4.767569E-08
   -2.212859E+00   -8.227532E-07   -4.907651E-08
   -2.211379E+00   -8.274986E-07   -5.058316E-08
   -2.209899E+00   -8.318254E-07   -5.193957E-08
   -2.208419E+00   -8.360562E-07   -5.267108E-08
   -2.206939E+00   -8.406236E-07   -5.301148E-08
   -2.205459E+00   -8.464574E-07   -5.261906E-08
   -2.203978E+00   -8.530546E-07   -5.198069E-08
   -2.202498E+00   -8.610390E-07   -5.121815E-08
   -2.201018E+00   -8.694670E-07   -5.059269E-08
   -2.199538E+00   -8.780560E-07   -5.056726E-08
   -2.198058E+00   -8.863447E-07   -5.092666E-08
   -2.196577E+00   -8.934321E-07   -5.202566E-08
   -2.195097E+00   -8.997757E-07   -5.338362E-08
   -2.193617E+00   -9.047313E-07   -5.490422E-08
   -2.192137E+00   -9.092227E-07   -5.630811E-08
   -2.190657E+00   -9.134862E-07   -5.714461E-08
   -2.189177E+00   -9.180169E-07   -5.760433E-08
   -2.187696E+00   -9.237095E-07   -5.731843E-08
   -2.186216E+00   -9.301484E-07   -5.675867E-08
   -2.184736E+00   -9.380303E-07   -5.598698E-08
   -2.183256E+00   -9.464263E-07   -5.530328E-08
   -2.181776E+00   -9.551788E-07   -5.513782E-08
   -2.180296E+00   -9.637316E-07   -5.533691E-08
   -2.178815E+00   -9.712357E-07   -5.629188E-08
   -2.177335E+00   -9.780247E-07   -5.754287E-08
   -2.175855E+00   -9.833637E-07   -5.907313E-08
   -2.174375E+00   -9.881509E-07   -6.055190E-08
   -2.172895E+00   -9.924592E-07   -6.157288E-08
   -2.171415E+00   -9.969024E-07   -6.224580E-08
   -2.169934E+00   -1.002299E-06   -6.215939E-08
   -2.168454E+00   -1.008396E-06   -6.175623E-08
   -2.166974E+00   -1.015994E-06   -6.100148E-08
   -2.165494E+00   -1.024207E-06   -6.025459E-08
   -2.164014E+00   -1.033079E-06   -5.988562E-08
   -2.162534E+00   -1.041916E-06   -5.983995E-08
   -2.161053E+00   -1.049977E-06   -6.055053E-08
   -2.159573E+00   -1.057394E-06   -6.160121E-08
   -2.158093E+00   -1.063331E-06   -6.308914E-08
   -2.156613E+00   -1.068614E-06   -6.462081E-08
   -2.155133E+00   -1.073081E-06   -6.586982E-08
   -2.153652E+00   -1.077487E-06   -6.682774E-08
   -2.152172E+00   -1.082501E-06   -6.704732E-08
   -2.150692E+00   -1.088109E-06   -6.690964E-08
   -2.149212E+00   -1.095205E-06   -6.625373E-08
   -2.147732E+00   -1.103013E-06   -6.549874E-08
   -2.146252E+00   -1.111841E-06   -6.491200E-08
   -2.144771E+00   -1.120856E-06   -6.457203E-08
   -2.143291E+00   -1.129516E-06   -6.493244E-08
   -2.141811E+00   -1.137679E-06   -6.566268E-08
   -2.140331E+00   -1.144450E-06   -6.699496E-08
   -2.138851E+00   -1.150492E-06   -6.848752E-08
   -2.137371E+00   -1.155363E-06   -6.994310E-08
   -2.135890E+00   -1.159931E-06   -7.120637E-08
   -2.134410E+00   -1.164609E-06   -7.183037E-08
   -2.132930E+00   -1.169687E-06   -7.208381E-08
   -2.131450E+00   -1.176070E-06   -7.166989E-08
   -2.129970E+00   -1.183206E-06   -7.103743E-08
   -2.128490E+00   -1.191691E-06   -7.029969E-08
   -2.127009E+00   -1.200616E-06   -6.968702E-08
   -2.125529E+00   -1.209751E-06   -6.962094E-08
   -2.124049E+00   -1.218632E-06   -6.991259E-08
   -2.122569E+00   -1.226416E-06   -7.092180E-08
   -2.121089E+00   -1.233485E-06   -7.220719E-08
   -2.119608E+00   -1.239126E-06   -7.375108E-08
   -2.118128E+00   -1.244220E-06   -7.524745E-08
   -2.116648E+00   -1.248813E-06   -7.631833E-08
   -2.115168E+00   -1.253512E-06   -7.706124E-08
   -2.113688E+00   -1.259089E-06   -7.707046E-08
   -2.112208E+00   -1.265340E-06   -7.675859E-08
   -2.110727E+00   -1.273096E-06   -7.604286E-08
   -2.109247E+00   -1.281512E-06   -7.529006E-08
   -2.107767E+00   -1.290765E-06   -7.480895E-08
   -2.106287E+00   -1.300100E-06   -7.460547E-08
   -2.104807E+00   -1.308897E-06   -7.511457E-08
   -2.103327E+00   -1.317136E-06   -7.597762E-08
   -2.101846E+00   -1.323940E-06   -7.738290E-08
   -2.100366E+00   -1.330030E-06   -7.891484E-08
   -2.098886E+00   -1.335026E-06   -8.035402E-08
   -2.097406E+00   -1.339767E-06   -8.158474E-08
   -2.095926E+00   -1.344701E-06   -8.216993E-08
   -2.094446E+00   -1.350064E-06   -8.239133E-08
   -2.092965E+00   -1.356760E-06   -8.196697E-08
   -2.091485E+00   -1.364211E-06   -8.133273E-08
   -2.090005E+00   -1.373012E-06   -8.059754E-08
   -2.088525E+00   -1.382260E-06   -7.998219E-08
   -2.087045E+00   -1.391746E-06   -7.989356E-08
   -2.085564E+00   -1.401001E-06   -8.015339E-08
   -2.084084E+00   -1.409199E-06   -8.112582E-08
   -2.082604E+00   -1.416690E-06   -8.238330E-08
   -2.081124E+00   -1.422727E-06   -8.394182E-08
   -2.079644E+00   -1.428178E-06   -8.548305E-08
   -2.078164E+00   -1.433002E-06   -8.666243E-08
   -2.076683E+00   -1.437856E-06   -8.753775E-08
   -2.075203E+00   -1.443450E-06   -8.769368E-08
   -2.073723E+00   -1.449675E-06   -8.751349E-08
   -2.072243E+00   -1.457406E-06   -8.685503E-08
   -2.070763E+00   -1.465849E-06   -8.610623E-08
   -2.069283E+00   -1.475327E-06   -8.551296E-08
   -2.067802E+00   -1.485016E-06   -8.514855E-08
   -2.066322E+00   -1.494429E-06   -8.544491E-08
   -2.064842E+00   -1.503386E-06   -8.610169E-08
   -2.063362E+00   -1.510999E-06   -8.738317E-08
   -2.061882E+00   -1.517870E-06   -8.886119E-08
   -2.060402E+00   -1.523440E-06   -9.041550E-08
   -2.058921E+00   -1.528592E-06   -9.184152E-08
   -2.057441E+00   -1.533560E-06   -9.273436E-08
   -2.055961E+00   -1.538785E-06   -9.328023E-08
   -2.054481E+00   -1.545113E-06   -9.312112E-08
   -2.053001E+00   -1.552170E-06   -9.267945E-08
   -2.051520E+00   -1.560735E-06   -9.193252E-08
   -2.050040E+00   -1.569916E-06   -9.119505E-08
   -2.048560E+00   -1.579799E-06   -9.079634E-08
   -2.047080E+00   -1.589695E-06   -9.069108E-08
   -2.045600E+00   -1.598937E-06   -9.129682E-08
   -2.044120E+00   -1.607585E-06   -9.224493E-08
   -2.042639E+00   -1.614764E-06   -9.370638E-08
   -2.041159E+00   -1.621224E-06   -9.528440E-08
   -2.039679E+00   -1.626584E-06   -9.676608E-08
   -2.038199E+00   -1.631681E-06   -9.804532E-08
   -2.036719E+00   -1.636942E-06   -9.869737E-08
   -2.035239E+00   -1.642615E-06   -9.899101E-08
   -2.033758E+00   -1.649605E-06   -9.862881E-08
   -2.032278E+00   -1.657362E-06   -9.803756E-08
   -2.030798E+00   -1.666556E-06   -9.728076E-08
   -2.029318E+00   -1.676269E-06   -9.660446E-08
   -2.027838E+00   -1.686414E-06   -9.638227E-08
   -2.026358E+00   -1.696427E-06   -9.648682E-08
   -2.024877E+00   -1.705542E-06   -9.730926E-08
   -2.023397E+00   -1.713985E-06   -9.844857E-08
   -2.021917E+00   -1.720921E-06   -1.000061E-07
   -2.020437E+00   -1.727176E-06   -1.016215E-07
   -2.018957E+00   -1.732503E-06   -1.030268E-07
   -2.017476E+00   -1.737682E-06   -1.041860E-07
   -2.015996E+00   -1.743257E-06   -1.046730E-07
   -2.014516E+00   -1.749340E-06   -1.048033E-07
   -2.013036E+00   -1.756855E-06   -1.043255E-07
   -2.011556E+00   -1.765147E-06   -1.036579E-07
   -2.010076E+00   -1.774807E-06   -1.029167E-07
   -2.008595E+00   -1.784916E-06   -1.022988E-07
   -2.007115E+00   -1.795281E-06   -1.021980E-07
   -2.005635E+00   -1.805427E-06   -1.024390E-07
   -2.004155E+00   -1.814537E-06   -1.033914E-07
   -2.002675E+00   -1.822935E-06   -1.046416E-07
   -2.001195E+00   -1.829814E-06   -1.062505E-07
   -1.999714E+00   -1.836040E-06   -1.078840E-07
   -1.998234E+00   -1.841440E-06   -1.092470E-07
   -1.996754E+00   -1.846754E-06   -1.103427E-07
   -1.995274E+00   -1.852588E-06   -1.107480E-07
   -1.993794E+00   -1.858979E-06   -1.107998E-07
   -1.992314E+00   -1.866859E-06   -1.102697E-07
   -1.990833E+00   -1.875524E-06   -1.095692E-07
   -1.989353E+00   -1.885527E-06   -1.088364E-07
   -1.987873E+00   -1.895951E-06   -1.082447E-07
   -1.986393E+00   -1.906560E-06   -1.081946E-07
   -1.984913E+00   -1.916916E-06   -1.084913E-07
   -1.983433E+00   -1.926179E-06   -1.094970E-07
   -1.981952E+00   -1.934713E-06   -1.107944E-07
   -1.980472E+00   -1.941711E-06   -1.124338E-07
   -1.978992E+00   -1.948058E-06   -1.140895E-07
   -1.977512E+00   -1.953594E-06   -1.154619E-07
   -1.976032E+00   -1.959053E-06   -1.165629E-07
   -1.974551E+00   -1.965053E-06   -1.169698E-07
   -1.973071E+00   -1.971621E-06   -1.170222E-07
   -1.971591E+00   -1.979701E-06   -1.164903E-07
   -1.970111E+00   -1.988578E-06   -1.157855E-07
   -1.968631E+00   -1.998822E-06   -1.150403E-07
   -1.967151E+00   -2.009505E-06   -1.144317E-07
   -1.965670E+00   -2.020407E-06   -1.143571E-07
   -1.964190E+00   -2.031072E-06   -1.146282E-07
   -1.962710E+00   -2.040661E-06   -1.156148E-07
   -1.961230E+00   -2.049519E-06   -1.169017E-07
   -1.959750E+00   -2.056813E-06   -1.185571E-07
   -1.958270E+00   -2.063428E-06   -1.202448E-07
   -1.956789E+00   -2.069155E-06   -1.216809E-07
   -1.955309E+00   -2.074762E-06   -1.228575E-07
   -1.953829E+00   -2.080832E-06   -1.233487E-07
   -1.952349E+00   -2.087443E-06   -1.234803E-07
   -1.950869E+00   -2.095551E-06   -1.229974E-07
   -1.949389E+00   -2.104474E-06   -1.223182E-07
   -1.947908E+00   -2.114850E-06   -1.215434E-07
   -1.946428E+00   -2.125725E-06   -1.208783E-07
   -1.944948E+00   -2.136960E-06   -1.207066E-07
   -1.943468E+00   -2.148023E-06   -1.208718E-07
   -1.941988E+00   -2.158109E-06   -1.217638E-07
   -1.940507E+00   -2.167483E-06   -1.229766E-07
   -1.939027E+00   -2.175262E-06   -1.246236E-07
   -1.937547E+00   -2.182311E-06   -1.263423E-07
   -1.936067E+00   -2.188313E-06   -1.278865E-07
   -1.934587E+00   -2.194101E-06   -1.292011E-07
   -1.933107E+00   -2.200168E-06   -1.298592E-07
   -1.931626E+00   -2.206704E-06   -1.301527E-07
   -1.930146E+00   -2.214669E-06   -1.297823E-07
   -1.928666E+00   -2.223461E-06   -1.291749E-07
   -1.927186E+00   -2.233823E-06   -1.283718E-07
   -1.925706E+00   -2.244783E-06   -1.276284E-07
   -1.924226E+00   -2.256344E-06   -1.272976E-07
   -1.922745E+00   -2.267854E-06   -1.272816E-07
   -1.921265E+00   -2.278582E-06   -1.279954E-07
   -1.919785E+00   -2.288654E-06   -1.290563E-07
   -1.918305E+00   -2.297130E-06   -1.306462E-07
   -1.916825E+00   -2.304817E-06   -1.323686E-07
   -1.915345E+00   -2.311238E-06   -1.340415E-07
   -1.913864E+00   -2.317305E-06   -1.355373E-07
   -1.912384E+00   -2.323354E-06   -1.364399E-07
   -1.910904E+00   -2.329746E-06   -1.369820E-07
   -1.909424E+00   -2.337408E-06   -1.368085E-07
   -1.907944E+00   -2.345882E-06   -1.363460E-07
   -1.906463E+00   -2.356038E-06   -1.355498E-07
   -1.904983E+00   -2.366911E-06   -1.347394E-07
   -1.903503E+00   -2.378710E-06   -1.342111E-07
   -1.902023E+00   -2.390635E-06   -1.339538E-07
   -1.900543E+00   -2.402094E-06   -1.344000E-07
   -1.899063E+00   -2.413007E-06   -1.352146E-07
   -1.897582E+00   -2.422404E-06   -1.366648E-07
   -1.896102E+00   -2.430970E-06   -1.383239E-07
   -1.894622E+00   -2.438037E-06   -1.401058E-07
   -1.893142E+00   -2.444574E-06   -1.417901E-07
   -1.891662E+00   -2.450691E-06   -1.429974E-07
   -1.890182E+00   -2.456959E-06   -1.438689E-07
   -1.888701E+00   -2.464207E-06   -1.439965E-07
   -1.887221E+00   -2.472196E-06   -1.437836E-07
   -1.885741E+00   -2.481910E-06   -1.430761E-07
   -1.884261E+00   -2.492453E-06   -1.422588E-07
   -1.882781E+00   -2.504291E-06   -1.415370E-07
   -1.881301E+00   -2.516479E-06   -1.410121E-07
   -1.879820E+00   -2.528654E-06   -1.411095E-07
   -1.878340E+00   -2.540467E-06   -1.415768E-07
   -1.876860E+00   -2.550983E-06   -1.427695E-07
   -1.875380E+00   -2.560681E-06   -1.442523E-07
   -1.873900E+00   -2.568698E-06   -1.460657E-07
   -1.872419E+00   -2.576006E-06   -1.478896E-07
   -1.870939E+00   -2.582416E-06   -1.494208E-07
   -1.869459E+00   -2.588720E-06   -1.506750E-07
   -1.867979E+00   -2.595549E-06   -1.512135E-07
   -1.866499E+00   -2.602964E-06   -1.513772E-07
   -1.865019E+00   -2.611998E-06   -1.508913E-07
   -1.863538E+00   -2.621923E-06   -1.501879E-07
   -1.862058E+00   -2.633481E-06   -1.493418E-07
   -1.860578E+00   -2.645639E-06   -1.485829E-07
   -1.859098E+00   -2.658351E-06   -1.482861E-07
   -1.857618E+00   -2.670973E-06   -1.483237E-07
   -1.856138E+00   -2.682711E-06   -1.491204E-07
   -1.854657E+00   -2.693738E-06   -1.502748E-07
   -1.853177E+00   -2.703051E-06   -1.519750E-07
   -1.851697E+00   -2.711516E-06   -1.538148E-07
   -1.850217E+00   -2.718603E-06   -1.556175E-07
   -1.848737E+00   -2.725284E-06   -1.572464E-07
   -1.847257E+00   -2.731872E-06   -1.582788E-07
   -1.845776E+00   -2.738783E-06   -1.589409E-07
   -1.844296E+00   -2.746981E-06   -1.588486E-07
   -1.842816E+00   -2.756030E-06   -1.584379E-07
   -1.841336E+00   -2.766910E-06   -1.576193E-07
   -1.839856E+00   -2.778611E-06   -1.567466E-07
   -1.838376E+00   -2.791484E-06   -1.560847E-07
   -1.836895E+00   -2.804607E-06   -1.556699E-07
   -1.835415E+00   -2.817478E-06   -1.559480E-07
   -1.833935E+00   -2.829871E-06   -1.566125E-07
   -1.832455E+00   -2.840770E-06   -1.579963E-07
   -1.830975E+00   -2.850785E-06   -1.596505E-07
   -1.829494E+00   -2.859065E-06   -1.615729E-07
   -1.828014E+00   -2.866646E-06   -1.634694E-07
   -1.826534E+00   -2.873415E-06   -1.650029E-07
   -1.825054E+00   -2.880145E-06   -1.662307E-07
   -1.823574E+00   -2.887554E-06   -1.667039E-07
   -1.822094E+00   -2.895625E-06   -1.667936E-07
   -1.820613E+00   -2.905451E-06   -1.662351E-07
   -1.819133E+00   -2.916221E-06   -1.654675E-07
   -1.817653E+00   -2.928690E-06   -1.645833E-07
   -1.816173E+00   -2.941773E-06   -1.638017E-07
   -1.814693E+00   -2.955403E-06   -1.635135E-07
   -1.813213E+00   -2.968922E-06   -1.635745E-07
   -1.811732E+00   -2.981495E-06   -1.644216E-07
   -1.810252E+00   -2.993312E-06   -1.656387E-07
   -1.808772E+00   -3.003318E-06   -1.674239E-07
   -1.807292E+00   -3.012423E-06   -1.693584E-07
   -1.805812E+00   -3.020043E-06   -1.712705E-07
   -1.804332E+00   -3.027210E-06   -1.730126E-07
   -1.802851E+00   -3.034210E-06   -1.741543E-07
   -1.801371E+00   -3.041515E-06   -1.749168E-07
   -1.799891E+00   -3.050115E-06   -1.748914E-07
   -1.798411E+00   -3.059598E-06   -1.745237E-07
   -1.796931E+00   -3.071030E-06   -1.736905E-07
   -1.795450E+00   -3.083365E-06   -1.727730E-07
   -1.793970E+00   -3.097063E-06   -1.720132E-07
   -1.792490E+00   -3.111110E-06   -1.714823E-07
   -1.791010E+00   -3.125074E-06   -1.716349E-07
   -1.789530E+00   -3.138616E-06   -1.721853E-07
   -1.788050E+00   -3.150696E-06   -1.735107E-07
   -1.786569E+00   -3.161860E-06   -1.751487E-07
   -1.785089E+00   -3.171133E-06   -1.771563E-07
   -1.783609E+00   -3.179589E-06   -1.791896E-07
   -1.782129E+00   -3.186951E-06   -1.809468E-07
   -1.780649E+00   -3.194131E-06   -1.824251E-07
   -1.779169E+00   -3.201747E-06   -1.831573E-07
   -1.777688E+00   -3.209950E-06   -1.834844E-07
   -1.776208E+00   -3.219877E-06   -1.830718E-07
   -1.774728E+00   -3.230803E-06   -1.823861E-07
   -1.773248E+00   -3.243674E-06   -1.814379E-07
   -1.771768E+00   -3.257332E-06   -1.805221E-07
   -1.770288E+00   -3.271937E-06   -1.799892E-07
   -1.768807E+00   -3.286626E-06   -1.797758E-07
   -1.767327E+00   -3.300682E-06   -1.803538E-07
   -1.765847E+00   -3.314074E-06   -1.813390E-07
   -1.764367E+00   -3.325665E-06   -1.830279E-07
   -1.762887E+00   -3.336269E-06   -1.849550E-07
   -1.761406E+00   -3.345053E-06   -1.870519E-07
   -1.759926E+00   -3.353157E-06   -1.890660E-07
   -1.758446E+00   -3.360591E-06   -1.906058E-07
   -1.756966E+00   -3.368095E-06   -1.917929E-07
   -1.755486E+00   -3.376539E-06   -1.921595E-07
   -1.754006E+00   -3.385780E-06   -1.921255E-07
   -1.752525E+00   -3.397019E-06   -1.914403E-07
   -1.751045E+00   -3.409298E-06   -1.905576E-07
   -1.749565E+00   -3.423407E-06   -1.896007E-07
   -1.748085E+00   -3.438159E-06   -1.887736E-07
   -1.746605E+00   -3.453448E-06   -1.884990E-07
   -1.745125E+00   -3.468590E-06   -1.886031E-07
   -1.743644E+00   -3.482658E-06   -1.895484E-07
   -1.742164E+00   -3.495887E-06   -1.908883E-07
   -1.740684E+00   -3.507110E-06   -1.928371E-07
   -1.739204E+00   -3.517330E-06   -1.949506E-07
   -1.737724E+00   -3.525873E-06   -1.970592E-07
   -1.736244E+00   -3.533881E-06   -1.989983E-07
   -1.734763E+00   -3.541609E-06   -2.003187E-07
   -1.733283E+00   -3.549621E-06   -2.012398E-07
   -1.731803E+00   -3.558965E-06   -2.013115E-07
   -1.730323E+00   -3.569257E-06   -2.010014E-07
   -1.728843E+00   -3.581709E-06   -2.001361E-07
   -1.727362E+00   -3.595204E-06   -1.991422E-07
   -1.725882E+00   -3.610379E-06   -1.982302E-07
   -1.724402E+00   -3.626060E-06   -1.975230E-07
   -1.722922E+00   -3.641925E-06   -1.974893E-07
   -1.721442E+00   -3.657456E-06   -1.978715E-07
   -1.719962E+00   -3.671578E-06   -1.991118E-07
   -1.718481E+00   -3.684739E-06   -2.007261E-07
   -1.717001E+00   -3.695771E-06   -2.028585E-07
   -1.715521E+00   -3.705808E-06   -2.050931E-07
   -1.714041E+00   -3.714317E-06   -2.071846E-07
   -1.712561E+00   -3.722419E-06   -2.090418E-07
   -1.711081E+00   -3.730560E-06   -2.101794E-07
   -1.709600E+00   -3.739151E-06   -2.108887E-07
   -1.708120E+00   -3.749370E-06   -2.107409E-07
   -1.706640E+00   -3.760644E-06   -2.102321E-07
   -1.705160E+00   -3.774183E-06   -2.092504E-07
   -1.703680E+00   -3.788756E-06   -2.081943E-07
   -1.702200E+00   -3.804878E-06   -2.073382E-07
   -1.700719E+00   -3.821396E-06   -2.067413E-07
   -1.699239E+00   -3.837828E-06   -2.069021E-07
   -1.697759E+00   -3.853785E-06   -2.075024E-07
   -1.696279E+00   -3.868088E-06   -2.089663E-07
   -1.694799E+00   -3.881339E-06   -2.107864E-07
   -1.693318E+00   -3.892377E-06   -2.130547E-07
   -1.691838E+00   -3.902428E-06   -2.153792E-07
   -1.690358E+00   -3.911061E-06   -2.174616E-07
   -1.688878E+00   -3.919380E-06   -2.192643E-07
   -1.687398E+00   -3.927969E-06   -2.202777E-07
   -1.685918E+00   -3.937129E-06   -2.208433E-07
   -1.684437E+00   -3.948134E-06   -2.205469E-07
   -1.682957E+00   -3.960274E-06   -2.199036E-07
   -1.681477E+00   -3.974766E-06   -2.188428E-07
   -1.679997E+00   -3.990294E-06   -2.177440E-07
   -1.678517E+00   -4.007297E-06   -2.169242E-07
   -1.677037E+00   -4.024626E-06   -2.164005E-07
   -1.675556E+00   -4.041692E-06   -2.166926E-07
   -1.674076E+00   -4.058188E-06   -2.174419E-07
   -1.672596E+00   -4.072853E-06   -2.190640E-07
   -1.671116E+00   -4.086397E-06   -2.210338E-07
   -1.669636E+00   -4.097644E-06   -2.234132E-07
   -1.668156E+00   -4.107894E-06   -2.258219E-07
   -1.666675E+00   -4.116768E-06   -2.279285E-07
   -1.665195E+00   -4.125375E-06   -2.297264E-07
   -1.663715E+00   -4.134389E-06   -2.306870E-07
   -1.662235E+00   -4.144050E-06   -2.311834E-07
   -1.660755E+00   -4.155709E-06   -2.308036E-07
   -1.659275E+00   -4.168571E-06   -2.300791E-07
   -1.657794E+00   -4.183882E-06   -2.289580E-07
   -1.656314E+00   -4.200256E-06   -2.278158E-07
   -1.654834E+00   -4.218111E-06   -2.269933E-07
   -1.653354E+00   -4.236273E-06   -2.264883E-07
   -1.651874E+00   -4.254092E-06   -2.268388E-07
   -1.650393E+00   -4.271290E-06   -2.276627E-07
   -1.648913E+00   -4.286538E-06   -2.293815E-07
   -1.647433E+00   -4.300607E-06   -2.314531E-07
   -1.645953E+00   -4.312275E-06   -2.339327E-07
   -1.644473E+00   -4.322907E-06   -2.364354E-07
   -1.642993E+00   -4.332118E-06   -2.386143E-07
   -1.641512E+00   -4.341059E-06   -2.404705E-07
   -1.640032E+00   -4.350437E-06   -2.414578E-07
   -1.638552E+00   -4.360497E-06   -2.419647E-07
   -1.637072E+00   -4.372652E-06   -2.415654E-07
   -1.635592E+00   -4.386067E-06   -2.408088E-07
   -1.634112E+00   -4.402056E-06   -2.396378E-07
   -1.632631E+00   -4.419167E-06   -2.384414E-07
   -1.631151E+00   -4.437859E-06   -2.375668E-07
   -1.629671E+00   -4.456893E-06   -2.370163E-07
   -1.628191E+00   -4.475615E-06   -2.373451E-07
   -1.626711E+00   -4.493709E-06   -2.381637E-07
   -1.625231E+00   -4.509793E-06   -2.399161E-07
   -1.623750E+00   -4.524648E-06   -2.420419E-07
   -1.622270E+00   -4.536972E-06   -2.446142E-07
   -1.620790E+00   -4.548186E-06   -2.472252E-07
   -1.619310E+00   -4.557835E-06   -2.495310E-07
   -1.617830E+00   -4.567154E-06   -2.515154E-07
   -1.616349E+00   -4.576827E-06   -2.526156E-07
   -1.614869E+00   -4.587167E-06   -2.532192E-07
   -1.613389E+00   -4.599636E-06   -2.528694E-07
   -1.611909E+00   -4.613413E-06   -2.521342E-07
   -1.610429E+00   -4.629915E-06   -2.509259E-07
   -1.608949E+00   -4.647633E-06   -2.496656E-07
   -1.607468E+00   -4.667136E-06   -2.486878E-07
   -1.605988E+00   -4.687075E-06   -2.480243E-07
   -1.604508E+00   -4.706855E-06   -2.482452E-07
   -1.603028E+00   -4.726051E-06   -2.489713E-07
   -1.601548E+00   -4.743248E-06   -2.506854E-07
   -1.600068E+00   -4.759181E-06   -2.528088E-07
   -1.598587E+00   -4.772431E-06   -2.554586E-07
   -1.597107E+00   -4.784466E-06   -2.581857E-07
   -1.595627E+00   -4.794691E-06   -2.606704E-07
   -1.594147E+00   -4.804461E-06   -2.628530E-07
   -1.592667E+00   -4.814376E-06   -2.641582E-07
   -1.591187E+00   -4.824886E-06   -2.649529E-07
   -1.589706E+00   -4.837475E-06   -2.647342E-07
   -1.588226E+00   -4.851401E-06   -2.640875E-07
   -1.586746E+00   -4.868213E-06   -2.628682E-07
   -1.585266E+00   -4.886365E-06   -2.615469E-07
   -1.583786E+00   -4.906606E-06   -2.604220E-07
   -1.582305E+00   -4.927444E-06   -2.595821E-07
   -1.580825E+00   -4.948411E-06   -2.596048E-07
   -1.579345E+00   -4.968903E-06   -2.601431E-07
   -1.577865E+00   -4.987505E-06   -2.617317E-07
   -1.576385E+00   -5.004833E-06   -2.637781E-07
   -1.574905E+00   -5.019334E-06   -2.664705E-07
   -1.573424E+00   -5.032489E-06   -2.693028E-07
   -1.571944E+00   -5.043494E-06   -2.720057E-07
   -1.570464E+00   -5.053858E-06   -2.744479E-07
   -1.568984E+00   -5.064010E-06   -2.760524E-07
   -1.567504E+00   -5.074616E-06   -2.771407E-07
   -1.566024E+00   -5.087135E-06   -2.771530E-07
   -1.564543E+00   -5.100981E-06   -2.766839E-07
   -1.563063E+00   -5.117853E-06   -2.755054E-07
   -1.561583E+00   -5.136205E-06   -2.741510E-07
   -1.560103E+00   -5.157038E-06   -2.728545E-07
   -1.558623E+00   -5.178690E-06   -2.717888E-07
   -1.557143E+00   -5.200913E-06   -2.715242E-07
   -1.555662E+00   -5.222846E-06   -2.717734E-07
   -1.554182E+00   -5.243136E-06   -2.731298E-07
   -1.552702E+00   -5.262194E-06   -2.750000E-07
   -1.551222E+00   -5.278326E-06   -2.776689E-07
   -1.549742E+00   -5.292976E-06   -2.805641E-07
   -1.548261E+00   -5.305066E-06   -2.834981E-07
   -1.546781E+00   -5.316267E-06   -2.862408E-07
   -1.545301E+00   -5.326746E-06   -2.882333E-07
   -1.543821E+00   -5.337452E-06   -2.897209E-07
   -1.542341E+00   -5.349745E-06   -2.900841E-07
   -1.540861E+00   -5.363293E-06   -2.899089E-07
   -1.539380E+00   -5.379927E-06   -2.888596E-07
   -1.537900E+00   -5.398177E-06   -2.875378E-07
   -1.536420E+00   -5.419348E-06   -2.860790E-07
   -1.534940E+00   -5.441620E-06   -2.847667E-07
   -1.533460E+00   -5.465060E-06   -2.841379E-07
   -1.531980E+00   -5.488487E-06   -2.839990E-07
   -1.530499E+00   -5.510702E-06   -2.849984E-07
   -1.529019E+00   -5.531805E-06   -2.865657E-07
   -1.527539E+00   -5.549994E-06   -2.891041E-07
   -1.526059E+00   -5.566591E-06   -2.919757E-07
   -1.524579E+00   -5.580194E-06   -2.951114E-07
   -1.523099E+00   -5.592615E-06   -2.981580E-07
   -1.521618E+00   -5.603651E-06   -3.006075E-07
   -1.520138E+00   -5.614592E-06   -3.025911E-07
   -1.518658E+00   -5.626590E-06   -3.034404E-07
   -1.517178E+00   -5.639674E-06   -3.037020E-07
   -1.515698E+00   -5.655754E-06   -3.029146E-07
   -1.514218E+00   -5.673540E-06   -3.017406E-07
   -1.512737E+00   -5.694678E-06   -3.001796E-07
   -1.511257E+00   -5.717231E-06   -2.986465E-07
   -1.509777E+00   -5.741694E-06   -2.976067E-07
   -1.508297E+00   -5.766519E-06   -2.969992E-07
   -1.506817E+00   -5.790787E-06   -2.975081E-07
   -1.505336E+00   -5.814175E-06   -2.986238E-07
   -1.503856E+00   -5.834856E-06   -3.008793E-07
   -1.502376E+00   -5.853900E-06   -3.035874E-07
   -1.500896E+00   -5.869574E-06   -3.068356E-07
   -1.499416E+00   -5.883755E-06   -3.101322E-07
   -1.497936E+00   -5.895771E-06   -3.130657E-07
   -1.496455E+00   -5.907276E-06   -3.156125E-07
   -1.494975E+00   -5.919067E-06   -3.170835E-07
   -1.493495E+00   -5.931646E-06   -3.179410E-07
   -1.492015E+00   -5.946893E-06   -3.175930E-07
   -1.490535E+00   -5.963841E-06   -3.167376E-07
   -1.489055E+00   -5.984467E-06   -3.152018E-07
   -1.487574E+00   -6.006815E-06   -3.135411E-07
   -1.486094E+00   -6.031902E-06   -3.120985E-07
   -1.484614E+00   -6.057819E-06   -3.109853E-07
   -1.483134E+00   -6.084082E-06   -3.108828E-07
   -1.481654E+00   -6.109840E-06   -3.113929E-07
   -1.480174E+00   -6.133380E-06   -3.131733E-07
   -1.478693E+00   -6.155359E-06   -3.155233E-07
   -1.477213E+00   -6.173759E-06   -3.187208E-07
   -1.475733E+00   -6.190392E-06   -3.221360E-07
   -1.474253E+00   -6.204038E-06   -3.255105E-07
   -1.472773E+00   -6.216680E-06   -3.286283E-07
   -1.471292E+00   -6.228596E-06   -3.308296E-07
   -1.469812E+00   -6.240850E-06   -3.324345E-07
   -1.468332E+00   -6.255118E-06   -3.327359E-07
   -1.466852E+00   -6.270934E-06   -3.324210E-07
   -1.465372E+00   -6.290511E-06   -3.311158E-07
   -1.463892E+00   -6.312052E-06   -3.295057E-07
   -1.462411E+00   -6.337148E-06   -3.277526E-07
   -1.460931E+00   -6.363595E-06   -3.261726E-07
   -1.459451E+00   -6.391521E-06   -3.253838E-07
   -1.457971E+00   -6.419476E-06   -3.251605E-07
   -1.456491E+00   -6.446060E-06   -3.262547E-07
   -1.455011E+00   -6.471341E-06   -3.280112E-07
   -1.453530E+00   -6.493142E-06   -3.309164E-07
   -1.452050E+00   -6.513009E-06   -3.342279E-07
   -1.450570E+00   -6.529157E-06   -3.379012E-07
   -1.449090E+00   -6.543784E-06   -3.415032E-07
   -1.447610E+00   -6.556483E-06   -3.444757E-07
   -1.446130E+00   -6.568919E-06   -3.469323E-07
   -1.444649E+00   -6.582329E-06   -3.480959E-07
   -1.443169E+00   -6.596925E-06   -3.485714E-07
   -1.441689E+00   -6.614983E-06   -3.477766E-07
   -1.440209E+00   -6.635092E-06   -3.464872E-07
   -1.438729E+00   -6.659395E-06   -3.446265E-07
   -1.437248E+00   -6.685559E-06   -3.427292E-07
   -1.435768E+00   -6.714474E-06   -3.412701E-07
   -1.434288E+00   -6.744092E-06   -3.402579E-07
   -1.432808E+00   -6.773585E-06   -3.404768E-07
   -1.431328E+00   -6.802259E-06   -3.413979E-07
   -1.429848E+00   -6.828008E-06   -3.437059E-07
   -1.428367E+00   -6.851853E-06   -3.466043E-07
   -1.426887E+00   -6.871528E-06   -3.503135E-07
   -1.425407E+00   -6.889226E-06   -3.541864E-07
   -1.423927E+00   -6.903739E-06   -3.578545E-07
   -1.422447E+00   -6.917272E-06   -3.611670E-07
   -1.420967E+00   -6.930360E-06   -3.633559E-07
   -1.419486E+00   -6.944030E-06   -3.648534E-07
   -1.418006E+00   -6.960340E-06   -3.648959E-07
   -1.416526E+00   -6.978543E-06   -3.642743E-07
   -1.415046E+00   -7.001186E-06   -3.626320E-07
   -1.413566E+00   -7.026084E-06   -3.607031E-07
   -1.412086E+00   -7.054959E-06   -3.587286E-07
   -1.410605E+00   -7.085292E-06   -3.569999E-07
   -1.409125E+00   -7.117092E-06   -3.562382E-07
   -1.407645E+00   -7.148803E-06   -3.561343E-07
   -1.406165E+00   -7.178715E-06   -3.575213E-07
   -1.404685E+00   -7.207040E-06   -3.596412E-07
   -1.403204E+00   -7.231250E-06   -3.630042E-07
   -1.401724E+00   -7.253209E-06   -3.667921E-07
   -1.400244E+00   -7.270902E-06   -3.709183E-07
   -1.398764E+00   -7.286874E-06   -3.749329E-07
   -1.397284E+00   -7.300714E-06   -3.781900E-07
   -1.395804E+00   -7.314301E-06   -3.808511E-07
   -1.394323E+00   -7.329109E-06   -3.820454E-07
   -1.392843E+00   -7.345325E-06   -3.824676E-07
   -1.391363E+00   -7.365602E-06   -3.814762E-07
   -1.389883E+00   -7.388271E-06   -3.799389E-07
   -1.388403E+00   -7.415826E-06   -3.777795E-07
   -1.386923E+00   -7.445553E-06   -3.755870E-07
   -1.385442E+00   -7.478508E-06   -3.738971E-07
   -1.383962E+00   -7.512305E-06   -3.727115E-07
   -1.382482E+00   -7.546023E-06   -3.729107E-07
   -1.381002E+00   -7.578825E-06   -3.738996E-07
   -1.379522E+00   -7.608289E-06   -3.764540E-07
   -1.378042E+00   -7.635554E-06   -3.796792E-07
   -1.376561E+00   -7.657956E-06   -3.838403E-07
   -1.375081E+00   -7.678023E-06   -3.882020E-07
   -1.373601E+00   -7.694252E-06   -3.923721E-07
   -1.372121E+00   -7.709248E-06   -3.961610E-07
   -1.370641E+00   -7.723504E-06   -3.987155E-07
   -1.369160E+00   -7.738323E-06   -4.004987E-07
   -1.367680E+00   -7.756013E-06   -4.006363E-07
   -1.366200E+00   -7.775840E-06   -4.000096E-07
   -1.364720E+00   -7.800797E-06   -3.981754E-07
   -1.363240E+00   -7.828418E-06   -3.959791E-07
   -1.361760E+00   -7.860872E-06   -3.936413E-07
   -1.360279E+00   -7.895179E-06   -3.915354E-07
   -1.358799E+00   -7.931580E-06   -3.904424E-07
   -1.357319E+00   -7.968084E-06   -3.900660E-07
   -1.355839E+00   -8.002881E-06   -3.913576E-07
   -1.354359E+00   -8.035981E-06   -3.934915E-07
   -1.352879E+00   -8.064450E-06   -3.971037E-07
   -1.351398E+00   -8.090295E-06   -4.012528E-07
   -1.349918E+00   -8.110974E-06   -4.059246E-07
   -1.348438E+00   -8.129462E-06   -4.105453E-07
   -1.346958E+00   -8.144957E-06   -4.144476E-07
   -1.345478E+00   -8.159862E-06   -4.177286E-07
   -1.343998E+00   -8.175600E-06   -4.194055E-07
   -1.342517E+00   -8.192724E-06   -4.202051E-07
   -1.341037E+00   -8.214233E-06   -4.193320E-07
   -1.339557E+00   -8.238466E-06   -4.177741E-07
   -1.338077E+00   -8.268522E-06   -4.153319E-07
   -1.336597E+00   -8.301302E-06   -4.127499E-07
   -1.335117E+00   -8.338449E-06   -4.105341E-07
   -1.333636E+00   -8.376956E-06   -4.088030E-07
   -1.332156E+00   -8.416180E-06   -4.085227E-07
   -1.330676E+00   -8.454715E-06   -4.091163E-07
   -1.329196E+00   -8.489957E-06   -4.115282E-07
   -1.327716E+00   -8.522812E-06   -4.147656E-07
   -1.326235E+00   -8.550038E-06   -4.192682E-07
   -1.324755E+00   -8.574395E-06   -4.241253E-07
   -1.323275E+00   -8.593676E-06   -4.290366E-07
   -1.321795E+00   -8.611092E-06   -4.336414E-07
   -1.320315E+00   -8.626654E-06   -4.370428E-07
   -1.318835E+00   -8.642365E-06   -4.396246E-07
   -1.317354E+00   -8.660538E-06   -4.403456E-07
   -1.315874E+00   -8.680883E-06   -4.401470E-07
   -1.314394E+00   -8.706923E-06   -4.383722E-07
   -1.312914E+00   -8.736130E-06   -4.360446E-07
   -1.311434E+00   -8.771506E-06   -4.332288E-07
   -1.309954E+00   -8.809489E-06   -4.305119E-07
   -1.308473E+00   -8.851059E-06   -4.286581E-07
   -1.306993E+00   -8.893378E-06   -4.275157E-07
   -1.305513E+00   -8.934910E-06   -4.281769E-07
   -1.304033E+00   -8.974958E-06   -4.298153E-07
   -1.302553E+00   -9.010238E-06   -4.333063E-07
   -1.301073E+00   -9.042546E-06   -4.375515E-07
   -1.299592E+00   -9.068510E-06   -4.427605E-07
   -1.298112E+00   -9.091522E-06   -4.481136E-07
   -1.296632E+00   -9.109860E-06   -4.530354E-07
   -1.295152E+00   -9.126796E-06   -4.574075E-07
   -1.293672E+00   -9.143207E-06   -4.601512E-07
   -1.292191E+00   -9.160554E-06   -4.619210E-07
   -1.290711E+00   -9.181973E-06   -4.616763E-07
   -1.289231E+00   -9.206288E-06   -4.605217E-07
   -1.287751E+00   -9.237401E-06   -4.579795E-07
   -1.286271E+00   -9.271991E-06   -4.550507E-07
   -1.284791E+00   -9.312808E-06   -4.520673E-07
   -1.283310E+00   -9.355980E-06   -4.494222E-07
   -1.281830E+00   -9.401739E-06   -4.481050E-07
   -1.280350E+00   -9.447565E-06   -4.476951E-07
   -1.278870E+00   -9.491050E-06   -4.493585E-07
   -1.277390E+00   -9.532277E-06   -4.520557E-07
   -1.275910E+00   -9.567394E-06   -4.565479E-07
   -1.274429E+00   -9.599054E-06   -4.616837E-07
   -1.272949E+00   -9.623898E-06   -4.674270E-07
   -1.271469E+00   -9.645833E-06   -4.730914E-07
   -1.269989E+00   -9.663729E-06   -4.778471E-07
   -1.268509E+00   -9.680779E-06   -4.818290E-07
   -1.267029E+00   -9.698751E-06   -4.838211E-07
   -1.265548E+00   -9.718460E-06   -4.847247E-07
   -1.264068E+00   -9.743801E-06   -4.835440E-07
   -1.262588E+00   -9.772700E-06   -4.815022E-07
   -1.261108E+00   -9.809318E-06   -4.783237E-07
   -1.259628E+00   -9.849616E-06   -4.749444E-07
   -1.258147E+00   -9.895986E-06   -4.719561E-07
   -1.256667E+00   -9.944363E-06   -4.695380E-07
   -1.255187E+00   -9.994185E-06   -4.688722E-07
   -1.253707E+00   -1.004335E-05   -4.692798E-07
   -1.252227E+00   -1.008861E-05   -4.719592E-07
   -1.250747E+00   -1.013087E-05   -4.756924E-07
   -1.249266E+00   -1.016579E-05   -4.810966E-07
   -1.247786E+00   -1.019686E-05   -4.870085E-07
   -1.246306E+00   -1.022081E-05   -4.931420E-07
   -1.244826E+00   -1.024199E-05   -4.989717E-07
   -1.243346E+00   -1.025994E-05   -5.034354E-07
   -1.241866E+00   -1.027764E-05   -5.069220E-07
   -1.240385E+00   -1.029779E-05   -5.081139E-07
   -1.238905E+00   -1.032048E-05   -5.081341E-07
   -1.237425E+00   -1.035031E-05   -5.060624E-07
   -1.235945E+00   -1.038431E-05   -5.032047E-07
   -1.234465E+00   -1.042683E-05   -4.994982E-07
   -1.232985E+00   -1.047315E-05   -4.957859E-07
   -1.231504E+00   -1.052525E-05   -4.929071E-07
   -1.230024E+00   -1.057894E-05   -4.908194E-07
   -1.228544E+00   -1.063286E-05   -4.908696E-07
   -1.227064E+00   -1.068537E-05   -4.921346E-07
   -1.225584E+00   -1.073240E-05   -4.958160E-07
   -1.224103E+00   -1.077572E-05   -5.005453E-07
   -1.222623E+00   -1.081055E-05   -5.067790E-07
   -1.221143E+00   -1.084117E-05   -5.133698E-07
   -1.219663E+00   -1.086451E-05   -5.197853E-07
   -1.218183E+00   -1.088527E-05   -5.256750E-07
   -1.216703E+00   -1.090368E-05   -5.297645E-07
   -1.215222E+00   -1.092251E-05   -5.326915E-07
   -1.213742E+00   -1.094534E-05   -5.330616E-07
   -1.212262E+00   -1.097153E-05   -5.321992E-07
   -1.210782E+00   -1.100635E-05   -5.292769E-07
   -1.209302E+00   -1.104593E-05   -5.256588E-07
   -1.207822E+00   -1.109475E-05   -5.214980E-07
   -1.206341E+00   -1.114747E-05   -5.175282E-07
   -1.204861E+00   -1.120560E-05   -5.148249E-07
   -1.203381E+00   -1.126488E-05   -5.131225E-07
   -1.201901E+00   -1.132309E-05   -5.139135E-07
   -1.200421E+00   -1.137914E-05   -5.160433E-07
   -1.198941E+00   -1.142814E-05   -5.206990E-07
   -1.197460E+00   -1.147269E-05   -5.263815E-07
   -1.195980E+00   -1.150764E-05   -5.333791E-07
   -1.194500E+00   -1.153803E-05   -5.405773E-07
   -1.193020E+00   -1.156102E-05   -5.472022E-07
   -1.191540E+00   -1.158164E-05   -5.530847E-07
   -1.190060E+00   -1.160087E-05   -5.567515E-07
   -1.188579E+00   -1.162120E-05   -5.590825E-07
   -1.187099E+00   -1.164713E-05   -5.586205E-07
   -1.185619E+00   -1.167724E-05   -5.568772E-07
   -1.184139E+00   -1.171752E-05   -5.531250E-07
   -1.182659E+00   -1.176315E-05   -5.487734E-07
   -1.181178E+00   -1.181876E-05   -5.441891E-07
   -1.179698E+00   -1.187837E-05   -5.399906E-07
   -1.178218E+00   -1.194300E-05   -5.374810E-07
   -1.176738E+00   -1.200833E-05   -5.361744E-07
   -1.175258E+00   -1.207128E-05   -5.376988E-07
   -1.173778E+00   -1.213127E-05   -5.406768E-07
   -1.172297E+00   -1.218259E-05   -5.462748E-07
   -1.170817E+00   -1.222871E-05   -5.528726E-07
   -1.169337E+00   -1.226405E-05   -5.605900E-07
   -1.167857E+00   -1.229448E-05   -5.683512E-07
   -1.166377E+00   -1.231735E-05   -5.751457E-07
   -1.164897E+00   -1.233806E-05   -5.809852E-07
   -1.163416E+00   -1.235835E-05   -5.842034E-07
   -1.161936E+00   -1.238044E-05   -5.859173E-07
   -1.160456E+00   -1.240980E-05   -5.846098E-07
   -1.158976E+00   -1.244421E-05   -5.819742E-07
   -1.157496E+00   -1.249041E-05   -5.773813E-07
   -1.156016E+00   -1.254262E-05   -5.722837E-07
   -1.154535E+00   -1.260564E-05   -5.672575E-07
   -1.153055E+00   -1.267278E-05   -5.628080E-07
   -1.151575E+00   -1.274461E-05   -5.604623E-07
   -1.150095E+00   -1.281670E-05   -5.595187E-07
   -1.148615E+00   -1.288506E-05   -5.617402E-07
   -1.147134E+00   -1.294965E-05   -5.655300E-07
   -1.145654E+00   -1.300383E-05   -5.720366E-07
   -1.144174E+00   -1.305201E-05   -5.795189E-07
   -1.142694E+00   -1.308809E-05   -5.879324E-07
   -1.141214E+00   -1.311885E-05   -5.962367E-07
   -1.139734E+00   -1.314178E-05   -6.031865E-07
   -1.138253E+00   -1.316274E-05   -6.089699E-07
   -1.136773E+00   -1.318422E-05   -6.117247E-07
   -1.135293E+00   -1.320822E-05   -6.128033E-07
   -1.133813E+00   -1.324126E-05   -6.106207E-07
   -1.132333E+00   -1.328030E-05   -6.070557E-07
   -1.130853E+00   -1.333292E-05   -6.015683E-07
   -1.129372E+00   -1.339231E-05   -5.956626E-07
   -1.127892E+00   -1.346352E-05   -5.901187E-07
   -1.126412E+00   -1.353907E-05   -5.853384E-07
   -1.124932E+00   -1.361908E-05   -5.830744E-07
   -1.123452E+00   -1.369893E-05   -5.824142E-07
   -1.121972E+00   -1.377368E-05   -5.852647E-07
   -1.120491E+00   -1.384380E-05   -5.898070E-07
   -1.119011E+00   -1.390162E-05   -5.971834E-07
   -1.117531E+00   -1.395252E-05   -6.055220E-07
   -1.116051E+00   -1.398978E-05   -6.146218E-07
   -1.114571E+00   -1.402118E-05   -6.234655E-07
   -1.113090E+00   -1.404430E-05   -6.305714E-07
   -1.111610E+00   -1.406557E-05   -6.362969E-07
   -1.110130E+00   -1.408826E-05   -6.385712E-07
   -1.108650E+00   -1.411422E-05   -6.389853E-07
   -1.107170E+00   -1.415111E-05   -6.358675E-07
   -1.105690E+00   -1.419506E-05   -6.312960E-07
   -1.104209E+00   -1.425467E-05   -6.248034E-07
   -1.102729E+00   -1.432195E-05   -6.179647E-07
   -1.101249E+00   -1.440237E-05   -6.117582E-07
   -1.099769E+00   -1.448748E-05   -6.064974E-07
   -1.098289E+00   -1.457702E-05   -6.041694E-07
   -1.096809E+00   -1.466602E-05   -6.036547E-07
   -1.095328E+00   -1.474852E-05   -6.070233E-07
   -1.093848E+00   -1.482546E-05   -6.122241E-07
   -1.092368E+00   -1.488796E-05   -6.204138E-07
   -1.090888E+00   -1.494248E-05   -6.295696E-07
   -1.089408E+00   -1.498146E-05   -6.393448E-07
   -1.087928E+00   -1.501388E-05   -6.487253E-07
   -1.086447E+00   -1.503728E-05   -6.559868E-07
   -1.084967E+00   -1.505884E-05   -6.616466E-07
   -1.083487E+00   -1.508263E-05   -6.634029E-07
   -1.082007E+00   -1.511045E-05   -6.630938E-07
   -1.080527E+00   -1.515130E-05   -6.589311E-07
   -1.079046E+00   -1.520043E-05   -6.532165E-07
   -1.077566E+00   -1.526768E-05   -6.455314E-07
   -1.076086E+00   -1.534373E-05   -6.375516E-07
   -1.074606E+00   -1.543470E-05   -6.304467E-07
   -1.073126E+00   -1.553089E-05   -6.244646E-07
   -1.071646E+00   -1.563175E-05   -6.218399E-07
   -1.070165E+00   -1.573177E-05   -6.212511E-07
   -1.068685E+00   -1.582388E-05   -6.249588E-07
   -1.067205E+00   -1.590940E-05   -6.306642E-07
   -1.065725E+00   -1.597802E-05   -6.395661E-07
   -1.064245E+00   -1.603737E-05   -6.494622E-07
   -1.062765E+00   -1.607881E-05   -6.598732E-07
   -1.061284E+00   -1.611274E-05   -6.697611E-07
   -1.059804E+00   -1.613647E-05   -6.771472E-07
   -1.058324E+00   -1.615822E-05   -6.826989E-07
   -1.056844E+00   -1.618288E-05   -6.838499E-07
   -1.055364E+00   -1.621237E-05   -6.826995E-07
   -1.053884E+00   -1.625721E-05   -6.773016E-07
   -1.052403E+00   -1.631174E-05   -6.702158E-07
   -1.050923E+00   -1.638743E-05   -6.610402E-07
   -1.049443E+00   -1.647336E-05   -6.515929E-07
   -1.047963E+00   -1.657659E-05   -6.432249E-07
   -1.046483E+00   -1.668586E-05   -6.361496E-07
   -1.045003E+00   -1.680047E-05   -6.328658E-07
   -1.043522E+00   -1.691404E-05   -6.318570E-07
   -1.042042E+00   -1.701830E-05   -6.356091E-07
   -1.040562E+00   -1.711483E-05   -6.415560E-07
   -1.039082E+00   -1.719159E-05   -6.509735E-07
   -1.037602E+00   -1.725749E-05   -6.614437E-07
   -1.036121E+00   -1.730242E-05   -6.723696E-07
   -1.034641E+00   -1.733855E-05   -6.826551E-07
   -1.033161E+00   -1.736272E-05   -6.900520E-07
   -1.031681E+00   -1.738454E-05   -6.953646E-07
   -1.030201E+00   -1.740973E-05   -6.957193E-07
   -1.028721E+00   -1.744054E-05   -6.934955E-07
   -1.027240E+00   -1.748935E-05   -6.865346E-07
   -1.025760E+00   -1.754955E-05   -6.777003E-07
   -1.024280E+00   -1.763467E-05   -6.665637E-07
   -1.022800E+00   -1.773189E-05   -6.551394E-07
   -1.021320E+00   -1.784968E-05   -6.449450E-07
   -1.019840E+00   -1.797472E-05   -6.361999E-07
   -1.018359E+00   -1.810637E-05   -6.316849E-07
   -1.016879E+00   -1.823697E-05   -6.297001E-07
   -1.015399E+00   -1.835692E-05   -6.329965E-07
   -1.013919E+00   -1.846786E-05   -6.387202E-07
   -1.012439E+00   -1.855561E-05   -6.482636E-07
   -1.010959E+00   -1.863055E-05   -6.589527E-07
   -1.009478E+00   -1.868056E-05   -6.700887E-07
   -1.007998E+00   -1.872001E-05   -6.804792E-07
   -1.006518E+00   -1.874489E-05   -6.875846E-07
   -1.005038E+00   -1.876673E-05   -6.923339E-07
   -1.003558E+00   -1.879205E-05   -6.914904E-07
   -1.002077E+00   -1.882380E-05   -6.877392E-07
   -1.000597E+00   -1.887656E-05   -6.786393E-07
   -9.991171E-01   -1.894276E-05   -6.674163E-07
   -9.976369E-01   -1.903865E-05   -6.535554E-07
   -9.961568E-01   -1.914908E-05   -6.393378E-07
   -9.946766E-01   -1.928458E-05   -6.264200E-07
   -9.931964E-01   -1.942908E-05   -6.150841E-07
   -9.917163E-01   -1.958238E-05   -6.084026E-07
   -9.902361E-01   -1.973489E-05   -6.045161E-07
   -9.887559E-01   -1.987557E-05   -6.064773E-07
   -9.872757E-01   -2.000586E-05   -6.111307E-07
   -9.857956E-01   -2.010886E-05   -6.200251E-07
   -9.843154E-01   -2.019658E-05   -6.301907E-07
   -9.828352E-01   -2.025422E-05   -6.408420E-07
   -9.813550E-01   -2.029890E-05   -6.506514E-07
   -9.798749E-01   -2.032522E-05   -6.567599E-07
   -9.783947E-01   -2.034736E-05   -6.602104E-07
   -9.769145E-01   -2.037255E-05   -6.573343E-07
   -9.754343E-01   -2.040494E-05   -6.511554E-07
   -9.739542E-01   -2.046181E-05   -6.388614E-07
   -9.724740E-01   -2.053464E-05   -6.241116E-07
   -9.709938E-01   -2.064328E-05   -6.062245E-07
   -9.695137E-01   -2.076973E-05   -5.878368E-07
   -9.680335E-01   -2.092743E-05   -5.706936E-07
   -9.665533E-01   -2.109673E-05   -5.552178E-07
   -9.650731E-01   -2.127836E-05   -5.447628E-07
   -9.635930E-01   -2.145994E-05   -5.373556E-07
   -9.621128E-01   -2.162887E-05   -5.363695E-07
   -9.606326E-01   -2.178590E-05   -5.383550E-07
   -9.591524E-01   -2.191075E-05   -5.450416E-07
   -9.576723E-01   -2.201722E-05   -5.531431E-07
   -9.561921E-01   -2.208682E-05   -5.617881E-07
   -9.547119E-01   -2.214021E-05   -5.694900E-07
   -9.532317E-01   -2.216978E-05   -5.730276E-07
   -9.517516E-01   -2.219338E-05   -5.735601E-07
   -9.502714E-01   -2.221876E-05   -5.668990E-07
   -9.487912E-01   -2.225205E-05   -5.564543E-07
   -9.473110E-01   -2.231384E-05   -5.389268E-07
   -9.458309E-01   -2.239474E-05   -5.185008E-07
   -9.443507E-01   -2.251945E-05   -4.942113E-07
   -9.428705E-01   -2.266638E-05   -4.691660E-07
   -9.413904E-01   -2.285328E-05   -4.451024E-07
   -9.399102E-01   -2.305558E-05   -4.226996E-07
   -9.384300E-01   -2.327582E-05   -4.055264E-07
   -9.369498E-01   -2.349749E-05   -3.915898E-07
   -9.354697E-01   -2.370646E-05   -3.845462E-07
   -9.339895E-01   -2.390199E-05   -3.807132E-07
   -9.325093E-01   -2.405951E-05   -3.819740E-07
   -9.310291E-01   -2.419473E-05   -3.847607E-07
   -9.295490E-01   -2.428412E-05   -3.880733E-07
   -9.280688E-01   -2.435283E-05   -3.902930E-07
   -9.265886E-01   -2.438996E-05   -3.877564E-07
   -9.251084E-01   -2.441834E-05   -3.817845E-07
   -9.236283E-01   -2.444601E-05   -3.675444E-07
   -9.221481E-01   -2.448215E-05   -3.489158E-07
   -9.206679E-01   -2.455156E-05   -3.219518E-07
   -9.191878E-01   -2.464414E-05   -2.914882E-07
   -9.177076E-01   -2.479125E-05   -2.560925E-07
   -9.162274E-01   -2.496671E-05   -2.195055E-07
   -9.147472E-01   -2.519462E-05   -1.832631E-07
   -9.132671E-01   -2.544361E-05   -1.484838E-07
   -9.117869E-01   -2.571950E-05   -1.187580E-07
   -9.103067E-01   -2.599959E-05   -9.226587E-08
   -9.088265E-01   -2.626841E-05   -7.276028E-08
   -9.073464E-01   -2.652236E-05   -5.651884E-08
   -9.058662E-01   -2.673152E-05   -4.540087E-08
   -9.043860E-01   -2.691341E-05   -3.574116E-08
   -9.029058E-01   -2.703761E-05   -2.623539E-08
   -9.014257E-01   -2.713499E-05   -1.530832E-08
   -8.999455E-01   -2.718971E-05    1.333877E-09
   -8.984653E-01   -2.723152E-05    2.203385E-08
   -8.969851E-01   -2.726837E-05    5.248625E-08
   -8.955050E-01   -2.731401E-05    8.815382E-08
   -8.940248E-01   -2.739885E-05    1.338966E-07
   -8.925446E-01   -2.751231E-05    1.840107E-07
   -8.910645E-01   -2.769528E-05    2.407311E-07
   -8.895843E-01   -2.791542E-05    2.994194E-07
   -8.881041E-01   -2.820658E-05    3.591676E-07
   -8.866239E-01   -2.852757E-05    4.180799E-07
   -8.851438E-01   -2.889005E-05    4.730649E-07
   -8.836636E-01   -2.926174E-05    5.253365E-07
   -8.821834E-01   -2.962658E-05    5.716339E-07
   -8.807032E-01   -2.997570E-05    6.151920E-07
   -8.792231E-01   -3.027245E-05    6.547823E-07
   -8.777429E-01   -3.053569E-05    6.935767E-07
   -8.762627E-01   -3.072547E-05    7.337624E-07
   -8.747825E-01   -3.087997E-05    7.762686E-07
   -8.733024E-01   -3.097604E-05    8.265522E-07
   -8.718222E-01   -3.105306E-05    8.820506E-07
   -8.703420E-01   -3.111843E-05    9.498356E-07
   -8.688619E-01   -3.119277E-05    1.024192E-06
   -8.673817E-01   -3.131445E-05    1.111473E-06
   -8.659015E-01   -3.147264E-05    1.204603E-06
   -8.644213E-01   -3.172265E-05    1.307385E-06
   -8.629412E-01   -3.202332E-05    1.413708E-06
   -8.614610E-01   -3.242413E-05    1.524367E-06
   -8.599808E-01   -3.286897E-05    1.635914E-06
   -8.585006E-01   -3.338008E-05    1.747199E-06
   -8.570205E-01   -3.390971E-05    1.857734E-06
   -8.555403E-01   -3.444298E-05    1.966507E-06
   -8.540601E-01   -3.496125E-05    2.074796E-06
   -8.525799E-01   -3.541955E-05    2.183920E-06
   -8.510998E-01   -3.583662E-05    2.294784E-06
   -8.496196E-01   -3.615922E-05    2.412343E-06
   -8.481394E-01   -3.643474E-05    2.534970E-06
   -8.466592E-01   -3.662929E-05    2.671021E-06
   -8.451791E-01   -3.679589E-05    2.815173E-06
   -8.436989E-01   -3.694109E-05    2.977503E-06
   -8.422187E-01   -3.709574E-05    3.149426E-06
   -8.407386E-01   -3.731087E-05    3.340547E-06
   -8.392584E-01   -3.757523E-05    3.540834E-06
   -8.377782E-01   -3.796785E-05    3.757948E-06
   -8.362980E-01   -3.843349E-05    3.982569E-06
   -8.348179E-01   -3.904848E-05    4.220447E-06
   -8.333377E-01   -3.973209E-05    4.464276E-06
   -8.318575E-01   -4.052640E-05    4.719337E-06
   -8.303773E-01   -4.135690E-05    4.980123E-06
   -8.288972E-01   -4.221393E-05    5.253556E-06
   -8.274170E-01   -4.306011E-05    5.534384E-06
   -8.259368E-01   -4.383972E-05    5.832956E-06
   -8.244566E-01   -4.456810E-05    6.142167E-06
   -8.229765E-01   -4.517187E-05    6.476476E-06
   -8.214963E-01   -4.571081E-05    6.825218E-06
   -8.200161E-01   -4.613378E-05    7.206226E-06
   -8.185360E-01   -4.651466E-05    7.604762E-06
   -8.170558E-01   -4.685848E-05    8.040391E-06
   -8.155756E-01   -4.721261E-05    8.495221E-06
   -8.140954E-01   -4.764931E-05    8.989198E-06
   -8.126153E-01   -4.815680E-05    9.502998E-06
   -8.111351E-01   -4.885483E-05    1.005712E-05
   -8.096549E-01   -4.966436E-05    1.063203E-05
   -8.081747E-01   -5.070823E-05    1.125081E-05
   -8.066946E-01   -5.186315E-05    1.189330E-05
   -8.052144E-01   -5.320468E-05    1.258813E-05
   -8.037342E-01   -5.461165E-05    1.331227E-05
   -8.022540E-01   -5.607904E-05    1.410234E-05
   -8.007739E-01   -5.753780E-05    1.492941E-05
   -7.992937E-01   -5.890310E-05    1.583874E-05
   -7.978135E-01   -6.018878E-05    1.679321E-05
   -7.963334E-01   -6.126796E-05    1.784533E-05
   -7.948532E-01   -6.223277E-05    1.894947E-05
   -7.933730E-01   -6.297520E-05    2.016303E-05
   -7.918928E-01   -6.362417E-05    2.143352E-05
   -7.904127E-01   -6.414747E-05    2.282187E-05
   -7.889325E-01   -6.464797E-05    2.427126E-05
   -7.874523E-01   -6.519177E-05    2.584814E-05
   -7.859721E-01   -6.579994E-05    2.749260E-05
   -7.844920E-01   -6.660557E-05    2.928314E-05
   -7.830118E-01   -6.752966E-05    3.115430E-05
   -7.815316E-01   -6.869008E-05    3.320668E-05
   -7.800514E-01   -6.994477E-05    3.536216E-05
   -7.785713E-01   -7.128990E-05    3.775338E-05
   -7.770911E-01   -7.260692E-05    4.027913E-05
   -7.756109E-01   -7.367877E-05    4.310964E-05
   -7.741307E-01   -7.451755E-05    4.611076E-05
   -7.726506E-01   -7.464998E-05    4.948859E-05
   -7.711704E-01   -7.430655E-05    5.307122E-05
   -7.696902E-01   -7.277400E-05    5.709267E-05
   -7.682101E-01   -7.053721E-05    6.134601E-05
   -7.667299E-01   -6.669577E-05    6.608421E-05
   -7.652497E-01   -6.196445E-05    7.107406E-05
   -7.637695E-01   -5.528867E-05    7.658513E-05
   -7.622894E-01   -4.755331E-05    8.236695E-05
   -7.608092E-01   -3.748421E-05    8.871618E-05
   -7.593290E-01   -2.610156E-05    9.536646E-05
   -7.578488E-01   -1.167420E-05    1.026648E-04
   -7.563687E-01    4.571140E-06    1.103166E-04
   -7.548885E-01    2.526702E-05    1.187457E-04
   -7.534083E-01    4.873008E-05    1.276033E-04
   -7.519281E-01    7.911887E-05    1.374000E-04
   -7.504480E-01    1.138336E-04    1.477044E-04
   -7.489678E-01    1.592740E-04    1.590822E-04
   -7.474876E-01    2.112860E-04    1.710096E-04
   -7.460075E-01    2.791787E-04    1.840145E-04
   -7.445273E-01    3.565187E-04    1.975159E-04
   -7.430471E-01    4.559758E-04    2.118510E-04
   -7.415669E-01    5.681619E-04    2.264810E-04
   -7.400868E-01    7.091497E-04    2.413706E-04
   -7.386066E-01    8.661431E-04    2.561840E-04
   -7.371264E-01    1.058067E-03    2.703634E-04
   -7.356462E-01    1.268686E-03    2.839607E-04
   -7.341661E-01    1.518520E-03    2.958419E-04
   -7.326859E-01    1.788476E-03    3.065937E-04
   -7.312057E-01    2.098756E-03    3.145848E-04
   -7.297255E-01    2.428708E-03    3.209804E-04
   -7.282454E-01    2.795897E-03    3.238513E-04
   -7.267652E-01    3.180075E-03    3.248506E-04
   -7.252850E-01    3.593870E-03    3.220128E-04
   -7.238048E-01    4.019787E-03    3.172732E-04
   -7.223247E-01    4.463733E-03    3.088834E-04
   -7.208445E-01    4.913263E-03    2.987993E-04
   -7.193643E-01    5.366704E-03    2.856789E-04
   -7.178842E-01    5.818410E-03    2.712518E-04
   -7.164040E-01    6.259418E-03    2.546830E-04
   -7.149238E-01    6.691680E-03    2.372929E-04
   -7.134436E-01    7.100330E-03    2.187660E-04
   -7.119635E-01    7.494563E-03    1.999178E-04
   -7.104833E-01    7.855796E-03    1.808945E-04
   -7.090031E-01    8.199020E-03    1.619979E-04
   -7.075229E-01    8.504401E-03    1.437373E-04
   -7.060428E-01    8.790518E-03    1.259614E-04
   -7.045626E-01    9.038466E-03    1.094400E-04
   -7.030824E-01    9.267953E-03    9.366624E-05
   -7.016022E-01    9.462452E-03    7.959125E-05
   -7.001221E-01    9.640659E-03    6.645177E-05
   -6.986419E-01    9.788936E-03    5.533053E-05
   -6.971617E-01    9.923597E-03    4.528139E-05
   -6.956816E-01    1.003360E-02    3.748234E-05
   -6.942014E-01    1.013242E-02    3.085014E-05
   -6.927212E-01    1.021089E-02    2.660792E-05
   -6.912410E-01    1.027999E-02    2.357135E-05
   -6.897609E-01    1.033172E-02    2.292309E-05
   -6.882807E-01    1.037533E-02    2.343032E-05
   -6.868005E-01    1.040372E-02    2.610782E-05
   -6.853203E-01    1.042506E-02    2.976511E-05
   -6.838402E-01    1.043361E-02    3.509930E-05
   -6.823600E-01    1.043661E-02    4.109673E-05
   -6.808798E-01    1.043068E-02    4.801398E-05
   -6.793996E-01    1.042164E-02    5.516914E-05
   -6.779195E-01    1.040965E-02    6.234295E-05
   -6.764393E-01    1.039804E-02    6.930427E-05
   -6.749591E-01    1.039128E-02    7.543472E-05
   -6.734789E-01    1.038903E-02    8.097430E-05
   -6.719988E-01    1.039989E-02    8.504241E-05
   -6.705186E-01    1.041911E-02    8.825725E-05
   -6.690384E-01    1.045801E-02    8.956686E-05
   -6.675583E-01    1.050776E-02    8.982990E-05
   -6.660781E-01    1.058007E-02    8.779611E-05
   -6.645979E-01    1.066348E-02    8.449419E-05
   -6.631177E-01    1.076747E-02    7.837380E-05
   -6.616376E-01    1.088036E-02    7.068627E-05
   -6.601574E-01    1.100726E-02    5.954011E-05
   -6.586772E-01    1.113889E-02    4.651618E-05
   -6.571970E-01    1.127491E-02    2.950575E-05
   -6.557169E-01    1.141048E-02    1.043538E-05
   -6.542367E-01    1.153993E-02   -1.277507E-05
   -6.527565E-01    1.166384E-02   -3.801217E-05
   -6.512763E-01    1.177222E-02   -6.713833E-05
   -6.497962E-01    1.187090E-02   -9.811277E-05
   -6.483160E-01    1.194696E-02   -1.326241E-04
   -6.468358E-01    1.201045E-02   -1.688717E-04
   -6.453557E-01    1.204681E-02   -2.086765E-04
   -6.438755E-01    1.206891E-02   -2.503933E-04
   -6.423953E-01    1.206140E-02   -2.963918E-04
   -6.409151E-01    1.203869E-02   -3.448453E-04
   -6.394350E-01    1.198482E-02   -3.989616E-04
   -6.379548E-01    1.191498E-02   -4.563142E-04
   -6.364746E-01    1.181214E-02   -5.209258E-04
   -6.349944E-01    1.169213E-02   -5.895074E-04
   -6.335143E-01    1.153603E-02   -6.665308E-04
   -6.320341E-01    1.136084E-02   -7.479079E-04
   -6.305539E-01    1.114502E-02   -8.379904E-04
   -6.290737E-01    1.090759E-02   -9.322881E-04
   -6.275936E-01    1.062443E-02   -1.034487E-03
   -6.261134E-01    1.031733E-02   -1.140263E-03
   -6.246332E-01    9.960836E-03   -1.252269E-03
   -6.231530E-01    9.579427E-03   -1.366857E-03
   -6.216729E-01    9.149072E-03   -1.485411E-03
   -6.201927E-01    8.695497E-03   -1.605274E-03
   -6.187125E-01    8.199768E-03   -1.726219E-03
   -6.172324E-01    7.686017E-03   -1.846809E-03
   -6.157522E-01    7.144067E-03   -1.964578E-03
   -6.142720E-01    6.592691E-03   -2.079702E-03
   -6.127918E-01    6.032951E-03   -2.186709E-03
   -6.113117E-01    5.474611E-03   -2.288100E-03
   -6.098315E-01    4.930406E-03   -2.374995E-03
   -6.083513E-01    4.398749E-03   -2.453037E-03
   -6.068711E-01    3.902289E-03   -2.510460E-03
   -6.053910E-01    3.427843E-03   -2.556394E-03
   -6.039108E-01    3.004688E-03   -2.577776E-03
   -6.024306E-01    2.609951E-03   -2.586570E-03
   -6.009504E-01    2.275870E-03   -2.570579E-03
   -5.994703E-01    1.973224E-03   -2.542886E-03
   -5.979901E-01    1.734292E-03   -2.494024E-03
   -5.965099E-01    1.527102E-03   -2.436008E-03
   -5.950298E-01    1.382417E-03   -2.362901E-03
   -5.935496E-01    1.268276E-03   -2.283881E-03
   -5.920694E-01    1.213630E-03   -2.196063E-03
   -5.905892E-01    1.187937E-03   -2.105120E-03
   -5.891091E-01    1.218670E-03   -2.009798E-03
   -5.876289E-01    1.276936E-03   -1.912840E-03
   -5.861487E-01    1.388972E-03   -1.812910E-03
   -5.846685E-01    1.527219E-03   -1.711278E-03
   -5.831884E-01    1.716352E-03   -1.605192E-03
   -5.817082E-01    1.929984E-03   -1.496151E-03
   -5.802280E-01    2.190210E-03   -1.379572E-03
   -5.787478E-01    2.472202E-03   -1.258464E-03
   -5.772677E-01    2.793866E-03   -1.127174E-03
   -5.757875E-01    3.132984E-03   -9.905604E-04
   -5.743073E-01    3.501258E-03   -8.437151E-04
   -5.728271E-01    3.880729E-03   -6.924766E-04
   -5.713470E-01    4.274858E-03   -5.349823E-04
   -5.698668E-01    4.672025E-03   -3.761434E-04
   -5.683866E-01    5.066082E-03   -2.190629E-04
   -5.669065E-01    5.453856E-03   -6.540030E-05
   -5.654263E-01    5.819786E-03    7.603831E-05
   -5.639461E-01    6.170502E-03    2.086951E-04
   -5.624659E-01    6.483424E-03    3.188548E-04
   -5.609858E-01    6.774625E-03    4.156628E-04
   -5.595056E-01    7.018846E-03    4.825369E-04
   -5.580254E-01    7.238978E-03    5.333941E-04
   -5.565452E-01    7.412116E-03    5.512939E-04
   -5.550651E-01    7.563454E-03    5.528105E-04
   -5.535849E-01    7.676441E-03    5.227098E-04
   -5.521047E-01    7.773540E-03    4.777393E-04
   -5.506245E-01    7.846149E-03    4.053641E-04
   -5.491444E-01    7.910174E-03    3.205430E-04
   -5.476642E-01    7.963739E-03    2.132615E-04
   -5.461840E-01    8.014821E-03    9.582010E-05
   -5.447039E-01    8.064727E-03   -4.023891E-05
   -5.432237E-01    8.114895E-03   -1.850140E-04
   -5.417435E-01    8.164963E-03   -3.465685E-04
   -5.402633E-01    8.213453E-03   -5.164360E-04
   -5.387832E-01    8.253370E-03   -7.032132E-04
   -5.373030E-01    8.285210E-03   -8.987690E-04
   -5.358228E-01    8.291539E-03   -1.112824E-03
   -5.343426E-01    8.279809E-03   -1.336718E-03
   -5.328625E-01    8.220769E-03   -1.581651E-03
   -5.313823E-01    8.132573E-03   -1.837850E-03
   -5.299021E-01    7.976067E-03   -2.118139E-03
   -5.284219E-01    7.781311E-03   -2.411232E-03
   -5.269418E-01    7.504400E-03   -2.731277E-03
   -5.254616E-01    7.185131E-03   -3.065294E-03
   -5.239814E-01    6.782049E-03   -3.427700E-03
   -5.225013E-01    6.339299E-03   -3.804152E-03
   -5.210211E-01    5.825144E-03   -4.207497E-03
   -5.195409E-01    5.280791E-03   -4.623195E-03
   -5.180607E-01    4.689573E-03   -5.060450E-03
   -5.165806E-01    4.082599E-03   -5.506495E-03
   -5.151004E-01    3.460510E-03   -5.965582E-03
   -5.136202E-01    2.839202E-03   -6.428822E-03
   -5.121400E-01    2.235704E-03   -6.895871E-03
   -5.106599E-01    1.648730E-03   -7.362910E-03
   -5.091797E-01    1.108619E-03   -7.827155E-03
   -5.076995E-01    5.980116E-04   -8.289272E-03
   -5.062193E-01    1.568260E-04   -8.747072E-03
   -5.047392E-01   -2.452611E-04   -9.203335E-03
   -5.032590E-01   -5.618159E-04   -9.658754E-03
   -5.017788E-01   -8.325259E-04   -1.011513E-02
   -5.002986E-01   -1.006294E-03   -1.057609E-02
   -4.988185E-01   -1.129294E-03   -1.104032E-02
   -4.973383E-01   -1.146634E-03   -1.151170E-02
   -4.958581E-01   -1.109242E-03   -1.198602E-02
   -4.943780E-01   -9.588042E-04   -1.246259E-02
   -4.928978E-01   -7.501126E-04   -1.293717E-02
   -4.914176E-01   -4.214557E-04   -1.339869E-02
   -4.899374E-01   -3.101173E-05   -1.384770E-02
   -4.884573E-01    4.869555E-04   -1.425675E-02
   -4.869771E-01    1.070929E-03   -1.463686E-02
   -4.854969E-01    1.792107E-03   -1.493827E-02
   -4.840167E-01    2.584873E-03   -1.518852E-02
   -4.825366E-01    3.527492E-03   -1.531038E-02
   -4.810564E-01    4.548612E-03   -1.535404E-02
   -4.795762E-01    5.733934E-03   -1.521239E-02
   -4.780960E-01    7.004695E-03   -1.496380E-02
   -4.766159E-01    8.451839E-03   -1.447487E-02
   -4.751357E-01    9.988993E-03   -1.385458E-02
   -4.736555E-01    1.170733E-02   -1.295547E-02
   -4.721754E-01    1.351536E-02   -1.191301E-02
   -4.706952E-01    1.549772E-02   -1.058582E-02
   -4.692150E-01    1.756305E-02   -9.122665E-03
   -4.677348E-01    1.978273E-02   -7.411174E-03
   -4.662547E-01    2.207237E-02   -5.592288E-03
   -4.647745E-01    2.448518E-02   -3.600146E-03
   -4.632943E-01    2.695039E-02   -1.544744E-03
   -4.618141E-01    2.950108E-02    5.886294E-04
   -4.603340E-01    3.208483E-02    2.737649E-03
   -4.588538E-01    3.471606E-02    4.876725E-03
   -4.573736E-01    3.736243E-02    6.994494E-03
   -4.558934E-01    4.002393E-02    9.047904E-03
   -4.544133E-01    4.268667E-02    1.106441E-02
   -4.529331E-01    4.534192E-02    1.301031E-02
   -4.514529E-01    4.798978E-02    1.492842E-02
   -4.499727E-01    5.061801E-02    1.681630E-02
   -4.484926E-01    5.323501E-02    1.870566E-02
   -4.470124E-01    5.582820E-02    2.063635E-02
   -4.455322E-01    5.840926E-02    2.260800E-02
   -4.440521E-01    6.096593E-02    2.470163E-02
   -4.425719E-01    6.351027E-02    2.687478E-02
   -4.410917E-01    6.602913E-02    2.923889E-02
   -4.396115E-01    6.853448E-02    3.171112E-02
   -4.381314E-01    7.101044E-02    3.441694E-02
   -4.366512E-01    7.347016E-02    3.724386E-02
   -4.351710E-01    7.589384E-02    4.031196E-02
   -4.336908E-01    7.829768E-02    4.349506E-02
   -4.322107E-01    8.065873E-02    4.688599E-02
   -4.307305E-01    8.299738E-02    5.036397E-02
   -4.292503E-01    8.529114E-02    5.397016E-02
   -4.277701E-01    8.756366E-02    5.761131E-02
   -4.262900E-01    8.979916E-02    6.125205E-02
   -4.248098E-01    9.202048E-02    6.485193E-02
   -4.233296E-01    9.422507E-02    6.827981E-02
   -4.218495E-01    9.642821E-02    7.157367E-02
   -4.203693E-01    9.864317E-02    7.450167E-02
   -4.188891E-01    1.008710E-01    7.719945E-02
   -4.174089E-01    1.031360E-01    7.935094E-02
   -4.159288E-01    1.054228E-01    8.119346E-02
   -4.144486E-01    1.077544E-01    8.236591E-02
   -4.129684E-01    1.101053E-01    8.318917E-02
   -4.114882E-01    1.124823E-01    8.331269E-02
   -4.100081E-01    1.148632E-01    8.309990E-02
   -4.085279E-01    1.172296E-01    8.226966E-02
   -4.070477E-01    1.195773E-01    8.117124E-02
   -4.055675E-01    1.218664E-01    7.963927E-02
   -4.040874E-01    1.241185E-01    7.794998E-02
   -4.026072E-01    1.262893E-01    7.607408E-02
   -4.011270E-01    1.284210E-01    7.416963E-02
   -3.996468E-01    1.304896E-01    7.233118E-02
   -3.981667E-01    1.325401E-01    7.058038E-02
   -3.966865E-01    1.345920E-01    6.909399E-02
   -3.952063E-01    1.366681E-01    6.777182E-02
   -3.937262E-01    1.388453E-01    6.681419E-02
   -3.922460E-01    1.411009E-01    6.604250E-02
   -3.907658E-01    1.435691E-01    6.562261E-02
   -3.892856E-01    1.461697E-01    6.535652E-02
   -3.878055E-01    1.490804E-01    6.533476E-02
   -3.863253E-01    1.521648E-01    6.539694E-02
   -3.848451E-01    1.556232E-01    6.554421E-02
   -3.833649E-01    1.592762E-01    6.569274E-02
   -3.818848E-01    1.633219E-01    6.576765E-02
   -3.804046E-01    1.675600E-01    6.577352E-02
   -3.789244E-01    1.721632E-01    6.559234E-02
   -3.774442E-01    1.769340E-01    6.530210E-02
   -3.759641E-01    1.820016E-01    6.478122E-02
   -3.744839E-01    1.871944E-01    6.414758E-02
   -3.730037E-01    1.925864E-01    6.330882E-02
   -3.715236E-01    1.980504E-01    6.238364E-02
   -3.700434E-01    2.036022E-01    6.132564E-02
   -3.685632E-01    2.091696E-01    6.022300E-02
   -3.670830E-01    2.147138E-01    5.907417E-02
   -3.656029E-01    2.202200E-01    5.792205E-02
   -3.641227E-01    2.256002E-01    5.679734E-02
   -3.626425E-01    2.308933E-01    5.570013E-02
   -3.611623E-01    2.359649E-01    5.467927E-02
   -3.596822E-01    2.409027E-01    5.370464E-02
   -3.582020E-01    2.455263E-01    5.283465E-02
   -3.567218E-01    2.499703E-01    5.202167E-02
   -3.552416E-01    2.540127E-01    5.132979E-02
   -3.537615E-01    2.578359E-01    5.070078E-02
   -3.522813E-01    2.611943E-01    5.019872E-02
   -3.508011E-01    2.643142E-01    4.975826E-02
   -3.493209E-01    2.669642E-01    4.943077E-02
   -3.478408E-01    2.693943E-01    4.915078E-02
   -3.463606E-01    2.714411E-01    4.893986E-02
   -3.448804E-01    2.733377E-01    4.874691E-02
   -3.434003E-01    2.750416E-01    4.855133E-02
   -3.419201E-01    2.767136E-01    4.833384E-02
   -3.404399E-01    2.784664E-01    4.803155E-02
   -3.389597E-01    2.803356E-01    4.766780E-02
   -3.374796E-01    2.825895E-01    4.714761E-02
   -3.359994E-01    2.851073E-01    4.653489E-02
   -3.345192E-01    2.882793E-01    4.571235E-02
   -3.330390E-01    2.918301E-01    4.477332E-02
   -3.315589E-01    2.962135E-01    4.357677E-02
   -3.300787E-01    3.010351E-01    4.223705E-02
   -3.285985E-01    3.067444E-01    4.057577E-02
   -3.271183E-01    3.128870E-01    3.873258E-02
   -3.256382E-01    3.198454E-01    3.647755E-02
   -3.241580E-01    3.271728E-01    3.399131E-02
   -3.226778E-01    3.351378E-01    3.099454E-02
   -3.211977E-01    3.433624E-01    2.772271E-02
   -3.197175E-01    3.519737E-01    2.387614E-02
   -3.182373E-01    3.607079E-01    1.974030E-02
   -3.167571E-01    3.695414E-01    1.504751E-02
   -3.152770E-01    3.783510E-01    1.010093E-02
   -3.137968E-01    3.869667E-01    4.724090E-03
   -3.123166E-01    3.954149E-01   -8.165213E-04
   -3.108364E-01    4.033936E-01   -6.561173E-03
   -3.093563E-01    4.110748E-01   -1.233897E-02
   -3.078761E-01    4.180468E-01   -1.803871E-02
   -3.063959E-01    4.246136E-01   -2.362794E-02
   -3.049157E-01    4.302845E-01   -2.886231E-02
   -3.034356E-01    4.354732E-01   -3.386026E-02
   -3.019554E-01    4.396487E-01   -3.828849E-02
   -3.004752E-01    4.433036E-01   -4.239581E-02
   -2.989950E-01    4.459104E-01   -4.581577E-02
   -2.975149E-01    4.480007E-01   -4.888266E-02
   -2.960347E-01    4.490941E-01   -5.125013E-02
   -2.945545E-01    4.497170E-01   -5.328280E-02
   -2.930744E-01    4.494722E-01   -5.469549E-02
   -2.915942E-01    4.488379E-01   -5.583098E-02
   -2.901140E-01    4.475256E-01   -5.648928E-02
   -2.886338E-01    4.459292E-01   -5.695105E-02
   -2.871537E-01    4.438807E-01   -5.710591E-02
   -2.856735E-01    4.416647E-01   -5.714884E-02
   -2.841933E-01    4.392291E-01   -5.704268E-02
   -2.827131E-01    4.367377E-01   -5.689281E-02
   -2.812330E-01    4.342307E-01   -5.669977E-02
   -2.797528E-01    4.317551E-01   -5.649685E-02
   -2.782726E-01    4.293981E-01   -5.627487E-02
   -2.767924E-01    4.271144E-01   -5.603218E-02
   -2.753123E-01    4.249739E-01   -5.570434E-02
   -2.738321E-01    4.228864E-01   -5.530312E-02
   -2.723519E-01    4.208340E-01   -5.468083E-02
   -2.708718E-01    4.187479E-01   -5.390772E-02
   -2.693916E-01    4.164656E-01   -5.275337E-02
   -2.679114E-01    4.140113E-01   -5.137268E-02
   -2.664312E-01    4.110560E-01   -4.948301E-02
   -2.649511E-01    4.077727E-01   -4.732124E-02
   -2.634709E-01    4.036911E-01   -4.460579E-02
   -2.619907E-01    3.991515E-01   -4.162327E-02
   -2.605105E-01    3.936108E-01   -3.815686E-02
   -2.590304E-01    3.875472E-01   -3.448899E-02
   -2.575502E-01    3.804366E-01   -3.052819E-02
   -2.560700E-01    3.728239E-01   -2.648885E-02
   -2.545898E-01    3.642901E-01   -2.244911E-02
   -2.531097E-01    3.553545E-01   -1.849470E-02
   -2.516295E-01    3.457584E-01   -1.488852E-02
   -2.501493E-01    3.359117E-01   -1.154400E-02
   -2.486692E-01    3.257285E-01   -8.885880E-03
   -2.471890E-01    3.154574E-01   -6.641853E-03
   -2.457088E-01    3.051592E-01   -5.338022E-03
   -2.442286E-01    2.949129E-01   -4.542104E-03
   -2.427485E-01    2.848790E-01   -4.797110E-03
   -2.412683E-01    2.749940E-01   -5.574270E-03
   -2.397881E-01    2.654688E-01   -7.349344E-03
   -2.383079E-01    2.561437E-01   -9.582672E-03
   -2.368278E-01    2.472392E-01   -1.262307E-02
   -2.353476E-01    2.385465E-01   -1.600237E-02
   -2.338674E-01    2.302652E-01   -1.991879E-02
   -2.323872E-01    2.221767E-01   -2.403143E-02
   -2.309071E-01    2.144366E-01   -2.839362E-02
   -2.294269E-01    2.068474E-01   -3.281173E-02
   -2.279467E-01    1.995065E-01   -3.721047E-02
   -2.264665E-01    1.922616E-01   -4.153679E-02
   -2.249864E-01    1.851551E-01   -4.559706E-02
   -2.235062E-01    1.780949E-01   -4.946488E-02
   -2.220260E-01    1.710970E-01   -5.283079E-02
   -2.205459E-01    1.641255E-01   -5.588862E-02
   -2.190657E-01    1.572249E-01   -5.822231E-02
   -2.175855E-01    1.503839E-01   -6.014584E-02
   -2.161053E-01    1.437421E-01   -6.117193E-02
   -2.146252E-01    1.372549E-01   -6.172437E-02
   -2.131450E-01    1.312116E-01   -6.131441E-02
   -2.116648E-01    1.254661E-01   -6.043608E-02
   -2.101846E-01    1.204755E-01   -5.869032E-02
   -2.087045E-01    1.159400E-01   -5.656699E-02
   -2.072243E-01    1.124558E-01   -5.383895E-02
   -2.057441E-01    1.095553E-01   -5.089854E-02
   -2.042639E-01    1.079056E-01   -4.773108E-02
   -2.027838E-01    1.069035E-01   -4.455094E-02
   -2.013036E-01    1.071990E-01   -4.153678E-02
   -1.998234E-01    1.081232E-01   -3.868942E-02
   -1.983433E-01    1.102247E-01   -3.630850E-02
   -1.968631E-01    1.128563E-01   -3.420599E-02
   -1.953829E-01    1.164008E-01   -3.270458E-02
   -1.939027E-01    1.203158E-01   -3.150315E-02
   -1.924226E-01    1.247824E-01   -3.085961E-02
   -1.909424E-01    1.294249E-01   -3.045739E-02
   -1.894622E-01    1.342162E-01   -3.043923E-02
   -1.879820E-01    1.389818E-01   -3.055754E-02
   -1.865019E-01    1.435056E-01   -3.083560E-02
   -1.850217E-01    1.478207E-01   -3.114045E-02
   -1.835415E-01    1.515638E-01   -3.140679E-02
   -1.820613E-01    1.549563E-01   -3.161702E-02
   -1.805812E-01    1.575489E-01   -3.166149E-02
   -1.791010E-01    1.597089E-01   -3.160605E-02
   -1.776208E-01    1.609746E-01   -3.133369E-02
   -1.761406E-01    1.617974E-01   -3.095099E-02
   -1.746605E-01    1.617803E-01   -3.035298E-02
   -1.731803E-01    1.613840E-01   -2.965267E-02
   -1.717001E-01    1.603420E-01   -2.876075E-02
   -1.702200E-01    1.590468E-01   -2.777964E-02
   -1.687398E-01    1.574033E-01   -2.663279E-02
   -1.672596E-01    1.556701E-01   -2.540924E-02
   -1.657794E-01    1.539278E-01   -2.404528E-02
   -1.642993E-01    1.522622E-01   -2.261872E-02
   -1.628191E-01    1.508951E-01   -2.108570E-02
   -1.613389E-01    1.497369E-01   -1.951121E-02
   -1.598587E-01    1.490839E-01   -1.788242E-02
   -1.583786E-01    1.487082E-01   -1.624321E-02
   -1.568984E-01    1.488965E-01   -1.462036E-02
   -1.554182E-01    1.493511E-01   -1.302520E-02
   -1.539380E-01    1.502691E-01   -1.152420E-02
   -1.524579E-01    1.513671E-01   -1.008838E-02
   -1.509777E-01    1.526952E-01   -8.814688E-03
   -1.494975E-01    1.540642E-01   -7.635091E-03
   -1.480174E-01    1.553573E-01   -6.663597E-03
   -1.465372E-01    1.565342E-01   -5.803304E-03
   -1.450570E-01    1.573316E-01   -5.175396E-03
   -1.435768E-01    1.578748E-01   -4.667438E-03
   -1.420967E-01    1.578055E-01   -4.406409E-03
   -1.406165E-01    1.573922E-01   -4.272957E-03
   -1.391363E-01    1.562461E-01   -4.405059E-03
   -1.376561E-01    1.547264E-01   -4.676233E-03
   -1.361760E-01    1.524733E-01   -5.239227E-03
   -1.346958E-01    1.498724E-01   -5.954483E-03
   -1.332156E-01    1.466328E-01   -6.983199E-03
   -1.317354E-01    1.431089E-01   -8.169707E-03
   -1.302553E-01    1.390937E-01   -9.664257E-03
   -1.287751E-01    1.348723E-01   -1.130315E-02
   -1.272949E-01    1.303133E-01   -1.319844E-02
   -1.258147E-01    1.256186E-01   -1.519942E-02
   -1.243346E-01    1.207069E-01   -1.735547E-02
   -1.228544E-01    1.157063E-01   -1.955663E-02
   -1.213742E-01    1.105517E-01   -2.177818E-02
   -1.198941E-01    1.053240E-01   -2.397464E-02
   -1.184139E-01    9.994464E-02   -2.605395E-02
   -1.169337E-01    9.448167E-02   -2.804512E-02
   -1.154535E-01    8.883094E-02   -2.981233E-02
   -1.139734E-01    8.307653E-02   -3.145088E-02
   -1.124932E-01    7.710233E-02   -3.281498E-02
   -1.110130E-01    7.101858E-02   -3.404175E-02
   -1.095328E-01    6.473413E-02   -3.501018E-02
   -1.080527E-01    5.836874E-02   -3.586515E-02
   -1.065725E-01    5.190086E-02   -3.653726E-02
   -1.050923E-01    4.542041E-02   -3.714474E-02
   -1.036121E-01    3.900467E-02   -3.768252E-02
   -1.021320E-01    3.266859E-02   -3.821633E-02
   -1.006518E-01    2.658180E-02   -3.880251E-02
   -9.917163E-02    2.065722E-02   -3.944271E-02
   -9.769145E-02    1.510764E-02   -4.023919E-02
   -9.621128E-02    9.754396E-03   -4.113319E-02
   -9.473110E-02    4.772718E-03   -4.225000E-02
   -9.325093E-02   -5.441517E-05   -4.348612E-02
   -9.177076E-02   -4.675211E-03   -4.496407E-02
   -9.029058E-02   -9.261869E-03   -4.655808E-02
   -8.881041E-02   -1.394508E-02   -4.836134E-02
   -8.733024E-02   -1.876660E-02   -5.025115E-02
   -8.585006E-02   -2.404665E-02   -5.226470E-02
   -8.436989E-02   -2.964070E-02   -5.430896E-02
   -8.288972E-02   -3.600618E-02   -5.634018E-02
   -8.140954E-02   -4.281018E-02   -5.832226E-02
   -7.992937E-02   -5.055020E-02   -6.011230E-02
   -7.844920E-02   -5.876193E-02   -6.175675E-02
   -7.696902E-02   -6.787201E-02   -6.300947E-02
   -7.548885E-02   -7.738411E-02   -6.401780E-02
   -7.400868E-02   -8.756363E-02   -6.444908E-02
   -7.252850E-02   -9.799214E-02   -6.455479E-02
   -7.104833E-02   -1.087276E-01   -6.395449E-02
   -6.956816E-02   -1.195160E-01   -6.298545E-02
   -6.808798E-02   -1.302101E-01   -6.127362E-02
   -6.660781E-02   -1.407621E-01   -5.920136E-02
   -6.512763E-02   -1.508565E-01   -5.645654E-02
   -6.364746E-02   -1.606463E-01   -5.341132E-02
   -6.216729E-02   -1.696978E-01   -4.985595E-02
   -6.068711E-02   -1.783270E-01   -4.609731E-02
   -5.920694E-02   -1.860261E-01   -4.204203E-02
   -5.772677E-02   -1.932261E-01   -3.789314E-02
   -5.624659E-02   -1.993746E-01   -3.365987E-02
   -5.476642E-02   -2.049766E-01   -2.943007E-02
   -5.328625E-02   -2.094536E-01   -2.528369E-02
   -5.180607E-02   -2.133561E-01   -2.120913E-02
   -5.032590E-02   -2.160939E-01   -1.732241E-02
   -4.884573E-02   -2.182452E-01   -1.354463E-02
   -4.736555E-02   -2.192228E-01   -1.000347E-02
   -4.588538E-02   -2.196175E-01   -6.586051E-03
   -4.440521E-02   -2.188617E-01   -3.422346E-03
   -4.292503E-02   -2.175423E-01   -3.877157E-04
   -4.144486E-02   -2.151257E-01    2.384356E-03
   -3.996468E-02   -2.121789E-01    5.022636E-03
   -3.848451E-02   -2.082139E-01    7.388229E-03
   -3.700434E-02   -2.037637E-01    9.615668E-03
   -3.552416E-02   -1.983958E-01    1.156694E-02
   -3.404399E-02   -1.925980E-01    1.338339E-02
   -3.256382E-02   -1.860040E-01    1.494543E-02
   -3.108364E-02   -1.790462E-01    1.639326E-02
   -2.960347E-02   -1.714353E-01    1.765015E-02
   -2.812330E-02   -1.635374E-01    1.883602E-02
   -2.664312E-02   -1.551490E-01    1.993854E-02
   -2.516295E-02   -1.465589E-01    2.103227E-02
   -2.368278E-02   -1.376554E-01    2.217766E-02
   -2.220260E-02   -1.286416E-01    2.338306E-02
   -2.072243E-02   -1.195031E-01    2.477140E-02
   -1.924226E-02   -1.103525E-01    2.627789E-02
   -1.776208E-02   -1.012836E-01    2.806092E-02
   -1.628191E-02   -9.231233E-02    2.999448E-02
   -1.480174E-02   -8.365886E-02    3.223657E-02
   -1.332156E-02   -7.523035E-02    3.462801E-02
   -1.184139E-02   -6.739279E-02    3.729198E-02
   -1.036121E-02   -5.992460E-02    4.007182E-02
   -8.881041E-03   -5.334578E-02    4.303057E-02
   -7.400868E-03   -4.728572E-02    4.604776E-02
   -5.920694E-03   -4.240250E-02    4.911383E-02
   -4.440521E-03   -3.816945E-02    5.216901E-02
   -2.960347E-03   -3.533771E-02    5.513225E-02
   -1.480174E-03   -3.324280E-02    5.801630E-02
   -1.665335E-16   -3.266040E-02    6.068209E-02
    1.480174E-03   -3.283524E-02    6.321322E-02
    2.960347E-03   -3.448806E-02    6.543461E-02
    4.440521E-03   -3.684232E-02    6.748654E-02
    5.920694E-03   -4.048761E-02    6.918137E-02
    7.400868E-03   -4.470569E-02    7.069332E-02
    8.881041E-03   -4.989516E-02    7.183809E-02
    1.036121E-02   -5.547199E-02    7.280063E-02
    1.184139E-02   -6.161195E-02    7.340261E-02
    1.332156E-02   -6.792453E-02    7.382548E-02
    1.480174E-02   -7.436742E-02    7.388935E-02
    1.628191E-02   -8.077413E-02    7.377165E-02
    1.776208E-02   -8.692665E-02    7.328473E-02
    1.924226E-02   -9.287513E-02    7.261056E-02
    2.072243E-02   -9.829432E-02    7.156119E-02
    2.220260E-02   -1.034056E-01    7.032831E-02
    2.368278E-02   -1.078485E-01    6.874913E-02
    2.516295E-02   -1.119456E-01    6.701485E-02
    2.664312E-02   -1.153521E-01    6.502291E-02
    2.812330E-02   -1.184218E-01    6.293623E-02
    2.960347E-02   -1.208433E-01    6.074130E-02
    3.108364E-02   -1.229541E-01    5.853724E-02
    3.256382E-02   -1.244653E-01    5.640858E-02
    3.404399E-02   -1.256837E-01    5.436347E-02
    3.552416E-02   -1.263205E-01    5.257001E-02
    3.700434E-02   -1.266638E-01    5.093888E-02
    3.848451E-02   -1.264081E-01    4.969072E-02
    3.996468E-02   -1.258447E-01    4.865494E-02
    4.144486E-02   -1.246506E-01    4.806863E-02
    4.292503E-02   -1.231356E-01    4.771108E-02
    4.440521E-02   -1.209771E-01    4.780334E-02
    4.588538E-02   -1.185027E-01    4.810932E-02
    4.736555E-02   -1.154257E-01    4.880665E-02
    4.884573E-02   -1.120724E-01    4.967491E-02
    5.032590E-02   -1.082395E-01    5.082218E-02
    5.180607E-02   -1.042154E-01    5.207069E-02
    5.328625E-02   -9.992928E-02    5.343138E-02
    5.476642E-02   -9.558224E-02    5.479639E-02
    5.624659E-02   -9.126717E-02    5.605503E-02
    5.772677E-02   -8.704745E-02    5.719896E-02
    5.920694E-02   -8.317124E-02    5.798776E-02
    6.068711E-02   -7.953417E-02    5.853834E-02
    6.216729E-02   -7.648013E-02    5.850401E-02
    6.364746E-02   -7.374989E-02    5.813384E-02
    6.512763E-02   -7.168493E-02    5.703543E-02
    6.660781E-02   -6.993692E-02    5.556300E-02
    6.808798E-02   -6.874601E-02    5.336342E-02
    6.956816E-02   -6.777709E-02    5.083120E-02
    7.104833E-02   -6.711685E-02    4.773287E-02
    7.252850E-02   -6.654090E-02    4.441592E-02
    7.400868E-02   -6.600716E-02    4.080959E-02
    7.548885E-02   -6.544684E-02    3.713554E-02
    7.696902E-02   -6.478242E-02    3.347254E-02
    7.844920E-02   -6.406667E-02    2.987821E-02
    7.992937E-02   -6.330336E-02    2.651687E-02
    8.140954E-02   -6.256793E-02    2.330096E-02
    8.288972E-02   -6.202876E-02    2.039289E-02
    8.436989E-02   -6.166908E-02    1.762741E-02
    8.585006E-02   -6.183697E-02    1.508983E-02
    8.733024E-02   -6.234804E-02    1.262438E-02
    8.881041E-02   -6.368174E-02    1.020355E-02
    9.029058E-02   -6.547933E-02    7.752958E-03
    9.177076E-02   -6.827463E-02    5.145392E-03
    9.325093E-02   -7.158612E-02    2.419097E-03
    9.473110E-02   -7.593231E-02   -5.999197E-04
    9.621128E-02   -8.078294E-02   -3.777413E-03
    9.769145E-02   -8.659274E-02   -7.262078E-03
    9.917163E-02   -9.284678E-02   -1.087841E-02
    1.006518E-01   -9.989901E-02   -1.468310E-02
    1.021320E-01   -1.072952E-01   -1.853166E-02
    1.036121E-01   -1.152475E-01   -2.234953E-02
    1.050923E-01   -1.234011E-01   -2.608862E-02
    1.065725E-01   -1.317810E-01   -2.954501E-02
    1.080527E-01   -1.401763E-01   -3.280338E-02
    1.095328E-01   -1.483929E-01   -3.557292E-02
    1.110130E-01   -1.564125E-01   -3.806532E-02
    1.124932E-01   -1.638267E-01   -3.996925E-02
    1.139734E-01   -1.708407E-01   -4.157781E-02
    1.154535E-01   -1.768869E-01   -4.262295E-02
    1.169337E-01   -1.823843E-01   -4.341235E-02
    1.184139E-01   -1.866985E-01   -4.376014E-02
    1.198941E-01   -1.904027E-01   -4.392745E-02
    1.213742E-01   -1.928984E-01   -4.381835E-02
    1.228544E-01   -1.948174E-01   -4.361270E-02
    1.243346E-01   -1.956754E-01   -4.329253E-02
    1.258147E-01   -1.960624E-01   -4.295136E-02
    1.272949E-01   -1.956424E-01   -4.263498E-02
    1.287751E-01   -1.948892E-01   -4.236209E-02
    1.302553E-01   -1.936061E-01   -4.223514E-02
    1.317354E-01   -1.921206E-01   -4.220923E-02
    1.332156E-01   -1.903396E-01   -4.243809E-02
    1.346958E-01   -1.884566E-01   -4.281779E-02
    1.361760E-01   -1.864433E-01   -4.353671E-02
    1.376561E-01   -1.843939E-01   -4.443719E-02
    1.391363E-01   -1.823175E-01   -4.570673E-02
    1.406165E-01   -1.802453E-01   -4.715301E-02
    1.420967E-01   -1.782086E-01   -4.891374E-02
    1.435768E-01   -1.762002E-01   -5.080040E-02
    1.450570E-01   -1.742629E-01   -5.285476E-02
    1.465372E-01   -1.723652E-01   -5.494203E-02
    1.480174E-01   -1.705469E-01   -5.698071E-02
    1.494975E-01   -1.687643E-01   -5.893462E-02
    1.509777E-01   -1.670356E-01   -6.059769E-02
    1.524579E-01   -1.653203E-01   -6.205737E-02
    1.539380E-01   -1.635944E-01   -6.300476E-02
    1.554182E-01   -1.618394E-01   -6.365040E-02
    1.568984E-01   -1.599690E-01   -6.361870E-02
    1.583786E-01   -1.580072E-01   -6.322105E-02
    1.598587E-01   -1.557845E-01   -6.205720E-02
    1.613389E-01   -1.533878E-01   -6.050335E-02
    1.628191E-01   -1.505467E-01   -5.817565E-02
    1.642993E-01   -1.474321E-01   -5.547336E-02
    1.657794E-01   -1.436647E-01   -5.206312E-02
    1.672596E-01   -1.395188E-01   -4.832639E-02
    1.687398E-01   -1.345200E-01   -4.400232E-02
    1.702200E-01   -1.290543E-01   -3.942087E-02
    1.717001E-01   -1.225962E-01   -3.440066E-02
    1.731803E-01   -1.156273E-01   -2.919896E-02
    1.746605E-01   -1.076426E-01   -2.370659E-02
    1.761406E-01   -9.917230E-02   -1.810191E-02
    1.776208E-01   -8.981458E-02   -1.233011E-02
    1.791010E-01   -8.007391E-02   -6.498365E-03
    1.805812E-01   -6.972115E-02   -5.826026E-04
    1.820613E-01   -5.915134E-02    5.363050E-03
    1.835415E-01   -4.833942E-02    1.135524E-02
    1.850217E-01   -3.750367E-02    1.736867E-02
    1.865019E-01   -2.680577E-02    2.342677E-02
    1.879820E-01   -1.626022E-02    2.950923E-02
    1.894622E-01   -6.160444E-03    3.564118E-02
    1.909424E-01    3.660350E-03    4.179374E-02
    1.924226E-01    1.283894E-02    4.796472E-02
    1.939027E-01    2.166593E-02    5.412410E-02
    1.953829E-01    2.974445E-02    6.019721E-02
    1.968631E-01    3.742971E-02    6.618492E-02
    1.983433E-01    4.428984E-02    7.189824E-02
    1.998234E-01    5.071519E-02    7.741548E-02
    2.013036E-01    5.621901E-02    8.241515E-02
    2.027838E-01    6.123361E-02    8.709328E-02
    2.042639E-01    6.521396E-02    9.101019E-02
    2.057441E-01    6.865397E-02    9.449452E-02
    2.072243E-01    7.098511E-02    9.702964E-02
    2.087045E-01    7.276051E-02    9.906021E-02
    2.101846E-01    7.345171E-02    1.000493E-01
    2.116648E-01    7.362961E-02    1.005163E-01
    2.131450E-01    7.286522E-02    9.996804E-02
    2.146252E-01    7.168180E-02    9.894280E-02
    2.161053E-01    6.977601E-02    9.705744E-02
    2.175855E-01    6.756832E-02    9.480443E-02
    2.190657E-01    6.487139E-02    9.196843E-02
    2.205459E-01    6.198306E-02    8.892767E-02
    2.220260E-01    5.880965E-02    8.566303E-02
    2.235062E-01    5.553941E-02    8.237963E-02
    2.249864E-01    5.216561E-02    7.923274E-02
    2.264665E-01    4.878739E-02    7.622843E-02
    2.279467E-01    4.550522E-02    7.362096E-02
    2.294269E-01    4.233060E-02    7.124504E-02
    2.309071E-01    3.950551E-02    6.934914E-02
    2.323872E-01    3.692917E-02    6.767763E-02
    2.338674E-01    3.500688E-02    6.638178E-02
    2.353476E-01    3.349052E-02    6.522160E-02
    2.368278E-01    3.293594E-02    6.421080E-02
    2.383079E-01    3.292848E-02    6.321228E-02
    2.397881E-01    3.412090E-02    6.212458E-02
    2.412683E-01    3.594865E-02    6.094684E-02
    2.427485E-01    3.907648E-02    5.952894E-02
    2.442286E-01    4.284620E-02    5.797814E-02
    2.457088E-01    4.783532E-02    5.616945E-02
    2.471890E-01    5.337781E-02    5.425016E-02
    2.486692E-01    5.986795E-02    5.216703E-02
    2.501493E-01    6.673124E-02    5.003615E-02
    2.516295E-01    7.410361E-02    4.787877E-02
    2.531097E-01    8.159850E-02    4.573834E-02
    2.545898E-01    8.905915E-02    4.367641E-02
    2.560700E-01    9.636236E-02    4.166611E-02
    2.575502E-01    1.030844E-01    3.976322E-02
    2.590304E-01    1.093980E-01    3.790721E-02
    2.605105E-01    1.147053E-01    3.611890E-02
    2.619907E-01    1.194445E-01    3.434885E-02
    2.634709E-01    1.229862E-01    3.258675E-02
    2.649511E-01    1.259349E-01    3.081908E-02
    2.664312E-01    1.277804E-01    2.903547E-02
    2.679114E-01    1.291469E-01    2.724962E-02
    2.693916E-01    1.297507E-01    2.548585E-02
    2.708718E-01    1.300871E-01    2.375198E-02
    2.723519E-01    1.301296E-01    2.212068E-02
    2.738321E-01    1.301423E-01    2.056117E-02
    2.753123E-01    1.303056E-01    1.917811E-02
    2.767924E-01    1.306297E-01    1.789312E-02
    2.782726E-01    1.313969E-01    1.680837E-02
    2.797528E-01    1.324187E-01    1.581805E-02
    2.812330E-01    1.339598E-01    1.499222E-02
    2.827131E-01    1.357389E-01    1.423225E-02
    2.841933E-01    1.379052E-01    1.356804E-02
    2.856735E-01    1.402023E-01    1.293476E-02
    2.871537E-01    1.426103E-01    1.233580E-02
    2.886338E-01    1.449918E-01    1.174472E-02
    2.901140E-01    1.471549E-01    1.116048E-02
    2.915942E-01    1.491311E-01    1.057961E-02
    2.930744E-01    1.505971E-01    1.001190E-02
    2.945545E-01    1.517531E-01    9.455779E-03
    2.960347E-01    1.522117E-01    8.933668E-03
    2.975149E-01    1.523000E-01    8.433238E-03
    2.989950E-01    1.516384E-01    7.982869E-03
    3.004752E-01    1.506130E-01    7.559521E-03
    3.019554E-01    1.489091E-01    7.192373E-03
    3.034356E-01    1.469004E-01    6.854216E-03
    3.049157E-01    1.443633E-01    6.576893E-03
    3.063959E-01    1.416051E-01    6.332388E-03
    3.078761E-01    1.384879E-01    6.160147E-03
    3.093563E-01    1.352287E-01    6.027597E-03
    3.108364E-01    1.317480E-01    5.979595E-03
    3.123166E-01    1.281808E-01    5.973897E-03
    3.137968E-01    1.244751E-01    6.044522E-03
    3.152770E-01    1.207121E-01    6.143719E-03
    3.167571E-01    1.168509E-01    6.268821E-03
    3.182373E-01    1.129477E-01    6.385586E-03
    3.197175E-01    1.089776E-01    6.434586E-03
    3.211977E-01    1.049854E-01    6.422253E-03
    3.226778E-01    1.009803E-01    6.234610E-03
    3.241580E-01    9.698858E-02    5.937392E-03
    3.256382E-01    9.307042E-02    5.392107E-03
    3.271183E-01    8.921411E-02    4.718161E-03
    3.285985E-01    8.553079E-02    3.799971E-03
    3.300787E-01    8.195578E-02    2.777474E-03
    3.315589E-01    7.863112E-02    1.602276E-03
    3.330390E-01    7.544189E-02    3.866226E-04
    3.345192E-01    7.252917E-02   -8.282575E-04
    3.359994E-01    6.975020E-02   -2.000369E-03
    3.374796E-01    6.721689E-02   -3.006021E-03
    3.389597E-01    6.479074E-02   -3.893091E-03
    3.404399E-01    6.254231E-02   -4.487848E-03
    3.419201E-01    6.036404E-02   -4.918631E-03
    3.434003E-01    5.829223E-02   -5.007751E-03
    3.448804E-01    5.626014E-02   -4.930527E-03
    3.463606E-01    5.428948E-02   -4.551400E-03
    3.478408E-01    5.234540E-02   -4.046399E-03
    3.493209E-01    5.045517E-02   -3.355267E-03
    3.508011E-01    4.859575E-02   -2.609042E-03
    3.522813E-01    4.681005E-02   -1.832890E-03
    3.537615E-01    4.506799E-02   -1.080849E-03
    3.552416E-01    4.342552E-02   -4.468299E-04
    3.567218E-01    4.183753E-02    1.001766E-04
    3.582020E-01    4.036436E-02    4.349975E-04
    3.596822E-01    3.895020E-02    6.546822E-04
    3.611623E-01    3.765660E-02    6.462672E-04
    3.626425E-01    3.642573E-02    5.341217E-04
    3.641227E-01    3.533074E-02    2.501674E-04
    3.656029E-01    3.431316E-02   -9.664392E-05
    3.670830E-01    3.347963E-02   -5.176604E-04
    3.685632E-01    3.275806E-02   -9.497215E-04
    3.700434E-01    3.230950E-02   -1.355144E-03
    3.715236E-01    3.202489E-02   -1.725955E-03
    3.730037E-01    3.212408E-02   -1.992411E-03
    3.744839E-01    3.244069E-02   -2.192789E-03
    3.759641E-01    3.323215E-02   -2.239208E-03
    3.774442E-01    3.427264E-02   -2.199672E-03
    3.789244E-01    3.581305E-02   -1.971642E-03
    3.804046E-01    3.759218E-02   -1.640616E-03
    3.818848E-01    3.980099E-02   -1.083572E-03
    3.833649E-01    4.218867E-02   -4.019525E-04
    3.848451E-01    4.484107E-02    5.544132E-04
    3.863253E-01    4.757109E-02    1.661255E-03
    3.878055E-01    5.033615E-02    3.093058E-03
    3.892856E-01    5.305639E-02    4.696575E-03
    3.907658E-01    5.556391E-02    6.653099E-03
    3.922460E-01    5.790704E-02    8.785087E-03
    3.937262E-01    5.981656E-02    1.125253E-02
    3.952063E-01    6.146390E-02    1.387310E-02
    3.966865E-01    6.251147E-02    1.675807E-02
    3.981667E-01    6.322903E-02    1.974926E-02
    3.996468E-01    6.324021E-02    2.289429E-02
    4.011270E-01    6.288093E-02    2.608575E-02
    4.026072E-01    6.175556E-02    2.931106E-02
    4.040874E-01    6.023815E-02    3.252696E-02
    4.055675E-01    5.792430E-02    3.568158E-02
    4.070477E-01    5.520851E-02    3.879114E-02
    4.085279E-01    5.168712E-02    4.179833E-02
    4.100081E-01    4.776618E-02    4.475760E-02
    4.114882E-01    4.306538E-02    4.764822E-02
    4.129684E-01    3.799404E-02    5.052887E-02
    4.144486E-01    3.224880E-02    5.345979E-02
    4.159288E-01    2.621975E-02    5.646100E-02
    4.174089E-01    1.977978E-02    5.970999E-02
    4.188891E-01    1.324320E-02    6.314230E-02
    4.203693E-01    6.799556E-03    6.706447E-02
    4.218495E-01    5.808844E-04    7.129068E-02
    4.233296E-01   -4.765209E-03    7.622746E-02
    4.248098E-01   -9.437927E-03    8.155723E-02
    4.262900E-01   -1.226160E-02    8.771057E-02
    4.277701E-01   -1.391135E-02    9.427104E-02
    4.292503E-01   -1.275493E-02    1.015837E-01
    4.307305E-01   -1.000587E-02    1.092139E-01
    4.322107E-01   -3.806882E-03    1.173102E-01
    4.336908E-01    4.178350E-03    1.255325E-01
    4.351710E-01    1.570085E-02    1.337594E-01
    4.366512E-01    2.889468E-02    1.418556E-01
    4.381314E-01    4.509000E-02    1.494226E-01
    4.396115E-01    6.255518E-02    1.565979E-01
    4.410917E-01    8.201308E-02    1.627637E-01
    4.425719E-01    1.021716E-01    1.683307E-01
    4.440521E-01    1.231358E-01    1.725536E-01
    4.455322E-01    1.442215E-01    1.760514E-01
    4.470124E-01    1.650473E-01    1.780253E-01
    4.484926E-01    1.855306E-01    1.792100E-01
    4.499727E-01    2.049862E-01    1.787666E-01
    4.514529E-01    2.237947E-01    1.774784E-01
    4.529331E-01    2.411039E-01    1.744157E-01
    4.544133E-01    2.575802E-01    1.704085E-01
    4.558934E-01    2.722394E-01    1.643718E-01
    4.573736E-01    2.859104E-01    1.572428E-01
    4.588538E-01    2.974204E-01    1.477823E-01
    4.603340E-01    3.077408E-01    1.371009E-01
    4.618141E-01    3.154310E-01    1.239368E-01
    4.632943E-01    3.216704E-01    1.095611E-01
    4.647745E-01    3.247371E-01    9.294832E-02
    4.662547E-01    3.260953E-01    7.538005E-02
    4.677348E-01    3.238471E-01    5.636858E-02
    4.692150E-01    3.197415E-01    3.693283E-02
    4.706952E-01    3.119139E-01    1.734128E-02
    4.721754E-01    3.022778E-01   -1.952980E-03
    4.736555E-01    2.892427E-01   -1.989258E-02
    4.751357E-01    2.746702E-01   -3.679505E-02
    4.766159E-01    2.574372E-01   -5.099128E-02
    4.780960E-01    2.391165E-01   -6.358201E-02
    4.795762E-01    2.191535E-01   -7.261265E-02
    4.810564E-01    1.986484E-01   -7.977421E-02
    4.825366E-01    1.776186E-01   -8.319205E-02
    4.840167E-01    1.565960E-01   -8.481583E-02
    4.854969E-01    1.360839E-01   -8.314556E-02
    4.869771E-01    1.160431E-01   -8.002910E-02
    4.884573E-01    9.729247E-02   -7.449340E-02
    4.899374E-01    7.930973E-02   -6.800163E-02
    4.914176E-01    6.299402E-02   -6.010345E-02
    4.928978E-01    4.751810E-02   -5.173934E-02
    4.943780E-01    3.362119E-02   -4.286524E-02
    4.958581E-01    2.041529E-02   -3.391471E-02
    4.973383E-01    8.325175E-03   -2.510164E-02
    4.988185E-01   -3.357175E-03   -1.647213E-02
    5.002986E-01   -1.451883E-02   -8.390484E-03
    5.017788E-01   -2.554552E-02   -6.555479E-04
    5.032590E-01   -3.647576E-02    6.263666E-03
    5.047392E-01   -4.739410E-02    1.272201E-02
    5.062193E-01   -5.824898E-02    1.816854E-02
    5.076995E-01   -6.899707E-02    2.307527E-02
    5.091797E-01   -7.928509E-02    2.686805E-02
    5.106599E-01   -8.918391E-02    3.010975E-02
    5.121400E-01   -9.794613E-02    3.231787E-02
    5.136202E-01   -1.059590E-01    3.407424E-02
    5.151004E-01   -1.121434E-01    3.511555E-02
    5.165806E-01   -1.172820E-01    3.591679E-02
    5.180607E-01   -1.201592E-01    3.650027E-02
    5.195409E-01   -1.218777E-01    3.710811E-02
    5.210211E-01   -1.213457E-01    3.801153E-02
    5.225013E-01   -1.197823E-01    3.916628E-02
    5.239814E-01   -1.164532E-01    4.097764E-02
    5.254616E-01   -1.124333E-01    4.316517E-02
    5.269418E-01   -1.074754E-01    4.614604E-02
    5.284219E-01   -1.022844E-01    4.952179E-02
    5.299021E-01   -9.709609E-02    5.365340E-02
    5.313823E-01   -9.212852E-02    5.813852E-02
    5.328625E-01   -8.799026E-02    6.328036E-02
    5.343426E-01   -8.442798E-02    6.872945E-02
    5.358228E-01   -8.226841E-02    7.476373E-02
    5.373030E-01   -8.089932E-02    8.108233E-02
    5.387832E-01   -8.122056E-02    8.796185E-02
    5.402633E-01   -8.241041E-02    9.511903E-02
    5.417435E-01   -8.532895E-02    1.028202E-01
    5.432237E-01   -8.908336E-02    1.107807E-01
    5.447039E-01   -9.441016E-02    1.192141E-01
    5.461840E-01   -1.004549E-01    1.278476E-01
    5.476642E-01   -1.077659E-01    1.367779E-01
    5.491444E-01   -1.156109E-01    1.457888E-01
    5.506245E-01   -1.243010E-01    1.547926E-01
    5.521047E-01   -1.332925E-01    1.636941E-01
    5.535849E-01   -1.426309E-01    1.721686E-01
    5.550651E-01   -1.520116E-01    1.803092E-01
    5.565452E-01   -1.612182E-01    1.875309E-01
    5.580254E-01   -1.702147E-01    1.941664E-01
    5.595056E-01   -1.785685E-01    1.993812E-01
    5.609858E-01   -1.865068E-01    2.037677E-01
    5.624659E-01   -1.934680E-01    2.062791E-01
    5.639461E-01   -1.998920E-01    2.077548E-01
    5.654263E-01   -2.051956E-01    2.069872E-01
    5.669065E-01   -2.099414E-01    2.050257E-01
    5.683866E-01   -2.136223E-01    2.005618E-01
    5.698668E-01   -2.168164E-01    1.948057E-01
    5.713470E-01   -2.191602E-01    1.864191E-01
    5.728271E-01   -2.211529E-01    1.767150E-01
    5.743073E-01   -2.226084E-01    1.644202E-01
    5.757875E-01   -2.238828E-01    1.508802E-01
    5.772677E-01   -2.249731E-01    1.350172E-01
    5.787478E-01   -2.260580E-01    1.181148E-01
    5.802280E-01   -2.272930E-01    9.946422E-02
    5.817082E-01   -2.286723E-01    8.015108E-02
    5.831884E-01   -2.304474E-01    6.002867E-02
    5.846685E-01   -2.324534E-01    3.980180E-02
    5.861487E-01   -2.349393E-01    2.003239E-02
    5.876289E-01   -2.376483E-01    8.433010E-04
    5.891091E-01   -2.407164E-01   -1.648375E-02
    5.905892E-01   -2.438964E-01   -3.255232E-02
    5.920694E-01   -2.471231E-01   -4.554167E-02
    5.935496E-01   -2.502691E-01   -5.677772E-02
    5.950298E-01   -2.530265E-01   -6.424799E-02
    5.965099E-01   -2.554733E-01   -6.980005E-02
    5.979901E-01   -2.570752E-01   -7.163900E-02
    5.994703E-01   -2.581545E-01   -7.177526E-02
    6.009504E-01   -2.580262E-01   -6.897566E-02
    6.024306E-01   -2.572393E-01   -6.500735E-02
    6.039108E-01   -2.550898E-01   -5.938990E-02
    6.053910E-01   -2.522731E-01   -5.331586E-02
    6.068711E-01   -2.482263E-01   -4.707054E-02
    6.083513E-01   -2.436522E-01   -4.109414E-02
    6.098315E-01   -2.382566E-01   -3.629811E-02
    6.113117E-01   -2.325833E-01   -3.236660E-02
    6.127918E-01   -2.266233E-01   -3.059926E-02
    6.142720E-01   -2.206376E-01   -3.006899E-02
    6.157522E-01   -2.147680E-01   -3.219388E-02
    6.172324E-01   -2.089924E-01   -3.567383E-02
    6.187125E-01   -2.033639E-01   -4.180066E-02
    6.201927E-01   -1.977320E-01   -4.916561E-02
    6.216729E-01   -1.918417E-01   -5.874039E-02
    6.231530E-01   -1.856639E-01   -6.924478E-02
    6.246332E-01   -1.785731E-01   -8.118480E-02
    6.261134E-01   -1.708703E-01   -9.360040E-02
    6.275936E-01   -1.617075E-01   -1.064367E-01
    6.290737E-01   -1.517536E-01   -1.192048E-01
    6.305539E-01   -1.402355E-01   -1.312779E-01
    6.320341E-01   -1.280182E-01   -1.427383E-01
    6.335143E-01   -1.147100E-01   -1.525032E-01
    6.349944E-01   -1.010694E-01   -1.612310E-01
    6.364746E-01   -8.727547E-02   -1.676215E-01
    6.379548E-01   -7.368345E-02   -1.727762E-01
    6.394350E-01   -6.105663E-02   -1.754530E-01
    6.409151E-01   -4.917504E-02   -1.769444E-01
    6.423953E-01   -3.923795E-02   -1.762571E-01
    6.438755E-01   -3.045036E-02   -1.746007E-01
    6.453557E-01   -2.419698E-02   -1.712566E-01
    6.468358E-01   -1.926349E-02   -1.671809E-01
    6.483160E-01   -1.694480E-02   -1.618153E-01
    6.497962E-01   -1.585987E-02   -1.558600E-01
    6.512763E-01   -1.698858E-02   -1.487761E-01
    6.527565E-01   -1.905440E-02   -1.411326E-01
    6.542367E-01   -2.259333E-02   -1.323664E-01
    6.557169E-01   -2.664941E-02   -1.230470E-01
    6.571970E-01   -3.128552E-02   -1.126890E-01
    6.586772E-01   -3.598662E-02   -1.018820E-01
    6.601574E-01   -4.038892E-02   -9.039893E-02
    6.616376E-01   -4.444574E-02   -7.872537E-02
    6.631177E-01   -4.747032E-02   -6.701589E-02
    6.645979E-01   -4.984034E-02   -5.546848E-02
    6.660781E-01   -5.070084E-02   -4.458074E-02
    6.675583E-01   -5.074895E-02   -3.415977E-02
    6.690384E-01   -4.914580E-02   -2.485659E-02
    6.705186E-01   -4.674653E-02   -1.615256E-02
    6.719988E-01   -4.288916E-02   -8.624939E-03
    6.734789E-01   -3.839914E-02   -1.630992E-03
    6.749591E-01   -3.287568E-02    4.466664E-03
    6.764393E-01   -2.696123E-02    1.021777E-02
    6.779195E-01   -2.052010E-02    1.548185E-02
    6.793996E-01   -1.393998E-02    2.059452E-02
    6.808798E-01   -7.319602E-03    2.554880E-02
    6.823600E-01   -7.923174E-04    3.047088E-02
    6.838402E-01    5.332481E-03    3.536763E-02
    6.853203E-01    1.115324E-02    4.024398E-02
    6.868005E-01    1.617541E-02    4.501320E-02
    6.882807E-01    2.071498E-02    4.967335E-02
    6.897609E-01    2.415839E-02    5.396804E-02
    6.912410E-01    2.701203E-02    5.799349E-02
    6.927212E-01    2.865891E-02    6.129487E-02
    6.942014E-01    2.971799E-02    6.414263E-02
    6.956816E-01    2.968533E-02    6.591884E-02
    6.971617E-01    2.916836E-02    6.709459E-02
    6.986419E-01    2.782657E-02    6.698925E-02
    7.001221E-01    2.614442E-02    6.623308E-02
    7.016022E-01    2.390821E-02    6.421917E-02
    7.030824E-01    2.144368E-02    6.162995E-02
    7.045626E-01    1.858726E-02    5.805241E-02
    7.060428E-01    1.555336E-02    5.408261E-02
    7.075229E-01    1.218512E-02    4.955590E-02
    7.090031E-01    8.659274E-03    4.486693E-02
    7.104833E-01    4.850122E-03    4.007322E-02
    7.119635E-01    9.265918E-04    3.532428E-02
    7.134436E-01   -3.145261E-03    3.082748E-02
    7.149238E-01   -7.240235E-03    2.652284E-02
    7.164040E-01   -1.126824E-02    2.271203E-02
    7.178842E-01   -1.520761E-02    1.919768E-02
    7.193643E-01   -1.887664E-02    1.637782E-02
    7.208445E-01   -2.237798E-02    1.396239E-02
    7.223247E-01   -2.551239E-02    1.248757E-02
    7.238048E-01   -2.846363E-02    1.155625E-02
    7.252850E-01   -3.107423E-02    1.186291E-02
    7.267652E-01   -3.353455E-02    1.285849E-02
    7.282454E-01   -3.573699E-02    1.534186E-02
    7.297255E-01   -3.782824E-02    1.859962E-02
    7.312057E-01   -3.971952E-02    2.340174E-02
    7.326859E-01   -4.151487E-02    2.893526E-02
    7.341661E-01   -4.311548E-02    3.576694E-02
    7.356462E-01   -4.461490E-02    4.312438E-02
    7.371264E-01   -4.590680E-02    5.121253E-02
    7.386066E-01   -4.709669E-02    5.947590E-02
    7.400868E-01   -4.809825E-02    6.767054E-02
    7.415669E-01   -4.901953E-02    7.561447E-02
    7.430471E-01   -4.981660E-02    8.263840E-02
    7.445273E-01   -5.057097E-02    8.901381E-02
    7.460075E-01   -5.127411E-02    9.378091E-02
    7.474876E-01   -5.196314E-02    9.763016E-02
    7.489678E-01   -5.263183E-02    9.951077E-02
    7.504480E-01   -5.328637E-02    1.003889E-01
    7.519281E-01   -5.389210E-02    9.931718E-02
    7.534083E-01   -5.446005E-02    9.733830E-02
    7.548885E-01   -5.492761E-02    9.374675E-02
    7.563687E-01   -5.533753E-02    8.947482E-02
    7.578488E-01   -5.563309E-02    8.412878E-02
    7.593290E-01   -5.588107E-02    7.839899E-02
    7.608092E-01   -5.606951E-02    7.221457E-02
    7.622894E-01   -5.625146E-02    6.595595E-02
    7.637695E-01   -5.647001E-02    5.983596E-02
    7.652497E-01   -5.672884E-02    5.391335E-02
    7.667299E-01   -5.709907E-02    4.859983E-02
    7.682101E-01   -5.753133E-02    4.367262E-02
    7.696902E-01   -5.807986E-02    3.962440E-02
    7.711704E-01   -5.867263E-02    3.603889E-02
    7.726506E-01   -5.930831E-02    3.336662E-02
    7.741307E-01   -5.993537E-02    3.111832E-02
    7.756109E-01   -6.047385E-02    2.960907E-02
    7.770911E-01   -6.092849E-02    2.839936E-02
    7.785713E-01   -6.113220E-02    2.763204E-02
    7.800514E-01   -6.116879E-02    2.700649E-02
    7.815316E-01   -6.079289E-02    2.651672E-02
    7.830118E-01   -6.017694E-02    2.603177E-02
    7.844920E-01   -5.903009E-02    2.545866E-02
    7.859721E-01   -5.760347E-02    2.480820E-02
    7.874523E-01   -5.561470E-02    2.396683E-02
    7.889325E-01   -5.335731E-02    2.302523E-02
    7.904127E-01   -5.061388E-02    2.189478E-02
    7.918928E-01   -4.766423E-02    2.068327E-02
    7.933730E-01   -4.439216E-02    1.934568E-02
    7.948532E-01   -4.100866E-02    1.796522E-02
    7.963334E-01   -3.750422E-02    1.653989E-02
    7.978135E-01   -3.398834E-02    1.511144E-02
    7.992937E-01   -3.053890E-02    1.371131E-02
    8.007739E-01   -2.716133E-02    1.234010E-02
    8.022540E-01   -2.399119E-02    1.105078E-02
    8.037342E-01   -2.094960E-02    9.811722E-03
    8.052144E-01   -1.820144E-02    8.686689E-03
    8.066946E-01   -1.561196E-02    7.623099E-03
    8.081747E-01   -1.335269E-02    6.687133E-03
    8.096549E-01   -1.126000E-02    5.815530E-03
    8.111351E-01   -9.494724E-03    5.070550E-03
    8.126153E-01   -7.886478E-03    4.386436E-03
    8.140954E-01   -6.572585E-03    3.816806E-03
    8.155756E-01   -5.393491E-03    3.299872E-03
    8.170558E-01   -4.455694E-03    2.877961E-03
    8.185360E-01   -3.623421E-03    2.498053E-03
    8.200161E-01   -2.971618E-03    2.191069E-03
    8.214963E-01   -2.395341E-03    1.915234E-03
    8.229765E-01   -1.943111E-03    1.691905E-03
    8.244566E-01   -1.541062E-03    1.490473E-03
    8.259368E-01   -1.219549E-03    1.325324E-03
    8.274170E-01   -9.303810E-04    1.175167E-03
    8.288972E-01   -6.938318E-04    1.049868E-03
    8.303773E-01   -4.791917E-04    9.349612E-04
    8.318575E-01   -3.021632E-04    8.376794E-04
    8.333377E-01   -1.417560E-04    7.480009E-04
    8.348179E-01   -1.133395E-05    6.716743E-04
    8.362980E-01    1.054729E-04    6.012947E-04
    8.377782E-01    1.977321E-04    5.416080E-04
    8.392584E-01    2.791389E-04    4.867424E-04
    8.407386E-01    3.418908E-04    4.405482E-04
    8.422187E-01    3.968964E-04    3.982232E-04
    8.436989E-01    4.395042E-04    3.627217E-04
    8.451791E-01    4.773245E-04    3.301812E-04
    8.466592E-01    5.079416E-04    3.026845E-04
    8.481394E-01    5.358587E-04    2.772933E-04
    8.496196E-01    5.595724E-04    2.553542E-04
    8.510998E-01    5.815023E-04    2.348147E-04
    8.525799E-01    6.000555E-04    2.165519E-04
    8.540601E-01    6.168742E-04    1.992368E-04
    8.555403E-01    6.300252E-04    1.835728E-04
    8.570205E-01    6.412692E-04    1.686706E-04
    8.585006E-01    6.487190E-04    1.552514E-04
    8.599808E-01    6.543923E-04    1.425795E-04
    8.614610E-01    6.569676E-04    1.314300E-04
    8.629412E-01    6.583001E-04    1.210479E-04
    8.644213E-01    6.578291E-04    1.121714E-04
    8.659015E-01    6.567838E-04    1.040042E-04
    8.673817E-01    6.551322E-04    9.710734E-05
    8.688619E-01    6.533629E-04    9.074538E-05
    8.703420E-01    6.515321E-04    8.522271E-05
    8.718222E-01    6.496651E-04    8.000379E-05
    8.733024E-01    6.475727E-04    7.518919E-05
    8.747825E-01    6.452526E-04    7.050146E-05
    8.762627E-01    6.422427E-04    6.598321E-05
    8.777429E-01    6.388005E-04    6.154156E-05
    8.792231E-01    6.344242E-04    5.729529E-05
    8.807032E-01    6.296067E-04    5.318799E-05
    8.821834E-01    6.240683E-04    4.945815E-05
    8.836636E-01    6.182881E-04    4.596282E-05
    8.851438E-01    6.122908E-04    4.299768E-05
    8.866239E-01    6.063080E-04    4.030497E-05
    8.881041E-01    6.005403E-04    3.811882E-05
    8.895843E-01    5.949299E-04    3.614269E-05
    8.910645E-01    5.896392E-04    3.446672E-05
    8.925446E-01    5.844693E-04    3.287506E-05
    8.940248E-01    5.794060E-04    3.133218E-05
    8.955050E-01    5.743179E-04    2.976964E-05
    8.969851E-01    5.690411E-04    2.812415E-05
    8.984653E-01    5.636241E-04    2.643943E-05
    8.999455E-01    5.579018E-04    2.472333E-05
    9.014257E-01    5.520487E-04    2.302998E-05
    9.029058E-01    5.460332E-04    2.147100E-05
    9.043860E-01    5.400021E-04    2.001989E-05
    9.058662E-01    5.340747E-04    1.884082E-05
    9.073464E-01    5.282550E-04    1.780727E-05
    9.088265E-01    5.227197E-04    1.704212E-05
    9.103067E-01    5.173343E-04    1.638135E-05
    9.117869E-01    5.122132E-04    1.584522E-05
    9.132671E-01    5.071861E-04    1.532575E-05
    9.147472E-01    5.022495E-04    1.475925E-05
    9.162274E-01    4.973103E-04    1.414203E-05
    9.177076E-01    4.922922E-04    1.340384E-05
    9.191878E-01    4.872170E-04    1.261361E-05
    9.206679E-01    4.820350E-04    1.176707E-05
    9.221481E-01    4.768229E-04    1.092603E-05
    9.236283E-01    4.716234E-04    1.016792E-05
    9.251084E-01    4.664708E-04    9.481900E-06
    9.265886E-01    4.614847E-04    8.977532E-06
    9.280688E-01    4.566061E-04    8.566937E-06
    9.295490E-01    4.519594E-04    8.317263E-06
    9.310291E-01    4.474200E-04    8.121580E-06
    9.325093E-01    4.430503E-04    7.966433E-06
    9.339895E-01    4.387342E-04    7.797851E-06
    9.354697E-01    4.344601E-04    7.548962E-06
    9.369498E-01    4.301802E-04    7.245336E-06
    9.384300E-01    4.258578E-04    6.832119E-06
    9.399102E-01    4.215130E-04    6.377879E-06
    9.413904E-01    4.171482E-04    5.889883E-06
    9.428705E-01    4.127955E-04    5.414067E-06
    9.443507E-01    4.085200E-04    5.017839E-06
    9.458309E-01    4.043074E-04    4.681621E-06
    9.473110E-01    4.002551E-04    4.482436E-06
    9.487912E-01    3.962894E-04    4.346870E-06
    9.502714E-01    3.924875E-04    4.304575E-06
    9.517516E-01    3.887528E-04    4.283839E-06
    9.532317E-01    3.851104E-04    4.251262E-06
    9.547119E-01    3.814916E-04    4.188902E-06
    9.561921E-01    3.778817E-04    4.036420E-06
    9.576723E-01    3.742647E-04    3.835091E-06
    9.591524E-01    3.706304E-04    3.552153E-06
    9.606326E-01    3.669953E-04    3.246123E-06
    9.621128E-01    3.633886E-04    2.940429E-06
    9.635930E-01    3.598143E-04    2.658501E-06
    9.650731E-01    3.563383E-04    2.461547E-06
    9.665533E-01    3.529233E-04    2.316839E-06
    9.680335E-01    3.496387E-04    2.274111E-06
    9.695137E-01    3.464155E-04    2.270575E-06
    9.709938E-01    3.432936E-04    2.306519E-06
    9.724740E-01    3.402073E-04    2.339663E-06
    9.739542E-01    3.371601E-04    2.326221E-06
    9.754343E-01    3.341192E-04    2.275517E-06
    9.769145E-01    3.310752E-04    2.141099E-06
    9.783947E-01    3.280292E-04    1.970286E-06
    9.798749E-01    3.249915E-04    1.754645E-06
    9.813550E-01    3.219691E-04    1.535765E-06
    9.828352E-01    3.190035E-04    1.350332E-06
    9.843154E-01    3.160780E-04    1.197862E-06
    9.857956E-01    3.132478E-04    1.129071E-06
    9.872757E-01    3.104672E-04    1.101700E-06
    9.887559E-01    3.077779E-04    1.138244E-06
    9.902361E-01    3.051256E-04    1.190604E-06
    9.917163E-01    3.025244E-04    1.236739E-06
    9.931964E-01    2.999372E-04    1.262480E-06
    9.946766E-01    2.973603E-04    1.223979E-06
    9.961568E-01    2.947840E-04    1.149679E-06
    9.976369E-01    2.922109E-04    1.013687E-06
    9.991171E-01    2.896451E-04    8.590609E-07
    1.000597E+00    2.871120E-04    7.001861E-07
    1.002077E+00    2.846047E-04    5.561245E-07
    1.003558E+00    2.821650E-04    4.685700E-07
    1.005038E+00    2.797633E-04    4.161226E-07
    1.006518E+00    2.774372E-04    4.313736E-07
    1.007998E+00    2.751445E-04    4.715249E-07
    1.009478E+00    2.729034E-04    5.327295E-07
    1.010959E+00    2.706794E-04    5.881950E-07
    1.012439E+00    2.684733E-04    6.036668E-07
    1.013919E+00    2.662707E-04    5.901970E-07
    1.015399E+00    2.640719E-04    5.154698E-07
    1.016879E+00    2.618773E-04    4.158767E-07
    1.018359E+00    2.597027E-04    2.899067E-07
    1.019840E+00    2.575453E-04    1.654763E-07
    1.021320E+00    2.554362E-04    7.262956E-08
    1.022800E+00    2.533559E-04    5.966873E-09
    1.024280E+00    2.513362E-04   -1.572579E-10
    1.025760E+00    2.493447E-04    2.085452E-08
    1.027240E+00    2.474000E-04    7.716249E-08
    1.028721E+00    2.454721E-04    1.377009E-07
    1.030201E+00    2.435647E-04    1.787166E-07
    1.031681E+00    2.416624E-04    1.988238E-07
    1.033161E+00    2.397654E-04    1.657655E-07
    1.034641E+00    2.378717E-04    1.071502E-07
    1.036121E+00    2.359918E-04    1.204805E-08
    1.037602E+00    2.341243E-04   -8.959340E-08
    1.039082E+00    2.322927E-04   -1.779362E-07
    1.040562E+00    2.304833E-04   -2.481843E-07
    1.042042E+00    2.287224E-04   -2.684099E-07
    1.043522E+00    2.269847E-04   -2.628992E-07
    1.045003E+00    2.252870E-04   -2.170721E-07
    1.046483E+00    2.236044E-04   -1.614866E-07
    1.047963E+00    2.219414E-04   -1.114473E-07
    1.049443E+00    2.202838E-04   -7.565970E-08
    1.050923E+00    2.186322E-04   -8.353343E-08
    1.052403E+00    2.169836E-04   -1.151219E-07
    1.053884E+00    2.153462E-04   -1.858480E-07
    1.055364E+00    2.137184E-04   -2.671224E-07
    1.056844E+00    2.121190E-04   -3.463553E-07
    1.058324E+00    2.105375E-04   -4.133701E-07
    1.059804E+00    2.089953E-04   -4.399109E-07
    1.061284E+00    2.074723E-04   -4.433747E-07
    1.062765E+00    2.059823E-04   -4.067164E-07
    1.064245E+00    2.045050E-04   -3.580320E-07
    1.065725E+00    2.030445E-04   -3.071253E-07
    1.067205E+00    2.015887E-04   -2.660371E-07
    1.068685E+00    2.001388E-04   -2.608410E-07
    1.070165E+00    1.986918E-04   -2.768879E-07
    1.071646E+00    1.972547E-04   -3.308739E-07
    1.073126E+00    1.958260E-04   -3.966781E-07
    1.074606E+00    1.944214E-04   -4.658826E-07
    1.076086E+00    1.930319E-04   -5.263357E-07
    1.077566E+00    1.916750E-04   -5.531102E-07
    1.079046E+00    1.903339E-04   -5.594023E-07
    1.080527E+00    1.890194E-04   -5.281729E-07
    1.082007E+00    1.877150E-04   -4.847689E-07
    1.083487E+00    1.864237E-04   -4.363198E-07
    1.084967E+00    1.851361E-04   -3.954588E-07
    1.086447E+00    1.838536E-04   -3.855293E-07
    1.087928E+00    1.825739E-04   -3.946662E-07
    1.089408E+00    1.813040E-04   -4.388509E-07
    1.090888E+00    1.800419E-04   -4.943759E-07
    1.092368E+00    1.788018E-04   -5.543368E-07
    1.093848E+00    1.775747E-04   -6.068987E-07
    1.095328E+00    1.763753E-04   -6.295490E-07
    1.096809E+00    1.751886E-04   -6.337505E-07
    1.098289E+00    1.740229E-04   -6.040257E-07
    1.099769E+00    1.728645E-04   -5.633645E-07
    1.101249E+00    1.717154E-04   -5.185944E-07
    1.102729E+00    1.705689E-04   -4.810438E-07
    1.104209E+00    1.694266E-04   -4.721784E-07
    1.105690E+00    1.682873E-04   -4.807205E-07
    1.107170E+00    1.671583E-04   -5.205676E-07
    1.108650E+00    1.660373E-04   -5.700509E-07
    1.110130E+00    1.649370E-04   -6.216403E-07
    1.111610E+00    1.638484E-04   -6.654965E-07
    1.113090E+00    1.627832E-04   -6.807127E-07
    1.114571E+00    1.617281E-04   -6.790223E-07
    1.116051E+00    1.606882E-04   -6.477409E-07
    1.117531E+00    1.596534E-04   -6.078559E-07
    1.119011E+00    1.586240E-04   -5.677629E-07
    1.120491E+00    1.575964E-04   -5.359528E-07
    1.121972E+00    1.565727E-04   -5.325307E-07
    1.123452E+00    1.555525E-04   -5.451134E-07
    1.124932E+00    1.545441E-04   -5.842432E-07
    1.126412E+00    1.535439E-04   -6.302067E-07
    1.127892E+00    1.525637E-04   -6.732405E-07
    1.129372E+00    1.515939E-04   -7.069994E-07
    1.130853E+00    1.506432E-04   -7.119674E-07
    1.132333E+00    1.496998E-04   -7.015531E-07
    1.133813E+00    1.487663E-04   -6.672029E-07
    1.135293E+00    1.478354E-04   -6.276931E-07
    1.136773E+00    1.469073E-04   -5.942700E-07
    1.138253E+00    1.459804E-04   -5.710881E-07
    1.139734E+00    1.450584E-04   -5.766151E-07
    1.141214E+00    1.441409E-04   -5.963760E-07
    1.142694E+00    1.432371E-04   -6.360885E-07
    1.144174E+00    1.423420E-04   -6.786651E-07
    1.145654E+00    1.414656E-04   -7.112112E-07
    1.147134E+00    1.405981E-04   -7.323872E-07
    1.148615E+00    1.397445E-04   -7.248613E-07
    1.150095E+00    1.388954E-04   -7.042457E-07
    1.151575E+00    1.380510E-04   -6.676857E-07
    1.153055E+00    1.372075E-04   -6.305821E-07
    1.154535E+00    1.363655E-04   -6.073832E-07
    1.156016E+00    1.355252E-04   -5.964492E-07
    1.157496E+00    1.346921E-04   -6.131692E-07
    1.158976E+00    1.338651E-04   -6.411100E-07
    1.160456E+00    1.330535E-04   -6.796028E-07
    1.161936E+00    1.322506E-04   -7.158979E-07
    1.163416E+00    1.314638E-04   -7.342855E-07
    1.164897E+00    1.306834E-04   -7.397104E-07
    1.166377E+00    1.299110E-04   -7.191037E-07
    1.167857E+00    1.291403E-04   -6.893947E-07
    1.169337E+00    1.283704E-04   -6.548146E-07
    1.170817E+00    1.276008E-04   -6.251443E-07
    1.172297E+00    1.268336E-04   -6.167760E-07
    1.173778E+00    1.260696E-04   -6.214321E-07
    1.175258E+00    1.253166E-04   -6.487569E-07
    1.176738E+00    1.245709E-04   -6.822309E-07
    1.178218E+00    1.238411E-04   -7.139108E-07
    1.179698E+00    1.231188E-04   -7.379766E-07
    1.181178E+00    1.224076E-04   -7.382065E-07
    1.182659E+00    1.216997E-04   -7.259696E-07
    1.184139E+00    1.209937E-04   -6.955563E-07
    1.185619E+00    1.202875E-04   -6.622846E-07
    1.187099E+00    1.195808E-04   -6.374620E-07
    1.188579E+00    1.188753E-04   -6.225255E-07
    1.190060E+00    1.181761E-04   -6.322350E-07
    1.191540E+00    1.174823E-04   -6.527317E-07
    1.193020E+00    1.168027E-04   -6.848487E-07
    1.194500E+00    1.161306E-04   -7.159762E-07
    1.195980E+00    1.154718E-04   -7.322485E-07
    1.197460E+00    1.148175E-04   -7.370827E-07
    1.198941E+00    1.141674E-04   -7.184655E-07
    1.200421E+00    1.135174E-04   -6.916554E-07
    1.201901E+00    1.128656E-04   -6.608483E-07
    1.203381E+00    1.122134E-04   -6.348473E-07
    1.204861E+00    1.115638E-04   -6.287713E-07
    1.206341E+00    1.109177E-04   -6.344664E-07
    1.207822E+00    1.102832E-04   -6.594859E-07
    1.209302E+00    1.096557E-04   -6.888733E-07
    1.210782E+00    1.090423E-04   -7.135826E-07
    1.212262E+00    1.084345E-04   -7.300602E-07
    1.213742E+00    1.078330E-04   -7.238359E-07
    1.215222E+00    1.072322E-04   -7.069632E-07
    1.216703E+00    1.066294E-04   -6.773833E-07
    1.218183E+00    1.060254E-04   -6.478797E-07
    1.219663E+00    1.054211E-04   -6.312508E-07
    1.221143E+00    1.048188E-04   -6.251669E-07
    1.222623E+00    1.042253E-04   -6.410867E-07
    1.224103E+00    1.036382E-04   -6.646854E-07
    1.225584E+00    1.030651E-04   -6.917691E-07
    1.227064E+00    1.024981E-04   -7.140924E-07
    1.228544E+00    1.019391E-04   -7.172277E-07
    1.230024E+00    1.013814E-04   -7.092752E-07
    1.231504E+00    1.008220E-04   -6.838991E-07
    1.232985E+00    1.002609E-04   -6.552350E-07
    1.234465E+00    9.969747E-05   -6.331121E-07
    1.235945E+00    9.913486E-05   -6.196211E-07
    1.237425E+00    9.857897E-05   -6.279112E-07
    1.238905E+00    9.802870E-05   -6.454611E-07
    1.240385E+00    9.749199E-05   -6.717000E-07
    1.241866E+00    9.696164E-05   -6.958470E-07
    1.243346E+00    9.644017E-05   -7.044819E-07
    1.244826E+00    9.592043E-05   -7.024927E-07
    1.246306E+00    9.539917E-05   -6.811933E-07
    1.247786E+00    9.487580E-05   -6.547100E-07
    1.249266E+00    9.434886E-05   -6.305616E-07
    1.250747E+00    9.382194E-05   -6.134773E-07
    1.252227E+00    9.330034E-05   -6.170490E-07
    1.253707E+00    9.278389E-05   -6.303838E-07
    1.255187E+00    9.228063E-05   -6.549127E-07
    1.256667E+00    9.178375E-05   -6.788246E-07
    1.258147E+00    9.129593E-05   -6.895743E-07
    1.259628E+00    9.080985E-05   -6.902376E-07
    1.261108E+00    9.032187E-05   -6.712664E-07
    1.262588E+00    8.983144E-05   -6.464410E-07
    1.264068E+00    8.933659E-05   -6.222560E-07
    1.265548E+00    8.884142E-05   -6.044271E-07
    1.267029E+00    8.835113E-05   -6.064763E-07
    1.268509E+00    8.786592E-05   -6.182240E-07
    1.269989E+00    8.739380E-05   -6.414531E-07
    1.271469E+00    8.692792E-05   -6.642778E-07
    1.272949E+00    8.647049E-05   -6.743473E-07
    1.274429E+00    8.601429E-05   -6.745361E-07
    1.275910E+00    8.555510E-05   -6.556328E-07
    1.277390E+00    8.509302E-05   -6.312508E-07
    1.278870E+00    8.462618E-05   -6.083564E-07
    1.280350E+00    8.415915E-05   -5.921249E-07
    1.281830E+00    8.369772E-05   -5.957305E-07
    1.283310E+00    8.324171E-05   -6.085493E-07
    1.284791E+00    8.279894E-05   -6.310436E-07
    1.286271E+00    8.236203E-05   -6.520821E-07
    1.287751E+00    8.193188E-05   -6.588065E-07
    1.289231E+00    8.150191E-05   -6.555499E-07
    1.290711E+00    8.106711E-05   -6.347502E-07
    1.292191E+00    8.062900E-05   -6.099624E-07
    1.293672E+00    8.018665E-05   -5.900426E-07
    1.295152E+00    7.974490E-05   -5.779720E-07
    1.296632E+00    7.931072E-05   -5.859171E-07
    1.298112E+00    7.895285E-05   -5.982197E-07
    1.299592E+00    7.888265E-05   -6.018747E-07
