   -2.414163E+00    6.374173E-08   -8.369829E-10
   -2.412683E+00    3.734591E-07   -5.678358E-09
   -2.411203E+00    7.331706E-07   -1.120765E-08
   -2.409722E+00    1.053782E-06   -1.361086E-08
   -2.408242E+00    1.356820E-06   -1.367202E-08
   -2.406762E+00    1.642454E-06   -9.367397E-09
   -2.405282E+00    1.931572E-06   -3.900307E-09
   -2.403802E+00    2.249031E-06    9.649536E-10
   -2.402322E+00    2.585709E-06    4.204464E-09
   -2.400841E+00    2.955871E-06    2.840755E-09
   -2.399361E+00    3.333835E-06   -6.039480E-10
   -2.397881E+00    3.703662E-06   -6.173212E-09
   -2.396401E+00    4.059213E-06   -1.138692E-08
   -2.394921E+00    4.376891E-06   -1.334893E-08
   -2.393441E+00    4.678220E-06   -1.304834E-08
   -2.391960E+00    4.964377E-06   -8.691115E-09
   -2.390480E+00    5.254493E-06   -3.309181E-09
   -2.389000E+00    5.572413E-06    1.365438E-09
   -2.387520E+00    5.908867E-06    4.459660E-09
   -2.386040E+00    6.277701E-06    3.152241E-09
   -2.384560E+00    6.654367E-06   -1.512596E-10
   -2.383079E+00    7.024311E-06   -5.562186E-09
   -2.381599E+00    7.381041E-06   -1.070208E-08
   -2.380119E+00    7.701546E-06   -1.286964E-08
   -2.378639E+00    8.005735E-06   -1.289383E-08
   -2.377159E+00    8.292798E-06   -8.907997E-09
   -2.375678E+00    8.582109E-06   -3.790058E-09
   -2.374198E+00    8.895731E-06    1.040689E-09
   -2.372718E+00    9.226936E-06    4.520467E-09
   -2.371238E+00    9.591396E-06    3.887502E-09
   -2.369758E+00    9.965564E-06    1.238100E-09
   -2.368278E+00    1.033847E-05   -3.923513E-09
   -2.366797E+00    1.070074E-05   -9.138376E-09
   -2.365317E+00    1.102941E-05   -1.203165E-08
   -2.363837E+00    1.134116E-05   -1.297167E-08
   -2.362357E+00    1.163076E-05   -9.821981E-09
   -2.360877E+00    1.191902E-05   -5.261783E-09
   -2.359397E+00    1.222483E-05   -1.310008E-10
   -2.357916E+00    1.254641E-05    4.073107E-09
   -2.356436E+00    1.290244E-05    4.674809E-09
   -2.354956E+00    1.327115E-05    3.234819E-09
   -2.353476E+00    1.364750E-05   -1.354884E-09
   -2.351996E+00    1.401755E-05   -6.513406E-09
   -2.350516E+00    1.435929E-05   -1.041815E-08
   -2.349035E+00    1.468394E-05   -1.272284E-08
   -2.347555E+00    1.498029E-05   -1.099355E-08
   -2.346075E+00    1.527024E-05   -7.525322E-09
   -2.344595E+00    1.556719E-05   -2.318363E-09
   -2.343115E+00    1.587628E-05    2.602264E-09
   -2.341634E+00    1.621869E-05    4.858303E-09
   -2.340154E+00    1.657665E-05    5.194864E-09
   -2.338674E+00    1.695315E-05    1.812558E-09
   -2.337194E+00    1.732960E-05   -2.749967E-09
   -2.335714E+00    1.768750E-05   -7.537500E-09
   -2.334234E+00    1.803006E-05   -1.133797E-08
   -2.332753E+00    1.834011E-05   -1.163281E-08
   -2.331273E+00    1.863837E-05   -9.995660E-09
   -2.329793E+00    1.892972E-05   -5.418334E-09
   -2.328313E+00    1.922704E-05   -3.132935E-10
   -2.326833E+00    1.955122E-05    3.635664E-09
   -2.325353E+00    1.989186E-05    6.100941E-09
   -2.323872E+00    2.026085E-05    4.767658E-09
   -2.322392E+00    2.063717E-05    1.736282E-09
   -2.320912E+00    2.100985E-05   -3.197899E-09
   -2.319432E+00    2.137224E-05   -8.034710E-09
   -2.317952E+00    2.170386E-05   -1.065136E-08
   -2.316472E+00    2.201996E-05   -1.150675E-08
   -2.314991E+00    2.231477E-05   -8.675391E-09
   -2.313511E+00    2.260717E-05   -4.509220E-09
   -2.312031E+00    2.291270E-05    4.672671E-10
   -2.310551E+00    2.323169E-05    4.799786E-09
   -2.309071E+00    2.358285E-05    6.172878E-09
   -2.307591E+00    2.394768E-05    5.702266E-09
   -2.306110E+00    2.432657E-05    1.973817E-09
   -2.304630E+00    2.470370E-05   -2.662475E-09
   -2.303150E+00    2.506105E-05   -7.113881E-09
   -2.301670E+00    2.540349E-05   -1.050528E-08
   -2.300190E+00    2.571548E-05   -1.050902E-08
   -2.298709E+00    2.601666E-05   -8.714602E-09
   -2.297229E+00    2.631168E-05   -4.231294E-09
   -2.295749E+00    2.661230E-05    7.313138E-10
   -2.294269E+00    2.693803E-05    4.643338E-09
   -2.292789E+00    2.727943E-05    7.195232E-09
   -2.291309E+00    2.764890E-05    6.198314E-09
   -2.289828E+00    2.802655E-05    3.552811E-09
   -2.288348E+00    2.840403E-05   -1.144351E-09
   -2.286868E+00    2.877327E-05   -5.937989E-09
   -2.285388E+00    2.911483E-05   -9.014183E-09
   -2.283908E+00    2.944115E-05   -1.053855E-08
   -2.282428E+00    2.974345E-05   -8.513480E-09
   -2.280947E+00    3.004056E-05   -5.025334E-09
   -2.279467E+00    3.034403E-05   -1.061802E-10
   -2.277987E+00    3.065810E-05    4.573754E-09
   -2.276507E+00    3.100194E-05    7.024176E-09
   -2.275027E+00    3.136058E-05    7.820373E-09
   -2.273547E+00    3.174000E-05    5.208566E-09
   -2.272066E+00    3.212241E-05    1.342167E-09
   -2.270586E+00    3.249439E-05   -3.404921E-09
   -2.269106E+00    3.285457E-05   -7.652034E-09
   -2.267626E+00    3.318493E-05   -9.316063E-09
   -2.266146E+00    3.350169E-05   -9.276796E-09
   -2.264665E+00    3.380176E-05   -6.004551E-09
   -2.263185E+00    3.410119E-05   -1.672239E-09
   -2.261705E+00    3.441510E-05    3.061219E-09
   -2.260225E+00    3.474207E-05    7.084775E-09
   -2.258745E+00    3.509933E-05    8.289248E-09
   -2.257265E+00    3.546953E-05    7.791895E-09
   -2.255784E+00    3.585391E-05    4.277681E-09
   -2.254304E+00    3.623759E-05   -1.244418E-10
   -2.252824E+00    3.660481E-05   -4.561877E-09
   -2.251344E+00    3.695869E-05   -8.143831E-09
   -2.249864E+00    3.728331E-05   -8.757749E-09
   -2.248384E+00    3.759618E-05   -7.681431E-09
   -2.246903E+00    3.789797E-05   -3.769709E-09
   -2.245423E+00    3.820200E-05    8.892532E-10
   -2.243943E+00    3.852487E-05    5.291758E-09
   -2.242463E+00    3.886172E-05    8.732929E-09
   -2.240983E+00    3.922794E-05    9.131524E-09
   -2.239503E+00    3.960552E-05    7.873298E-09
   -2.238022E+00    3.999301E-05    3.945602E-09
   -2.236542E+00    4.037775E-05   -6.284074E-10
   -2.235062E+00    4.074325E-05   -4.765851E-09
   -2.233582E+00    4.109496E-05   -7.882109E-09
   -2.232102E+00    4.141848E-05   -7.915496E-09
   -2.230621E+00    4.173147E-05   -6.312488E-09
   -2.229141E+00    4.203638E-05   -2.145461E-09
   -2.227661E+00    4.234485E-05    2.600606E-09
   -2.226181E+00    4.267377E-05    6.792755E-09
   -2.224701E+00    4.301684E-05    9.932953E-09
   -2.223221E+00    4.338847E-05    9.996902E-09
   -2.221740E+00    4.377072E-05    8.452420E-09
   -2.220260E+00    4.416133E-05    4.412640E-09
   -2.218780E+00    4.454860E-05   -1.814127E-10
   -2.217300E+00    4.491617E-05   -4.203531E-09
   -2.215820E+00    4.527004E-05   -7.177084E-09
   -2.214340E+00    4.559626E-05   -7.091448E-09
   -2.212859E+00    4.591226E-05   -5.404951E-09
   -2.211379E+00    4.622047E-05   -1.228185E-09
   -2.209899E+00    4.653220E-05    3.508965E-09
   -2.208419E+00    4.686395E-05    7.709141E-09
   -2.206939E+00    4.720962E-05    1.088801E-08
   -2.205459E+00    4.758370E-05    1.106330E-08
   -2.203978E+00    4.796861E-05    9.650954E-09
   -2.202498E+00    4.836291E-05    5.719079E-09
   -2.201018E+00    4.875460E-05    1.181998E-09
   -2.199538E+00    4.912801E-05   -2.943781E-09
   -2.198058E+00    4.948818E-05   -6.107309E-09
   -2.196577E+00    4.982064E-05   -6.335085E-09
   -2.195097E+00    5.014228E-05   -4.971606E-09
   -2.193617E+00    5.045398E-05   -1.004798E-09
   -2.192137E+00    5.076788E-05    3.638852E-09
   -2.190657E+00    5.109948E-05    8.044756E-09
   -2.189177E+00    5.144435E-05    1.157126E-08
   -2.187696E+00    5.181790E-05    1.227547E-08
   -2.186216E+00    5.220326E-05    1.139810E-08
   -2.184736E+00    5.260132E-05    7.819536E-09
   -2.183256E+00    5.299873E-05    3.462484E-09
   -2.181776E+00    5.338128E-05   -9.151872E-10
   -2.180296E+00    5.375158E-05   -4.532871E-09
   -2.178815E+00    5.409407E-05   -5.475307E-09
   -2.177335E+00    5.442453E-05   -4.841324E-09
   -2.175855E+00    5.474087E-05   -1.373939E-09
   -2.174375E+00    5.505691E-05    2.994233E-09
   -2.172895E+00    5.538615E-05    7.684866E-09
   -2.171415E+00    5.572727E-05    1.176084E-08
   -2.169934E+00    5.609690E-05    1.336990E-08
   -2.168454E+00    5.647969E-05    1.343529E-08
   -2.166974E+00    5.688017E-05    1.055760E-08
   -2.165494E+00    5.728307E-05    6.642874E-09
   -2.164014E+00    5.767693E-05    2.032531E-09
   -2.162534E+00    5.806051E-05   -2.151108E-09
   -2.161053E+00    5.841719E-05   -4.142610E-09
   -2.159573E+00    5.876062E-05   -4.638809E-09
   -2.158093E+00    5.908453E-05   -2.082605E-09
   -2.156613E+00    5.940461E-05    1.655896E-09
   -2.155133E+00    5.973085E-05    6.494839E-09
   -2.153652E+00    6.006637E-05    1.112064E-08
   -2.152172E+00    6.042849E-05    1.390455E-08
   -2.150692E+00    6.080474E-05    1.528578E-08
   -2.149212E+00    6.120424E-05    1.357783E-08
   -2.147732E+00    6.161013E-05    1.055489E-08
   -2.146252E+00    6.201536E-05    5.991300E-09
   -2.144771E+00    6.241370E-05    1.386461E-09
   -2.143291E+00    6.278860E-05   -1.822712E-09
   -2.141811E+00    6.314981E-05   -3.762183E-09
   -2.140331E+00    6.348638E-05   -2.627770E-09
   -2.138851E+00    6.381499E-05   -5.765457E-11
   -2.137371E+00    6.414028E-05    4.495587E-09
   -2.135890E+00    6.447067E-05    9.361583E-09
   -2.134410E+00    6.482245E-05    1.335288E-08
   -2.132930E+00    6.518806E-05    1.626348E-08
   -2.131450E+00    6.558118E-05    1.624010E-08
   -2.129970E+00    6.598481E-05    1.470887E-08
   -2.128490E+00    6.639819E-05    1.078617E-08
   -2.127009E+00    6.680974E-05    6.259105E-09
   -2.125529E+00    6.720520E-05    1.988631E-09
   -2.124049E+00    6.758836E-05   -1.450449E-09
   -2.122569E+00    6.794427E-05   -2.208532E-09
   -2.121089E+00    6.828847E-05   -1.430351E-09
   -2.119608E+00    6.861863E-05    2.094234E-09
   -2.118128E+00    6.894814E-05    6.509482E-09
   -2.116648E+00    6.928953E-05    1.133055E-08
   -2.115168E+00    6.964213E-05    1.562257E-08
   -2.113688E+00    7.002265E-05    1.764221E-08
   -2.112208E+00    7.041674E-05    1.818145E-08
   -2.110727E+00    7.083111E-05    1.575057E-08
   -2.109247E+00    7.124992E-05    1.216891E-08
   -2.107767E+00    7.166436E-05    7.478720E-09
   -2.106287E+00    7.207057E-05    2.957418E-09
   -2.104807E+00    7.245208E-05    1.445884E-10
   -2.103327E+00    7.282000E-05   -1.322846E-09
   -2.101846E+00    7.316459E-05    2.696929E-10
   -2.100366E+00    7.350214E-05    3.228291E-09
   -2.098886E+00    7.383815E-05    7.970971E-09
   -2.097406E+00    7.417991E-05    1.293095E-08
   -2.095926E+00    7.454373E-05    1.688271E-08
   -2.094446E+00    7.492146E-05    1.972487E-08
   -2.092965E+00    7.532663E-05    1.963783E-08
   -2.091485E+00    7.574234E-05    1.805898E-08
   -2.090005E+00    7.616821E-05    1.410681E-08
   -2.088525E+00    7.659264E-05    9.537137E-09
   -2.087045E+00    7.700192E-05    5.146399E-09
   -2.085564E+00    7.739925E-05    1.533121E-09
   -2.084084E+00    7.776940E-05    5.064562E-10
   -2.082604E+00    7.812739E-05    1.001554E-09
   -2.081124E+00    7.846943E-05    4.320427E-09
   -2.079644E+00    7.880952E-05    8.628180E-09
   -2.078164E+00    7.915872E-05    1.363202E-08
   -2.076683E+00    7.951806E-05    1.826824E-08
   -2.075203E+00    7.990453E-05    2.090404E-08
   -2.073723E+00    8.030509E-05    2.212777E-08
   -2.072243E+00    8.072887E-05    2.032146E-08
   -2.070763E+00    8.115931E-05    1.722699E-08
   -2.069283E+00    8.159045E-05    1.256979E-08
   -2.067802E+00    8.201560E-05    7.808252E-09
   -2.066322E+00    8.241891E-05    4.239518E-09
   -2.064842E+00    8.280878E-05    1.839514E-09
   -2.063362E+00    8.317273E-05    2.415131E-09
   -2.061882E+00    8.352707E-05    4.474670E-09
   -2.060402E+00    8.387315E-05    8.850683E-09
   -2.058921E+00    8.422156E-05    1.380920E-08
   -2.057441E+00    8.458667E-05    1.853281E-08
   -2.055961E+00    8.496443E-05    2.246618E-08
   -2.054481E+00    8.537086E-05    2.381552E-08
   -2.053001E+00    8.579029E-05    2.364777E-08
   -2.051520E+00    8.622772E-05    2.064187E-08
   -2.050040E+00    8.666828E-05    1.661633E-08
   -2.048560E+00    8.710222E-05    1.178407E-08
   -2.047080E+00    8.752717E-05    7.251377E-09
   -2.045600E+00    8.792678E-05    4.599358E-09
   -2.044120E+00    8.831277E-05    3.329960E-09
   -2.042639E+00    8.867557E-05    5.124417E-09
   -2.041159E+00    8.903132E-05    8.275260E-09
   -2.039679E+00    8.938515E-05    1.321380E-08
   -2.038199E+00    8.974440E-05    1.839571E-08
   -2.036719E+00    9.012513E-05    2.266395E-08
   -2.035239E+00    9.051974E-05    2.587261E-08
   -2.033758E+00    9.094278E-05    2.620185E-08
   -2.032278E+00    9.137746E-05    2.501163E-08
   -2.030798E+00    9.182560E-05    2.125471E-08
   -2.029318E+00    9.227422E-05    1.671712E-08
   -2.027838E+00    9.271130E-05    1.194917E-08
   -2.026358E+00    9.313761E-05    7.756943E-09
   -2.024877E+00    9.353702E-05    5.862192E-09
   -2.023397E+00    9.392315E-05    5.451871E-09
   -2.021917E+00    9.428872E-05    8.066584E-09
   -2.020437E+00    9.464919E-05    1.190845E-08
   -2.018957E+00    9.501212E-05    1.712674E-08
   -2.017476E+00    9.538243E-05    2.235318E-08
   -2.015996E+00    9.577694E-05    2.623518E-08
   -2.014516E+00    9.618589E-05    2.890358E-08
   -2.013036E+00    9.662260E-05    2.855915E-08
   -2.011556E+00    9.706991E-05    2.672239E-08
   -2.010076E+00    9.752764E-05    2.253566E-08
   -2.008595E+00    9.798424E-05    1.773028E-08
   -2.007115E+00    9.842646E-05    1.305380E-08
   -2.005635E+00    9.885697E-05    9.113606E-09
   -2.004155E+00    9.925995E-05    7.694198E-09
   -2.002675E+00    9.964996E-05    7.804491E-09
   -2.001195E+00    1.000210E-04    1.089265E-08
   -1.999714E+00    1.003881E-04    1.512720E-08
   -1.998234E+00    1.007600E-04    2.050612E-08
   -1.996754E+00    1.011403E-04    2.576835E-08
   -1.995274E+00    1.015461E-04    2.946859E-08
   -1.993794E+00    1.019666E-04    3.188101E-08
   -1.992314E+00    1.024146E-04    3.121945E-08
   -1.990833E+00    1.028728E-04    2.907795E-08
   -1.989353E+00    1.033403E-04    2.467934E-08
   -1.987873E+00    1.038059E-04    1.972842E-08
   -1.986393E+00    1.042561E-04    1.504781E-08
   -1.984913E+00    1.046943E-04    1.116502E-08
   -1.983433E+00    1.051045E-04    9.889964E-09
   -1.981952E+00    1.055018E-04    1.016694E-08
   -1.980472E+00    1.058804E-04    1.342861E-08
   -1.978992E+00    1.062552E-04    1.782687E-08
   -1.977512E+00    1.066352E-04    2.333695E-08
   -1.976032E+00    1.070237E-04    2.871306E-08
   -1.974551E+00    1.074381E-04    3.249589E-08
   -1.973071E+00    1.078675E-04    3.497642E-08
   -1.971591E+00    1.083248E-04    3.435097E-08
   -1.970111E+00    1.087925E-04    3.222472E-08
   -1.968631E+00    1.092702E-04    2.778589E-08
   -1.967151E+00    1.097465E-04    2.276097E-08
   -1.965670E+00    1.102078E-04    1.793560E-08
   -1.964190E+00    1.106572E-04    1.387874E-08
   -1.962710E+00    1.110785E-04    1.240156E-08
   -1.961230E+00    1.114864E-04    1.248602E-08
   -1.959750E+00    1.118745E-04    1.563093E-08
   -1.958270E+00    1.122579E-04    1.997729E-08
   -1.956789E+00    1.126451E-04    2.560291E-08
   -1.955309E+00    1.130401E-04    3.118287E-08
   -1.953829E+00    1.134604E-04    3.531970E-08
   -1.952349E+00    1.138957E-04    3.819832E-08
   -1.950869E+00    1.143602E-04    3.796989E-08
   -1.949389E+00    1.148361E-04    3.618949E-08
   -1.947908E+00    1.153244E-04    3.190062E-08
   -1.946428E+00    1.158126E-04    2.689504E-08
   -1.944948E+00    1.162881E-04    2.180761E-08
   -1.943468E+00    1.167523E-04    1.736523E-08
   -1.941988E+00    1.171885E-04    1.534398E-08
   -1.940507E+00    1.176108E-04    1.486980E-08
   -1.939027E+00    1.180107E-04    1.757476E-08
   -1.937547E+00    1.184044E-04    2.160912E-08
   -1.936067E+00    1.187982E-04    2.727604E-08
   -1.934587E+00    1.191985E-04    3.309126E-08
   -1.933107E+00    1.196221E-04    3.781154E-08
   -1.931626E+00    1.200605E-04    4.139218E-08
   -1.930146E+00    1.205294E-04    4.193793E-08
   -1.928666E+00    1.210113E-04    4.087280E-08
   -1.927186E+00    1.215098E-04    3.700177E-08
   -1.925706E+00    1.220104E-04    3.219844E-08
   -1.924226E+00    1.225025E-04    2.682318E-08
   -1.922745E+00    1.229848E-04    2.186416E-08
   -1.921265E+00    1.234401E-04    1.899197E-08
   -1.919785E+00    1.238808E-04    1.759773E-08
   -1.918305E+00    1.242960E-04    1.947880E-08
   -1.916825E+00    1.247026E-04    2.285174E-08
   -1.915345E+00    1.251040E-04    2.835986E-08
   -1.913864E+00    1.255092E-04    3.431226E-08
   -1.912384E+00    1.259339E-04    3.974150E-08
   -1.910904E+00    1.263727E-04    4.425182E-08
   -1.909424E+00    1.268428E-04    4.594894E-08
   -1.907944E+00    1.273276E-04    4.601049E-08
   -1.906463E+00    1.278344E-04    4.294330E-08
   -1.904983E+00    1.283465E-04    3.867003E-08
   -1.903503E+00    1.288565E-04    3.314546E-08
   -1.902023E+00    1.293590E-04    2.769255E-08
   -1.900543E+00    1.298374E-04    2.375717E-08
   -1.899063E+00    1.303012E-04    2.113149E-08
   -1.897582E+00    1.307363E-04    2.175118E-08
   -1.896102E+00    1.311601E-04    2.401016E-08
   -1.894622E+00    1.315716E-04    2.898072E-08
   -1.893142E+00    1.319833E-04    3.477532E-08
   -1.891662E+00    1.324083E-04    4.085304E-08
   -1.890182E+00    1.328454E-04    4.636389E-08
   -1.888701E+00    1.333131E-04    4.952953E-08
   -1.887221E+00    1.337969E-04    5.112864E-08
   -1.885741E+00    1.343082E-04    4.937144E-08
   -1.884261E+00    1.348288E-04    4.612651E-08
   -1.882781E+00    1.353556E-04    4.082339E-08
   -1.881301E+00    1.358790E-04    3.513656E-08
   -1.879820E+00    1.363835E-04    3.011664E-08
   -1.878340E+00    1.368746E-04    2.609066E-08
   -1.876860E+00    1.373354E-04    2.502187E-08
   -1.875380E+00    1.377824E-04    2.565231E-08
   -1.873900E+00    1.382090E-04    2.951294E-08
   -1.872419E+00    1.386313E-04    3.461427E-08
   -1.870939E+00    1.390580E-04    4.100215E-08
   -1.869459E+00    1.394933E-04    4.732026E-08
   -1.867979E+00    1.399555E-04    5.209675E-08
   -1.866499E+00    1.404339E-04    5.553814E-08
   -1.865019E+00    1.409444E-04    5.565346E-08
   -1.863538E+00    1.414681E-04    5.407177E-08
   -1.862058E+00    1.420080E-04    4.962787E-08
   -1.860578E+00    1.425496E-04    4.427243E-08
   -1.859098E+00    1.430814E-04    3.845914E-08
   -1.857618E+00    1.436025E-04    3.314319E-08
   -1.856138E+00    1.440949E-04    3.010595E-08
   -1.854657E+00    1.445718E-04    2.865192E-08
   -1.853177E+00    1.450214E-04    3.069662E-08
   -1.851697E+00    1.454614E-04    3.434872E-08
   -1.850217E+00    1.458946E-04    4.036427E-08
   -1.848737E+00    1.463311E-04    4.692715E-08
   -1.847257E+00    1.467868E-04    5.312219E-08
   -1.845776E+00    1.472569E-04    5.843359E-08
   -1.844296E+00    1.477603E-04    6.088557E-08
   -1.842816E+00    1.482801E-04    6.161014E-08
   -1.841336E+00    1.488260E-04    5.888395E-08
   -1.839856E+00    1.493798E-04    5.473395E-08
   -1.838376E+00    1.499358E-04    4.883565E-08
   -1.836895E+00    1.504863E-04    4.276695E-08
   -1.835415E+00    1.510144E-04    3.783108E-08
   -1.833935E+00    1.515276E-04    3.410408E-08
   -1.832455E+00    1.520093E-04    3.366684E-08
   -1.830975E+00    1.524770E-04    3.502720E-08
   -1.829494E+00    1.529257E-04    3.966621E-08
   -1.828014E+00    1.533710E-04    4.550201E-08
   -1.826534E+00    1.538233E-04    5.243072E-08
   -1.825054E+00    1.542855E-04    5.916029E-08
   -1.823574E+00    1.547772E-04    6.406701E-08
   -1.822094E+00    1.552860E-04    6.750551E-08
   -1.820613E+00    1.558284E-04    6.739478E-08
   -1.819133E+00    1.563845E-04    6.550553E-08
   -1.817653E+00    1.569570E-04    6.065825E-08
   -1.816173E+00    1.575311E-04    5.488479E-08
   -1.814693E+00    1.580946E-04    4.868553E-08
   -1.813213E+00    1.586470E-04    4.302674E-08
   -1.811732E+00    1.591692E-04    3.977979E-08
   -1.810252E+00    1.596753E-04    3.820224E-08
   -1.808772E+00    1.601521E-04    4.032607E-08
   -1.807292E+00    1.606186E-04    4.416740E-08
   -1.805812E+00    1.610767E-04    5.059204E-08
   -1.804332E+00    1.615376E-04    5.766196E-08
   -1.802851E+00    1.620173E-04    6.450831E-08
   -1.801371E+00    1.625116E-04    7.050351E-08
   -1.799891E+00    1.630409E-04    7.360246E-08
   -1.798411E+00    1.635878E-04    7.489897E-08
   -1.796931E+00    1.641641E-04    7.248577E-08
   -1.795450E+00    1.647501E-04    6.847631E-08
   -1.793970E+00    1.653420E-04    6.232874E-08
   -1.792490E+00    1.659297E-04    5.582105E-08
   -1.791010E+00    1.664966E-04    5.013954E-08
   -1.789530E+00    1.670487E-04    4.557962E-08
   -1.788050E+00    1.675674E-04    4.431227E-08
   -1.786569E+00    1.680704E-04    4.494288E-08
   -1.785089E+00    1.685497E-04    4.923945E-08
   -1.783609E+00    1.690230E-04    5.499708E-08
   -1.782129E+00    1.694984E-04    6.244243E-08
   -1.780649E+00    1.699819E-04    6.997217E-08
   -1.779169E+00    1.704930E-04    7.612062E-08
   -1.777688E+00    1.710218E-04    8.091655E-08
   -1.776208E+00    1.715873E-04    8.212897E-08
   -1.774728E+00    1.721692E-04    8.140545E-08
   -1.773248E+00    1.727746E-04    7.715982E-08
   -1.771768E+00    1.733852E-04    7.161914E-08
   -1.770288E+00    1.739921E-04    6.485191E-08
   -1.768807E+00    1.745901E-04    5.825813E-08
   -1.767327E+00    1.751601E-04    5.353716E-08
   -1.765847E+00    1.757132E-04    5.036591E-08
   -1.764367E+00    1.762326E-04    5.101727E-08
   -1.762887E+00    1.767380E-04    5.362855E-08
   -1.761406E+00    1.772263E-04    5.961208E-08
   -1.759926E+00    1.777128E-04    6.672966E-08
   -1.758446E+00    1.782106E-04    7.463548E-08
   -1.756966E+00    1.787206E-04    8.212906E-08
   -1.755486E+00    1.792644E-04    8.731657E-08
   -1.754006E+00    1.798273E-04    9.079660E-08
   -1.752525E+00    1.804265E-04    9.030568E-08
   -1.751045E+00    1.810402E-04    8.787302E-08
   -1.749565E+00    1.816711E-04    8.227512E-08
   -1.748085E+00    1.823033E-04    7.571219E-08
   -1.746605E+00    1.829236E-04    6.877451E-08
   -1.745125E+00    1.835317E-04    6.246236E-08
   -1.743644E+00    1.841069E-04    5.883478E-08
   -1.742164E+00    1.846643E-04    5.705318E-08
   -1.740684E+00    1.851893E-04    5.937835E-08
   -1.739204E+00    1.857023E-04    6.363270E-08
   -1.737724E+00    1.862044E-04    7.087118E-08
   -1.736244E+00    1.867086E-04    7.892177E-08
   -1.734763E+00    1.872313E-04    8.697025E-08
   -1.733283E+00    1.877693E-04    9.420249E-08
   -1.731803E+00    1.883452E-04    9.843003E-08
   -1.730323E+00    1.889408E-04    1.007082E-07
   -1.728843E+00    1.895714E-04    9.881474E-08
   -1.727362E+00    1.902145E-04    9.503208E-08
   -1.725882E+00    1.908692E-04    8.846957E-08
   -1.724402E+00    1.915220E-04    8.124116E-08
   -1.722922E+00    1.921566E-04    7.435077E-08
   -1.721442E+00    1.927765E-04    6.844293E-08
   -1.719962E+00    1.933605E-04    6.582474E-08
   -1.718481E+00    1.939263E-04    6.525548E-08
   -1.717001E+00    1.944613E-04    6.894332E-08
   -1.715521E+00    1.949863E-04    7.450034E-08
   -1.714041E+00    1.955056E-04    8.267915E-08
   -1.712561E+00    1.960299E-04    9.139988E-08
   -1.711081E+00    1.965783E-04    9.948935E-08
   -1.709600E+00    1.971442E-04    1.064531E-07
   -1.708120E+00    1.977507E-04    1.098966E-07
   -1.706640E+00    1.983774E-04    1.112212E-07
   -1.705160E+00    1.990376E-04    1.082560E-07
   -1.703680E+00    1.997089E-04    1.034574E-07
   -1.702200E+00    2.003874E-04    9.619493E-08
   -1.700719E+00    2.010616E-04    8.849948E-08
   -1.699239E+00    2.017131E-04    8.168299E-08
   -1.697759E+00    2.023481E-04    7.611555E-08
   -1.696279E+00    2.029450E-04    7.428424E-08
   -1.694799E+00    2.035235E-04    7.465062E-08
   -1.693318E+00    2.040725E-04    7.938520E-08
   -1.691838E+00    2.046128E-04    8.594731E-08
   -1.690358E+00    2.051513E-04    9.487478E-08
   -1.688878E+00    2.056967E-04    1.041523E-07
   -1.687398E+00    2.062704E-04    1.123490E-07
   -1.685918E+00    2.068631E-04    1.191965E-07
   -1.684437E+00    2.074987E-04    1.221422E-07
   -1.682957E+00    2.081547E-04    1.228367E-07
   -1.681477E+00    2.088437E-04    1.191241E-07
   -1.679997E+00    2.095429E-04    1.135976E-07
   -1.678517E+00    2.102466E-04    1.057899E-07
   -1.677037E+00    2.109444E-04    9.769573E-08
   -1.675556E+00    2.116165E-04    9.083844E-08
   -1.674076E+00    2.122708E-04    8.541539E-08
   -1.672596E+00    2.128852E-04    8.406030E-08
   -1.671116E+00    2.134808E-04    8.502828E-08
   -1.669636E+00    2.140472E-04    9.050528E-08
   -1.668156E+00    2.146056E-04    9.781915E-08
   -1.666675E+00    2.151641E-04    1.073998E-07
   -1.665195E+00    2.157309E-04    1.172325E-07
   -1.663715E+00    2.163285E-04    1.257219E-07
   -1.662235E+00    2.169465E-04    1.327159E-07
   -1.660755E+00    2.176092E-04    1.355247E-07
   -1.659275E+00    2.182931E-04    1.359618E-07
   -1.657794E+00    2.190106E-04    1.318205E-07
   -1.656314E+00    2.197381E-04    1.258229E-07
   -1.654834E+00    2.204694E-04    1.175510E-07
   -1.653354E+00    2.211941E-04    1.090397E-07
   -1.651874E+00    2.218913E-04    1.019322E-07
   -1.650393E+00    2.225697E-04    9.636795E-08
   -1.648913E+00    2.232065E-04    9.511499E-08
   -1.647433E+00    2.238237E-04    9.630566E-08
   -1.645953E+00    2.244107E-04    1.022181E-07
   -1.644473E+00    2.249896E-04    1.100483E-07
   -1.642993E+00    2.255686E-04    1.202390E-07
   -1.641512E+00    2.261563E-04    1.306895E-07
   -1.640032E+00    2.267762E-04    1.397320E-07
   -1.638552E+00    2.274173E-04    1.472095E-07
   -1.637072E+00    2.281053E-04    1.503018E-07
   -1.635592E+00    2.288156E-04    1.509024E-07
   -1.634112E+00    2.295614E-04    1.466704E-07
   -1.632631E+00    2.303182E-04    1.404622E-07
   -1.631151E+00    2.310798E-04    1.317829E-07
   -1.629671E+00    2.318350E-04    1.228003E-07
   -1.628191E+00    2.325624E-04    1.151810E-07
   -1.626711E+00    2.332705E-04    1.091341E-07
   -1.625231E+00    2.339350E-04    1.075542E-07
   -1.623750E+00    2.345789E-04    1.085381E-07
   -1.622270E+00    2.351901E-04    1.145439E-07
   -1.620790E+00    2.357918E-04    1.226301E-07
   -1.619310E+00    2.363918E-04    1.333860E-07
   -1.617830E+00    2.370000E-04    1.445272E-07
   -1.616349E+00    2.376402E-04    1.544156E-07
   -1.614869E+00    2.383022E-04    1.627553E-07
   -1.613389E+00    2.390132E-04    1.666067E-07
   -1.611909E+00    2.397478E-04    1.678502E-07
   -1.610429E+00    2.405218E-04    1.639225E-07
   -1.608949E+00    2.413084E-04    1.578163E-07
   -1.607468E+00    2.421031E-04    1.488205E-07
   -1.605988E+00    2.428928E-04    1.393339E-07
   -1.604508E+00    2.436559E-04    1.309344E-07
   -1.603028E+00    2.443995E-04    1.240411E-07
   -1.601548E+00    2.450979E-04    1.216544E-07
   -1.600068E+00    2.457741E-04    1.219401E-07
   -1.598587E+00    2.464136E-04    1.276218E-07
   -1.597107E+00    2.470415E-04    1.356274E-07
   -1.595627E+00    2.476635E-04    1.468392E-07
   -1.594147E+00    2.482920E-04    1.586919E-07
   -1.592667E+00    2.489507E-04    1.697027E-07
   -1.591187E+00    2.496311E-04    1.792878E-07
   -1.589706E+00    2.503622E-04    1.844225E-07
   -1.588226E+00    2.511189E-04    1.868562E-07
   -1.586746E+00    2.519197E-04    1.837248E-07
   -1.585266E+00    2.527362E-04    1.781375E-07
   -1.583786E+00    2.535664E-04    1.690167E-07
   -1.582305E+00    2.543940E-04    1.590827E-07
   -1.580825E+00    2.551983E-04    1.496835E-07
   -1.579345E+00    2.559837E-04    1.416026E-07
   -1.577865E+00    2.567229E-04    1.378928E-07
   -1.576385E+00    2.574381E-04    1.369232E-07
   -1.574905E+00    2.581115E-04    1.417502E-07
   -1.573424E+00    2.587700E-04    1.492107E-07
   -1.571944E+00    2.594162E-04    1.606344E-07
   -1.570464E+00    2.600659E-04    1.730943E-07
   -1.568984E+00    2.607416E-04    1.854224E-07
   -1.567504E+00    2.614380E-04    1.965863E-07
   -1.566024E+00    2.621861E-04    2.035528E-07
   -1.564543E+00    2.629615E-04    2.077866E-07
   -1.563063E+00    2.637871E-04    2.060725E-07
   -1.561583E+00    2.646319E-04    2.015734E-07
   -1.560103E+00    2.654988E-04    1.926914E-07
   -1.558623E+00    2.663667E-04    1.825335E-07
   -1.557143E+00    2.672173E-04    1.720396E-07
   -1.555662E+00    2.680508E-04    1.625199E-07
   -1.554182E+00    2.688383E-04    1.569722E-07
   -1.552702E+00    2.696004E-04    1.541445E-07
   -1.551222E+00    2.703149E-04    1.574518E-07
   -1.549742E+00    2.710106E-04    1.637336E-07
   -1.548261E+00    2.716849E-04    1.749181E-07
   -1.546781E+00    2.723584E-04    1.876733E-07
   -1.545301E+00    2.730508E-04    2.013446E-07
   -1.543821E+00    2.737617E-04    2.142887E-07
   -1.542341E+00    2.745232E-04    2.236043E-07
   -1.540861E+00    2.753133E-04    2.302732E-07
   -1.539380E+00    2.761598E-04    2.307334E-07
   -1.537900E+00    2.770300E-04    2.280738E-07
   -1.536420E+00    2.779325E-04    2.200365E-07
   -1.534940E+00    2.788416E-04    2.101293E-07
   -1.533460E+00    2.797424E-04    1.986689E-07
   -1.531980E+00    2.806294E-04    1.876460E-07
   -1.530499E+00    2.814732E-04    1.798248E-07
   -1.529019E+00    2.822911E-04    1.745503E-07
   -1.527539E+00    2.830557E-04    1.755517E-07
   -1.526059E+00    2.837973E-04    1.798398E-07
   -1.524579E+00    2.845065E-04    1.900639E-07
   -1.523099E+00    2.852091E-04    2.025114E-07
   -1.521618E+00    2.859198E-04    2.172727E-07
   -1.520138E+00    2.866452E-04    2.319526E-07
   -1.518658E+00    2.874169E-04    2.440015E-07
   -1.517178E+00    2.882176E-04    2.536802E-07
   -1.515698E+00    2.890796E-04    2.571690E-07
   -1.514218E+00    2.899699E-04    2.572719E-07
   -1.512737E+00    2.909048E-04    2.509761E-07
   -1.511257E+00    2.918529E-04    2.421211E-07
   -1.509777E+00    2.928056E-04    2.301621E-07
   -1.508297E+00    2.937498E-04    2.178868E-07
   -1.506817E+00    2.946575E-04    2.075630E-07
   -1.505336E+00    2.955400E-04    1.993824E-07
   -1.503856E+00    2.963659E-04    1.972417E-07
   -1.502376E+00    2.971645E-04    1.985804E-07
   -1.500896E+00    2.979186E-04    2.068245E-07
   -1.499416E+00    2.986590E-04    2.180077E-07
   -1.497936E+00    2.993932E-04    2.332062E-07
   -1.496455E+00    3.001358E-04    2.491913E-07
   -1.494975E+00    3.009163E-04    2.640700E-07
   -1.493495E+00    3.017238E-04    2.771246E-07
   -1.492015E+00    3.025951E-04    2.844853E-07
   -1.490535E+00    3.034986E-04    2.883685E-07
   -1.489055E+00    3.044593E-04    2.850005E-07
   -1.487574E+00    3.054409E-04    2.783649E-07
   -1.486094E+00    3.064438E-04    2.668289E-07
   -1.484614E+00    3.074457E-04    2.540096E-07
   -1.483134E+00    3.084228E-04    2.413383E-07
   -1.481654E+00    3.093780E-04    2.301019E-07
   -1.480174E+00    3.102769E-04    2.240847E-07
   -1.478693E+00    3.111456E-04    2.215006E-07
   -1.477213E+00    3.119582E-04    2.264888E-07
   -1.475733E+00    3.127493E-04    2.350925E-07
   -1.474253E+00    3.135166E-04    2.495753E-07
   -1.472773E+00    3.142837E-04    2.659071E-07
   -1.471292E+00    3.150746E-04    2.832247E-07
   -1.469812E+00    3.158881E-04    2.996007E-07
   -1.468332E+00    3.167625E-04    3.114669E-07
   -1.466852E+00    3.176715E-04    3.200686E-07
   -1.465372E+00    3.186485E-04    3.210123E-07
   -1.463892E+00    3.196545E-04    3.180883E-07
   -1.462411E+00    3.207010E-04    3.084203E-07
   -1.460931E+00    3.217564E-04    2.963463E-07
   -1.459451E+00    3.228046E-04    2.820745E-07
   -1.457971E+00    3.238374E-04    2.681758E-07
   -1.456491E+00    3.248205E-04    2.578959E-07
   -1.455011E+00    3.257727E-04    2.506277E-07
   -1.453530E+00    3.266604E-04    2.509837E-07
   -1.452050E+00    3.275191E-04    2.554353E-07
   -1.450570E+00    3.283347E-04    2.675226E-07
   -1.449090E+00    3.291396E-04    2.826219E-07
   -1.447610E+00    3.299482E-04    3.012901E-07
   -1.446130E+00    3.307713E-04    3.202598E-07
   -1.444649E+00    3.316456E-04    3.367618E-07
   -1.443169E+00    3.325534E-04    3.506525E-07
   -1.441689E+00    3.335355E-04    3.572621E-07
   -1.440209E+00    3.345536E-04    3.596931E-07
   -1.438729E+00    3.356320E-04    3.538258E-07
   -1.437248E+00    3.367309E-04    3.444064E-07
   -1.435768E+00    3.378459E-04    3.300587E-07
   -1.434288E+00    3.389557E-04    3.146819E-07
   -1.432808E+00    3.400303E-04    3.004282E-07
   -1.431328E+00    3.410776E-04    2.882678E-07
   -1.429848E+00    3.420581E-04    2.828209E-07
   -1.428367E+00    3.430042E-04    2.815509E-07
   -1.426887E+00    3.438890E-04    2.891549E-07
   -1.425407E+00    3.447515E-04    3.008543E-07
   -1.423927E+00    3.455926E-04    3.189386E-07
   -1.422447E+00    3.464365E-04    3.388699E-07
   -1.420967E+00    3.473131E-04    3.592779E-07
   -1.419486E+00    3.482177E-04    3.782702E-07
   -1.418006E+00    3.491947E-04    3.914820E-07
   -1.416526E+00    3.502118E-04    4.007096E-07
   -1.415046E+00    3.513059E-04    4.008437E-07
   -1.413566E+00    3.524322E-04    3.964794E-07
   -1.412086E+00    3.536019E-04    3.844333E-07
   -1.410605E+00    3.547800E-04    3.697290E-07
   -1.409125E+00    3.559468E-04    3.528167E-07
   -1.407645E+00    3.570946E-04    3.365204E-07
   -1.406165E+00    3.581835E-04    3.247695E-07
   -1.404685E+00    3.592366E-04    3.166607E-07
   -1.403204E+00    3.602156E-04    3.176247E-07
   -1.401724E+00    3.611615E-04    3.234180E-07
   -1.400244E+00    3.620588E-04    3.381602E-07
   -1.398764E+00    3.629443E-04    3.564153E-07
   -1.397284E+00    3.638350E-04    3.788078E-07
   -1.395804E+00    3.647427E-04    4.015329E-07
   -1.394323E+00    3.657099E-04    4.213312E-07
   -1.392843E+00    3.667157E-04    4.380518E-07
   -1.391363E+00    3.678076E-04    4.461880E-07
   -1.389883E+00    3.689412E-04    4.493834E-07
   -1.388403E+00    3.701454E-04    4.427122E-07
   -1.386923E+00    3.713739E-04    4.317761E-07
   -1.385442E+00    3.726230E-04    4.148008E-07
   -1.383962E+00    3.738671E-04    3.964681E-07
   -1.382482E+00    3.750727E-04    3.791456E-07
   -1.381002E+00    3.762473E-04    3.641448E-07
   -1.379522E+00    3.773456E-04    3.568451E-07
   -1.378042E+00    3.784038E-04    3.544294E-07
   -1.376561E+00    3.793891E-04    3.625696E-07
   -1.375081E+00    3.803471E-04    3.756819E-07
   -1.373601E+00    3.812760E-04    3.967936E-07
   -1.372121E+00    3.822058E-04    4.203886E-07
   -1.370641E+00    3.831687E-04    4.452257E-07
   -1.369160E+00    3.841621E-04    4.687211E-07
   -1.367680E+00    3.852373E-04    4.859293E-07
   -1.366200E+00    3.863586E-04    4.985940E-07
   -1.364720E+00    3.875714E-04    5.005541E-07
   -1.363240E+00    3.888239E-04    4.970558E-07
   -1.361760E+00    3.901333E-04    4.838735E-07
   -1.360279E+00    3.914564E-04    4.671131E-07
   -1.358799E+00    3.927743E-04    4.466989E-07
   -1.357319E+00    3.940739E-04    4.264706E-07
   -1.355839E+00    3.953104E-04    4.106395E-07
   -1.354359E+00    3.965066E-04    3.987540E-07
   -1.352879E+00    3.976158E-04    3.972548E-07
   -1.351398E+00    3.986843E-04    4.015257E-07
   -1.349918E+00    3.996886E-04    4.169795E-07
   -1.348438E+00    4.006742E-04    4.371051E-07
   -1.346958E+00    4.016546E-04    4.634799E-07
   -1.345478E+00    4.026494E-04    4.910027E-07
   -1.343998E+00    4.037044E-04    5.165247E-07
   -1.342517E+00    4.048017E-04    5.390087E-07
   -1.341037E+00    4.059978E-04    5.521028E-07
   -1.339557E+00    4.072442E-04    5.594470E-07
   -1.338077E+00    4.085809E-04    5.546723E-07
   -1.336597E+00    4.099519E-04    5.443210E-07
   -1.335117E+00    4.113611E-04    5.252547E-07
   -1.333636E+00    4.127720E-04    5.036346E-07
   -1.332156E+00    4.141515E-04    4.812251E-07
   -1.330676E+00    4.155000E-04    4.606583E-07
   -1.329196E+00    4.167648E-04    4.478258E-07
   -1.327716E+00    4.179826E-04    4.404052E-07
   -1.326235E+00    4.191089E-04    4.455208E-07
   -1.324755E+00    4.201971E-04    4.569511E-07
   -1.323275E+00    4.212354E-04    4.794516E-07
   -1.321795E+00    4.222655E-04    5.059732E-07
   -1.320315E+00    4.233163E-04    5.364209E-07
   -1.318835E+00    4.243951E-04    5.664938E-07
   -1.317354E+00    4.255591E-04    5.911888E-07
   -1.315874E+00    4.267751E-04    6.112077E-07
   -1.314394E+00    4.281018E-04    6.190786E-07
   -1.312914E+00    4.294803E-04    6.202544E-07
   -1.311434E+00    4.309423E-04    6.085255E-07
   -1.309954E+00    4.324311E-04    5.914278E-07
   -1.308473E+00    4.339364E-04    5.671776E-07
   -1.306993E+00    4.354309E-04    5.416287E-07
   -1.305513E+00    4.368683E-04    5.184304E-07
   -1.304033E+00    4.382635E-04    4.987609E-07
   -1.302553E+00    4.395584E-04    4.900035E-07
   -1.301073E+00    4.408020E-04    4.879476E-07
   -1.299592E+00    4.419548E-04    5.000798E-07
   -1.298112E+00    4.430746E-04    5.187830E-07
   -1.296632E+00    4.441622E-04    5.478620E-07
   -1.295152E+00    4.452537E-04    5.800548E-07
   -1.293672E+00    4.463923E-04    6.134680E-07
   -1.292191E+00    4.475719E-04    6.448788E-07
   -1.290711E+00    4.488590E-04    6.675188E-07
   -1.289231E+00    4.502062E-04    6.839306E-07
   -1.287751E+00    4.516716E-04    6.857673E-07
   -1.286271E+00    4.531880E-04    6.801846E-07
   -1.284791E+00    4.547774E-04    6.614061E-07
   -1.283310E+00    4.563844E-04    6.377085E-07
   -1.281830E+00    4.579849E-04    6.088344E-07
   -1.280350E+00    4.595619E-04    5.800641E-07
   -1.278870E+00    4.610576E-04    5.569286E-07
   -1.277390E+00    4.625012E-04    5.389984E-07
   -1.275910E+00    4.638314E-04    5.349822E-07
   -1.274429E+00    4.651081E-04    5.388042E-07
   -1.272949E+00    4.662986E-04    5.580716E-07
   -1.271469E+00    4.674626E-04    5.839498E-07
   -1.269989E+00    4.686149E-04    6.190924E-07
   -1.268509E+00    4.697833E-04    6.562655E-07
   -1.267029E+00    4.710253E-04    6.917051E-07
   -1.265548E+00    4.723207E-04    7.234551E-07
   -1.264068E+00    4.737436E-04    7.430575E-07
   -1.262588E+00    4.752331E-04    7.549504E-07
   -1.261108E+00    4.768451E-04    7.500844E-07
   -1.259628E+00    4.785057E-04    7.372295E-07
   -1.258147E+00    4.802263E-04    7.112219E-07
   -1.256667E+00    4.819546E-04    6.809040E-07
   -1.255187E+00    4.836526E-04    6.476504E-07
   -1.253707E+00    4.853146E-04    6.159944E-07
   -1.252227E+00    4.868727E-04    5.933404E-07
   -1.250747E+00    4.883698E-04    5.775573E-07
   -1.249266E+00    4.897431E-04    5.785709E-07
   -1.247786E+00    4.910620E-04    5.884602E-07
   -1.246306E+00    4.923019E-04    6.148003E-07
   -1.244826E+00    4.935231E-04    6.476542E-07
   -1.243346E+00    4.947541E-04    6.883955E-07
   -1.241866E+00    4.960140E-04    7.299694E-07
   -1.240385E+00    4.973736E-04    7.666850E-07
   -1.238905E+00    4.987983E-04    7.979740E-07
   -1.237425E+00    5.003690E-04    8.137131E-07
   -1.235945E+00    5.020118E-04    8.202839E-07
   -1.234465E+00    5.037794E-04    8.080136E-07
   -1.232985E+00    5.055923E-04    7.872561E-07
   -1.231504E+00    5.074506E-04    7.535524E-07
   -1.230024E+00    5.093065E-04    7.162297E-07
   -1.228544E+00    5.111080E-04    6.783616E-07
   -1.227064E+00    5.128613E-04    6.436453E-07
   -1.225584E+00    5.144890E-04    6.213796E-07
   -1.224103E+00    5.160475E-04    6.076695E-07
   -1.222623E+00    5.174733E-04    6.136322E-07
   -1.221143E+00    5.188447E-04    6.294839E-07
   -1.219663E+00    5.201458E-04    6.627077E-07
   -1.218183E+00    5.214363E-04    7.022918E-07
   -1.216703E+00    5.227591E-04    7.482542E-07
   -1.215222E+00    5.241237E-04    7.937796E-07
   -1.213742E+00    5.256139E-04    8.311760E-07
   -1.212262E+00    5.271809E-04    8.613385E-07
   -1.210782E+00    5.289116E-04    8.724210E-07
   -1.209302E+00    5.307195E-04    8.728219E-07
   -1.207822E+00    5.326537E-04    8.522163E-07
   -1.206341E+00    5.346296E-04    8.225989E-07
   -1.204861E+00    5.366360E-04    7.802248E-07
   -1.203381E+00    5.386294E-04    7.349340E-07
   -1.201901E+00    5.405443E-04    6.915488E-07
   -1.200421E+00    5.423988E-04    6.529182E-07
   -1.198941E+00    5.441061E-04    6.303144E-07
   -1.197460E+00    5.457362E-04    6.180239E-07
   -1.195980E+00    5.472252E-04    6.284330E-07
   -1.194500E+00    5.486599E-04    6.498127E-07
   -1.193020E+00    5.500332E-04    6.895900E-07
   -1.191540E+00    5.514045E-04    7.356006E-07
   -1.190060E+00    5.528310E-04    7.864674E-07
   -1.188579E+00    5.543122E-04    8.355841E-07
   -1.187099E+00    5.559456E-04    8.731375E-07
   -1.185619E+00    5.576677E-04    9.015333E-07
   -1.184139E+00    5.595718E-04    9.070339E-07
   -1.182659E+00    5.615583E-04    9.001823E-07
   -1.181178E+00    5.636733E-04    8.698450E-07
   -1.179698E+00    5.658264E-04    8.298309E-07
   -1.178218E+00    5.679951E-04    7.770327E-07
   -1.176738E+00    5.701403E-04    7.219568E-07
   -1.175258E+00    5.721825E-04    6.712207E-07
   -1.173778E+00    5.741519E-04    6.268914E-07
   -1.172297E+00    5.759516E-04    6.023723E-07
   -1.170817E+00    5.776656E-04    5.900716E-07
   -1.169337E+00    5.792291E-04    6.038453E-07
   -1.167857E+00    5.807378E-04    6.298505E-07
   -1.166377E+00    5.821939E-04    6.755977E-07
   -1.164897E+00    5.836562E-04    7.275674E-07
   -1.163416E+00    5.851968E-04    7.829770E-07
   -1.161936E+00    5.868058E-04    8.352984E-07
   -1.160456E+00    5.885947E-04    8.724081E-07
   -1.158976E+00    5.904850E-04    8.982513E-07
   -1.157496E+00    5.925775E-04    8.968864E-07
   -1.156016E+00    5.947588E-04    8.812092E-07
   -1.154535E+00    5.970721E-04    8.389641E-07
   -1.153055E+00    5.994209E-04    7.860956E-07
   -1.151575E+00    6.017711E-04    7.199561E-07
   -1.150095E+00    6.040872E-04    6.520268E-07
   -1.148615E+00    6.062750E-04    5.907640E-07
   -1.147134E+00    6.083767E-04    5.376122E-07
   -1.145654E+00    6.102843E-04    5.083619E-07
   -1.144174E+00    6.120964E-04    4.934735E-07
   -1.142694E+00    6.137462E-04    5.086228E-07
   -1.141214E+00    6.153399E-04    5.375766E-07
   -1.139734E+00    6.168879E-04    5.881933E-07
   -1.138253E+00    6.184502E-04    6.452442E-07
   -1.136773E+00    6.201143E-04    7.045597E-07
   -1.135293E+00    6.218609E-04    7.594431E-07
   -1.133813E+00    6.238175E-04    7.951782E-07
   -1.132333E+00    6.258899E-04    8.172617E-07
   -1.130853E+00    6.281881E-04    8.070508E-07
   -1.129372E+00    6.305832E-04    7.801059E-07
   -1.127892E+00    6.331172E-04    7.225317E-07
   -1.126412E+00    6.356849E-04    6.529213E-07
   -1.124932E+00    6.382411E-04    5.687690E-07
   -1.123452E+00    6.407527E-04    4.830412E-07
   -1.121972E+00    6.431093E-04    4.060616E-07
   -1.120491E+00    6.453652E-04    3.389408E-07
   -1.119011E+00    6.473990E-04    3.002240E-07
   -1.117531E+00    6.493257E-04    2.783562E-07
   -1.116051E+00    6.510741E-04    2.913665E-07
   -1.114571E+00    6.527633E-04    3.202313E-07
   -1.113090E+00    6.544111E-04    3.735806E-07
   -1.111610E+00    6.560806E-04    4.339350E-07
   -1.110130E+00    6.578758E-04    4.958012E-07
   -1.108650E+00    6.597686E-04    5.519130E-07
   -1.107170E+00    6.619052E-04    5.845659E-07
   -1.105690E+00    6.641741E-04    6.007910E-07
   -1.104209E+00    6.666977E-04    5.785032E-07
   -1.102729E+00    6.693291E-04    5.363706E-07
   -1.101249E+00    6.721108E-04    4.580567E-07
   -1.099769E+00    6.749266E-04    3.655697E-07
   -1.098289E+00    6.777196E-04    2.560170E-07
   -1.096809E+00    6.804577E-04    1.446428E-07
   -1.095328E+00    6.830119E-04    4.361202E-08
   -1.093848E+00    6.854490E-04   -4.581063E-08
   -1.092368E+00    6.876308E-04   -1.018371E-07
   -1.090888E+00    6.896908E-04   -1.380701E-07
   -1.089408E+00    6.915506E-04   -1.333614E-07
   -1.087928E+00    6.933453E-04   -1.100638E-07
   -1.086447E+00    6.950990E-04   -5.813217E-08
   -1.084967E+00    6.968808E-04    1.922020E-09
   -1.083487E+00    6.988124E-04    6.342118E-08
   -1.082007E+00    7.008582E-04    1.179180E-07
   -1.080527E+00    7.031863E-04    1.441852E-07
   -1.079046E+00    7.056664E-04    1.507138E-07
   -1.077566E+00    7.084378E-04    1.109050E-07
   -1.076086E+00    7.113313E-04    4.713826E-08
   -1.074606E+00    7.143937E-04   -6.057587E-08
   -1.073126E+00    7.174928E-04   -1.857024E-07
   -1.071646E+00    7.205611E-04   -3.323875E-07
   -1.070165E+00    7.235638E-04   -4.819038E-07
   -1.068685E+00    7.263515E-04   -6.204066E-07
   -1.067205E+00    7.290030E-04   -7.456650E-07
   -1.065725E+00    7.313587E-04   -8.320453E-07
   -1.064245E+00    7.335737E-04   -8.951199E-07
   -1.062765E+00    7.355579E-04   -9.095614E-07
   -1.061284E+00    7.374674E-04   -9.017296E-07
   -1.059804E+00    7.393304E-04   -8.592113E-07
   -1.058324E+00    7.412264E-04   -8.066398E-07
   -1.056844E+00    7.432962E-04   -7.516022E-07
   -1.055364E+00    7.454984E-04   -7.046440E-07
   -1.053884E+00    7.480275E-04   -6.912161E-07
   -1.052403E+00    7.507330E-04   -7.015525E-07
   -1.050923E+00    7.537762E-04   -7.683005E-07
   -1.049443E+00    7.569614E-04   -8.645671E-07
   -1.047963E+00    7.603434E-04   -1.015829E-06
   -1.046483E+00    7.637684E-04   -1.189421E-06
   -1.045003E+00    7.671588E-04   -1.392173E-06
   -1.043522E+00    7.704735E-04   -1.600040E-06
   -1.042042E+00    7.735386E-04   -1.797952E-06
   -1.040562E+00    7.764450E-04   -1.981355E-06
   -1.039082E+00    7.790056E-04   -2.120095E-06
   -1.037602E+00    7.814008E-04   -2.231375E-06
   -1.036121E+00    7.835227E-04   -2.284257E-06
   -1.034641E+00    7.855548E-04   -2.309897E-06
   -1.033161E+00    7.875264E-04   -2.292113E-06
   -1.031681E+00    7.895332E-04   -2.261148E-06
   -1.030201E+00    7.917371E-04   -2.224992E-06
   -1.028721E+00    7.940934E-04   -2.197651E-06
   -1.027240E+00    7.968293E-04   -2.209703E-06
   -1.025760E+00    7.997713E-04   -2.250493E-06
   -1.024280E+00    8.031112E-04   -2.360928E-06
   -1.022800E+00    8.066199E-04   -2.508548E-06
   -1.021320E+00    8.103664E-04   -2.727127E-06
   -1.019840E+00    8.141676E-04   -2.975550E-06
   -1.018359E+00    8.179368E-04   -3.265716E-06
   -1.016879E+00    8.216211E-04   -3.565432E-06
   -1.015399E+00    8.250175E-04   -3.859468E-06
   -1.013919E+00    8.282285E-04   -4.138644E-06
   -1.012439E+00    8.310308E-04   -4.367667E-06
   -1.010959E+00    8.336354E-04   -4.564476E-06
   -1.009478E+00    8.359077E-04   -4.690638E-06
   -1.007998E+00    8.380673E-04   -4.782906E-06
   -1.006518E+00    8.401398E-04   -4.819280E-06
   -1.005038E+00    8.422457E-04   -4.837601E-06
   -1.003558E+00    8.445695E-04   -4.845365E-06
   -1.002077E+00    8.470676E-04   -4.862053E-06
   -1.000597E+00    8.500074E-04   -4.924535E-06
   -9.991171E-01    8.531903E-04   -5.021993E-06
   -9.976369E-01    8.568492E-04   -5.206843E-06
   -9.961568E-01    8.607133E-04   -5.439665E-06
   -9.946766E-01    8.648744E-04   -5.766944E-06
   -9.931964E-01    8.691094E-04   -6.135685E-06
   -9.917163E-01    8.733250E-04   -6.566931E-06
   -9.902361E-01    8.774480E-04   -7.015875E-06
   -9.887559E-01    8.812412E-04   -7.469418E-06
   -9.872757E-01    8.848168E-04   -7.909780E-06
   -9.857956E-01    8.879040E-04   -8.296297E-06
   -9.843154E-01    8.907506E-04   -8.645580E-06
   -9.828352E-01    8.931831E-04   -8.909351E-06
   -9.813550E-01    8.954689E-04   -9.130472E-06
   -9.798749E-01    8.976223E-04   -9.278174E-06
   -9.783947E-01    8.998008E-04   -9.400446E-06
   -9.769145E-01    9.022126E-04   -9.502778E-06
   -9.754343E-01    9.048217E-04   -9.613077E-06
   -9.739542E-01    9.079460E-04   -9.776030E-06
   -9.724740E-01    9.113596E-04   -9.981949E-06
   -9.709938E-01    9.153505E-04   -1.029967E-05
   -9.695137E-01    9.195962E-04   -1.068094E-05
   -9.680335E-01    9.242234E-04   -1.119210E-05
   -9.665533E-01    9.289546E-04   -1.176306E-05
   -9.650731E-01    9.336941E-04   -1.243115E-05
   -9.635930E-01    9.383366E-04   -1.313169E-05
   -9.621128E-01    9.426038E-04   -1.385850E-05
   -9.606326E-01    9.466144E-04   -1.457814E-05
   -9.591524E-01    9.500348E-04   -1.524553E-05
   -9.576723E-01    9.531571E-04   -1.587150E-05
   -9.561921E-01    9.557511E-04   -1.639527E-05
   -9.547119E-01    9.581482E-04   -1.686529E-05
   -9.532317E-01    9.603391E-04   -1.723789E-05
   -9.517516E-01    9.625363E-04   -1.757422E-05
   -9.502714E-01    9.649709E-04   -1.787533E-05
   -9.487912E-01    9.676262E-04   -1.818177E-05
   -9.473110E-01    9.708821E-04   -1.854821E-05
   -9.458309E-01    9.744850E-04   -1.896823E-05
   -9.443507E-01    9.787977E-04   -1.953487E-05
   -9.428705E-01    9.834322E-04   -2.018839E-05
   -9.413904E-01    9.885686E-04   -2.102708E-05
   -9.399102E-01    9.938549E-04   -2.195539E-05
   -9.384300E-01    9.992002E-04   -2.304008E-05
   -9.369498E-01    1.004450E-03   -2.418412E-05
   -9.354697E-01    1.009276E-03   -2.539836E-05
   -9.339895E-01    1.013798E-03   -2.662070E-05
   -9.325093E-01    1.017597E-03   -2.780579E-05
   -9.310291E-01    1.021021E-03   -2.894905E-05
   -9.295490E-01    1.023755E-03   -2.997513E-05
   -9.280688E-01    1.026217E-03   -3.093466E-05
   -9.265886E-01    1.028355E-03   -3.176563E-05
   -9.251084E-01    1.030463E-03   -3.254509E-05
   -9.236283E-01    1.032790E-03   -3.326614E-05
   -9.221481E-01    1.035359E-03   -3.398765E-05
   -9.206679E-01    1.038625E-03   -3.477781E-05
   -9.191878E-01    1.042310E-03   -3.563666E-05
   -9.177076E-01    1.046878E-03   -3.669482E-05
   -9.162274E-01    1.051859E-03   -3.787665E-05
   -9.147472E-01    1.057513E-03   -3.933419E-05
   -9.132671E-01    1.063385E-03   -4.093218E-05
   -9.117869E-01    1.069403E-03   -4.279200E-05
   -9.103067E-01    1.075336E-03   -4.476184E-05
   -9.088265E-01    1.080795E-03   -4.689139E-05
   -9.073464E-01    1.085892E-03   -4.906454E-05
   -9.058662E-01    1.090091E-03   -5.124827E-05
   -9.043860E-01    1.093805E-03   -5.340144E-05
   -9.029058E-01    1.096596E-03   -5.543565E-05
   -9.014257E-01    1.099003E-03   -5.739236E-05
   -8.999455E-01    1.100894E-03   -5.918562E-05
   -8.984653E-01    1.102687E-03   -6.090817E-05
   -8.969851E-01    1.104640E-03   -6.254116E-05
   -8.955050E-01    1.106845E-03   -6.416804E-05
   -8.940248E-01    1.109851E-03   -6.587805E-05
   -8.925446E-01    1.113363E-03   -6.768134E-05
   -8.910645E-01    1.117982E-03   -6.977148E-05
   -8.895843E-01    1.123140E-03   -7.204809E-05
   -8.881041E-01    1.129213E-03   -7.475980E-05
   -8.866239E-01    1.135608E-03   -7.770448E-05
   -8.851438E-01    1.142287E-03   -8.111064E-05
   -8.836636E-01    1.148907E-03   -8.472747E-05
   -8.821834E-01    1.155003E-03   -8.869341E-05
   -8.807032E-01    1.160660E-03   -9.278541E-05
   -8.792231E-01    1.165176E-03   -9.701827E-05
   -8.777429E-01    1.169050E-03   -1.012652E-04
   -8.762627E-01    1.171648E-03   -1.054403E-04
   -8.747825E-01    1.173684E-03   -1.095424E-04
   -8.733024E-01    1.174885E-03   -1.134621E-04
   -8.718222E-01    1.175863E-03   -1.172948E-04
   -8.703420E-01    1.176852E-03   -1.210105E-04
   -8.688619E-01    1.178077E-03   -1.247184E-04
   -8.673817E-01    1.180192E-03   -1.285496E-04
   -8.659015E-01    1.182913E-03   -1.325235E-04
   -8.644213E-01    1.187027E-03   -1.369526E-04
   -8.629412E-01    1.191848E-03   -1.416891E-04
   -8.614610E-01    1.197928E-03   -1.471725E-04
   -8.599808E-01    1.204480E-03   -1.530746E-04
   -8.585006E-01    1.211531E-03   -1.598524E-04
   -8.570205E-01    1.218567E-03   -1.670583E-04
   -8.555403E-01    1.225021E-03   -1.750447E-04
   -8.540601E-01    1.230927E-03   -1.833589E-04
   -8.525799E-01    1.235323E-03   -1.921670E-04
   -8.510998E-01    1.238831E-03   -2.011326E-04
   -8.496196E-01    1.240489E-03   -2.102386E-04
   -8.481394E-01    1.241283E-03   -2.193418E-04
   -8.466592E-01    1.240666E-03   -2.283437E-04
   -8.451791E-01    1.239583E-03   -2.372815E-04
   -8.436989E-01    1.238157E-03   -2.461449E-04
   -8.422187E-01    1.236874E-03   -2.550393E-04
   -8.407386E-01    1.236483E-03   -2.642083E-04
   -8.392584E-01    1.236786E-03   -2.736505E-04
   -8.377782E-01    1.238810E-03   -2.839470E-04
   -8.362980E-01    1.241754E-03   -2.948281E-04
   -8.348179E-01    1.246414E-03   -3.071695E-04
   -8.333377E-01    1.251753E-03   -3.203602E-04
   -8.318575E-01    1.257887E-03   -3.354107E-04
   -8.303773E-01    1.264060E-03   -3.514242E-04
   -8.288972E-01    1.269522E-03   -3.693270E-04
   -8.274170E-01    1.274239E-03   -3.881063E-04
   -8.259368E-01    1.276785E-03   -4.084171E-04
   -8.244566E-01    1.277995E-03   -4.293535E-04
   -8.229765E-01    1.276274E-03   -4.512382E-04
   -8.214963E-01    1.273100E-03   -4.734561E-04
   -8.200161E-01    1.267327E-03   -4.961246E-04
   -8.185360E-01    1.260537E-03   -5.189649E-04
   -8.170558E-01    1.252478E-03   -5.421852E-04
   -8.155756E-01    1.244225E-03   -5.656952E-04
   -8.140954E-01    1.236472E-03   -5.901497E-04
   -8.126153E-01    1.229365E-03   -6.153342E-04
   -8.111351E-01    1.224139E-03   -6.426107E-04
   -8.096549E-01    1.220005E-03   -6.712837E-04
   -8.081747E-01    1.218011E-03   -7.034629E-04
   -8.066946E-01    1.216884E-03   -7.377271E-04
   -8.052144E-01    1.216738E-03   -7.767186E-04
   -8.037342E-01    1.216563E-03   -8.182737E-04
   -8.022540E-01    1.215103E-03   -8.651636E-04
   -8.007739E-01    1.212352E-03   -9.147205E-04
   -7.992937E-01    1.205786E-03   -9.694098E-04
   -7.978135E-01    1.196796E-03   -1.026481E-03
   -7.963334E-01    1.182234E-03   -1.087843E-03
   -7.948532E-01    1.164724E-03   -1.151102E-03
   -7.933730E-01    1.141433E-03   -1.217738E-03
   -7.918928E-01    1.115525E-03   -1.285947E-03
   -7.904127E-01    1.085297E-03   -1.357356E-03
   -7.889325E-01    1.053498E-03   -1.430573E-03
   -7.874523E-01    1.019849E-03   -1.508242E-03
   -7.859721E-01    9.858914E-04   -1.588766E-03
   -7.844920E-01    9.523108E-04   -1.676649E-03
   -7.830118E-01    9.192142E-04   -1.769192E-03
   -7.815316E-01    8.871374E-04   -1.873228E-03
   -7.800514E-01    8.552838E-04   -1.984131E-03
   -7.785713E-01    8.226539E-04   -2.110939E-03
   -7.770911E-01    7.887205E-04   -2.246671E-03
   -7.756109E-01    7.498502E-04   -2.401850E-03
   -7.741307E-01    7.071807E-04   -2.567327E-03
   -7.726506E-01    6.541288E-04   -2.754052E-03
   -7.711704E-01    5.945486E-04   -2.951490E-03
   -7.696902E-01    5.195767E-04   -3.170147E-03
   -7.682101E-01    4.360101E-04   -3.399207E-03
   -7.667299E-01    3.341377E-04   -3.648690E-03
   -7.652497E-01    2.229289E-04   -3.908365E-03
   -7.637695E-01    9.340692E-05   -4.189041E-03
   -7.622894E-01   -4.478764E-05   -4.481010E-03
   -7.608092E-01   -1.989582E-04   -4.798378E-03
   -7.593290E-01   -3.603726E-04   -5.130535E-03
   -7.578488E-01   -5.349953E-04   -5.497856E-03
   -7.563687E-01   -7.158580E-04   -5.886184E-03
   -7.548885E-01   -9.093365E-04   -6.324358E-03
   -7.534083E-01   -1.109745E-03   -6.791635E-03
   -7.519281E-01   -1.326503E-03   -7.325419E-03
   -7.504480E-01   -1.553294E-03   -7.896215E-03
   -7.489678E-01   -1.804926E-03   -8.546999E-03
   -7.474876E-01   -2.071714E-03   -9.239570E-03
   -7.460075E-01   -2.374465E-03   -1.001620E-02
   -7.445273E-01   -2.697782E-03   -1.083326E-02
   -7.430471E-01   -3.066178E-03   -1.172393E-02
   -7.415669E-01   -3.458100E-03   -1.264580E-02
   -7.400868E-01   -3.896385E-03   -1.361526E-02
   -7.386066E-01   -4.355922E-03   -1.459974E-02
   -7.371264E-01   -4.850656E-03   -1.559514E-02
   -7.356462E-01   -5.357638E-03   -1.658635E-02
   -7.341661E-01   -5.875433E-03   -1.755104E-02
   -7.326859E-01   -6.390685E-03   -1.849465E-02
   -7.312057E-01   -6.883809E-03   -1.938363E-02
   -7.297255E-01   -7.357428E-03   -2.024093E-02
   -7.282454E-01   -7.776713E-03   -2.102954E-02
   -7.267652E-01   -8.162612E-03   -2.178264E-02
   -7.252850E-01   -8.473315E-03   -2.246445E-02
   -7.238048E-01   -8.744601E-03   -2.311110E-02
   -7.223247E-01   -8.938524E-03   -2.368901E-02
   -7.208445E-01   -9.096972E-03   -2.423347E-02
   -7.193643E-01   -9.195173E-03   -2.471328E-02
   -7.178842E-01   -9.270222E-03   -2.516238E-02
   -7.164040E-01   -9.314821E-03   -2.555512E-02
   -7.149238E-01   -9.352365E-03   -2.592360E-02
   -7.134436E-01   -9.391235E-03   -2.625499E-02
   -7.119635E-01   -9.437463E-03   -2.657565E-02
   -7.104833E-01   -9.508951E-03   -2.689489E-02
   -7.090031E-01   -9.596726E-03   -2.722555E-02
   -7.075229E-01   -9.721254E-03   -2.760699E-02
   -7.060428E-01   -9.864928E-03   -2.802926E-02
   -7.045626E-01   -1.004663E-02   -2.856621E-02
   -7.030824E-01   -1.024686E-02   -2.917766E-02
   -7.016022E-01   -1.048357E-02   -2.997301E-02
   -7.001221E-01   -1.073900E-02   -3.087778E-02
   -6.986419E-01   -1.103523E-02   -3.203592E-02
   -6.971617E-01   -1.135504E-02   -3.333764E-02
   -6.956816E-01   -1.173161E-02   -3.495918E-02
   -6.942014E-01   -1.214283E-02   -3.675626E-02
   -6.927212E-01   -1.263823E-02   -3.893370E-02
   -6.912410E-01   -1.318375E-02   -4.131469E-02
   -6.897609E-01   -1.384535E-02   -4.412621E-02
   -6.882807E-01   -1.457198E-02   -4.716264E-02
   -6.868005E-01   -1.543914E-02   -5.066304E-02
   -6.853203E-01   -1.637922E-02   -5.439951E-02
   -6.838402E-01   -1.746400E-02   -5.860958E-02
   -6.823600E-01   -1.861689E-02   -6.305353E-02
   -6.808798E-01   -1.988999E-02   -6.795191E-02
   -6.793996E-01   -2.121158E-02   -7.306699E-02
   -6.779195E-01   -2.260074E-02   -7.858693E-02
   -6.764393E-01   -2.400673E-02   -8.429124E-02
   -6.749591E-01   -2.541009E-02   -9.032038E-02
   -6.734789E-01   -2.679394E-02   -9.648589E-02
   -6.719988E-01   -2.810476E-02   -1.028631E-01
   -6.705186E-01   -2.936424E-02   -1.093108E-01
   -6.690384E-01   -3.049760E-02   -1.158184E-01
   -6.675583E-01   -3.155975E-02   -1.223106E-01
   -6.660781E-01   -3.247076E-02   -1.286725E-01
   -6.645979E-01   -3.330548E-02   -1.349168E-01
   -6.631177E-01   -3.399265E-02   -1.408205E-01
   -6.616376E-01   -3.461117E-02   -1.465042E-01
   -6.601574E-01   -3.510649E-02   -1.516610E-01
   -6.586772E-01   -3.554854E-02   -1.565218E-01
   -6.571970E-01   -3.590210E-02   -1.607528E-01
   -6.557169E-01   -3.622084E-02   -1.646668E-01
   -6.542367E-01   -3.648921E-02   -1.679799E-01
   -6.527565E-01   -3.674238E-02   -1.710274E-01
   -6.512763E-01   -3.698622E-02   -1.736488E-01
   -6.497962E-01   -3.723683E-02   -1.761244E-01
   -6.483160E-01   -3.752643E-02   -1.784662E-01
   -6.468358E-01   -3.784980E-02   -1.808273E-01
   -6.453557E-01   -3.827279E-02   -1.834057E-01
   -6.438755E-01   -3.876332E-02   -1.861809E-01
   -6.423953E-01   -3.942741E-02   -1.895164E-01
   -6.409151E-01   -4.019854E-02   -1.932071E-01
   -6.394350E-01   -4.122497E-02   -1.977354E-01
   -6.379548E-01   -4.239918E-02   -2.027328E-01
   -6.364746E-01   -4.390614E-02   -2.087373E-01
   -6.349944E-01   -4.559544E-02   -2.152624E-01
   -6.335143E-01   -4.767389E-02   -2.228244E-01
   -6.320341E-01   -4.995430E-02   -2.308820E-01
   -6.305539E-01   -5.264179E-02   -2.398407E-01
   -6.290737E-01   -5.552787E-02   -2.491816E-01
   -6.275936E-01   -5.878732E-02   -2.591020E-01
   -6.261134E-01   -6.221456E-02   -2.691958E-01
   -6.246332E-01   -6.592633E-02   -2.793594E-01
   -6.231530E-01   -6.974909E-02   -2.893995E-01
   -6.216729E-01   -7.372226E-02   -2.988463E-01
   -6.201927E-01   -7.773197E-02   -3.078149E-01
   -6.187125E-01   -8.173542E-02   -3.154628E-01
   -6.172324E-01   -8.569705E-02   -3.222772E-01
   -6.157522E-01   -8.950346E-02   -3.271152E-01
   -6.142720E-01   -9.320115E-02   -3.308384E-01
   -6.127918E-01   -9.663124E-02   -3.321509E-01
   -6.113117E-01   -9.990958E-02   -3.322095E-01
   -6.098315E-01   -1.028638E-01   -3.297542E-01
   -6.083513E-01   -1.056533E-01   -3.260846E-01
   -6.068711E-01   -1.081236E-01   -3.201573E-01
   -6.053910E-01   -1.104461E-01   -3.132242E-01
   -6.039108E-01   -1.125099E-01   -3.045844E-01
   -6.024306E-01   -1.144681E-01   -2.952647E-01
   -6.009504E-01   -1.162722E-01   -2.849534E-01
   -5.994703E-01   -1.180317E-01   -2.743319E-01
   -5.979901E-01   -1.197742E-01   -2.634459E-01
   -5.965099E-01   -1.215472E-01   -2.525904E-01
   -5.950298E-01   -1.234636E-01   -2.420784E-01
   -5.935496E-01   -1.254949E-01   -2.318533E-01
   -5.920694E-01   -1.278446E-01   -2.223744E-01
   -5.905892E-01   -1.303985E-01   -2.133244E-01
   -5.891091E-01   -1.334497E-01   -2.051831E-01
   -5.876289E-01   -1.367928E-01   -1.974932E-01
   -5.861487E-01   -1.408018E-01   -1.906478E-01
   -5.846685E-01   -1.451812E-01   -1.841736E-01
   -5.831884E-01   -1.503668E-01   -1.783069E-01
   -5.817082E-01   -1.559823E-01   -1.726658E-01
   -5.802280E-01   -1.624972E-01   -1.673126E-01
   -5.787478E-01   -1.694733E-01   -1.620260E-01
   -5.772677E-01   -1.773765E-01   -1.567408E-01
   -5.757875E-01   -1.857355E-01   -1.514088E-01
   -5.743073E-01   -1.949698E-01   -1.459363E-01
   -5.728271E-01   -2.046132E-01   -1.403964E-01
   -5.713470E-01   -2.149986E-01   -1.347813E-01
   -5.698668E-01   -2.257089E-01   -1.291814E-01
   -5.683866E-01   -2.369662E-01   -1.237500E-01
   -5.669065E-01   -2.484440E-01   -1.184794E-01
   -5.654263E-01   -2.602615E-01   -1.136765E-01
   -5.639461E-01   -2.722064E-01   -1.091674E-01
   -5.624659E-01   -2.843473E-01   -1.053220E-01
   -5.609858E-01   -2.965752E-01   -1.018201E-01
   -5.595056E-01   -3.090003E-01   -9.897499E-02
   -5.580254E-01   -3.215610E-01   -9.642048E-02
   -5.565452E-01   -3.345185E-01   -9.434377E-02
   -5.550651E-01   -3.477617E-01   -9.245205E-02
   -5.535849E-01   -3.617913E-01   -9.084503E-02
   -5.521047E-01   -3.763356E-01   -8.936234E-02
   -5.506245E-01   -3.921628E-01   -8.816493E-02
   -5.491444E-01   -4.087542E-01   -8.717327E-02
   -5.476642E-01   -4.270914E-01   -8.681801E-02
   -5.461840E-01   -4.463869E-01   -8.694245E-02
   -5.447039E-01   -4.677067E-01   -8.843715E-02
   -5.432237E-01   -4.900557E-01   -9.085619E-02
   -5.417435E-01   -5.144168E-01   -9.564034E-02
   -5.402633E-01   -5.397207E-01   -1.018652E-01
   -5.387832E-01   -5.667088E-01   -1.114430E-01
   -5.373030E-01   -5.944063E-01   -1.228861E-01
   -5.358228E-01   -6.232067E-01   -1.382950E-01
   -5.343426E-01   -6.523843E-01   -1.557106E-01
   -5.328625E-01   -6.819519E-01   -1.769654E-01
   -5.313823E-01   -7.115329E-01   -1.999321E-01
   -5.299021E-01   -7.407954E-01   -2.256672E-01
   -5.284219E-01   -7.697406E-01   -2.523506E-01
   -5.269418E-01   -7.977753E-01   -2.798879E-01
   -5.254616E-01   -8.252401E-01   -3.072787E-01
   -5.239814E-01   -8.513859E-01   -3.332045E-01
   -5.225013E-01   -8.768083E-01   -3.578423E-01
   -5.210211E-01   -9.007062E-01   -3.789354E-01
   -5.195409E-01   -9.238268E-01   -3.978786E-01
   -5.180607E-01   -9.454056E-01   -4.120314E-01
   -5.165806E-01   -9.662391E-01   -4.236896E-01
   -5.151004E-01   -9.856663E-01   -4.304541E-01
   -5.136202E-01   -1.004446E+00   -4.349560E-01
   -5.121400E-01   -1.022063E+00   -4.355327E-01
   -5.106599E-01   -1.039174E+00   -4.345351E-01
   -5.091797E-01   -1.055430E+00   -4.312791E-01
   -5.076995E-01   -1.071341E+00   -4.273637E-01
   -5.062193E-01   -1.086727E+00   -4.230559E-01
   -5.047392E-01   -1.101933E+00   -4.189823E-01
   -5.032590E-01   -1.116936E+00   -4.161280E-01
   -5.017788E-01   -1.131912E+00   -4.141879E-01
   -5.002986E-01   -1.146977E+00   -4.145233E-01
   -4.988185E-01   -1.162154E+00   -4.161353E-01
   -4.973383E-01   -1.177681E+00   -4.204137E-01
   -4.958581E-01   -1.193441E+00   -4.260067E-01
   -4.943780E-01   -1.209783E+00   -4.340652E-01
   -4.928978E-01   -1.226470E+00   -4.432264E-01
   -4.914176E-01   -1.243950E+00   -4.542696E-01
   -4.899374E-01   -1.261874E+00   -4.660766E-01
   -4.884573E-01   -1.280779E+00   -4.790548E-01
   -4.869771E-01   -1.300214E+00   -4.924491E-01
   -4.854969E-01   -1.320780E+00   -5.063656E-01
   -4.840167E-01   -1.341938E+00   -5.204013E-01
   -4.825366E-01   -1.364313E+00   -5.344066E-01
   -4.810564E-01   -1.387303E+00   -5.482588E-01
   -4.795762E-01   -1.411510E+00   -5.614975E-01
   -4.780960E-01   -1.436306E+00   -5.742468E-01
   -4.766159E-01   -1.462221E+00   -5.855741E-01
   -4.751357E-01   -1.488654E+00   -5.959249E-01
   -4.736555E-01   -1.516026E+00   -6.037085E-01
   -4.721754E-01   -1.543812E+00   -6.098698E-01
   -4.706952E-01   -1.572312E+00   -6.120831E-01
   -4.692150E-01   -1.601111E+00   -6.119826E-01
   -4.677348E-01   -1.630402E+00   -6.066586E-01
   -4.662547E-01   -1.659893E+00   -5.984990E-01
   -4.647745E-01   -1.689703E+00   -5.844285E-01
   -4.632943E-01   -1.719643E+00   -5.674124E-01
   -4.618141E-01   -1.749799E+00   -5.448196E-01
   -4.603340E-01   -1.780052E+00   -5.197495E-01
   -4.588538E-01   -1.810490E+00   -4.906445E-01
   -4.573736E-01   -1.841024E+00   -4.601129E-01
   -4.558934E-01   -1.871765E+00   -4.281137E-01
   -4.544133E-01   -1.902620E+00   -3.961366E-01
   -4.529331E-01   -1.933728E+00   -3.657506E-01
   -4.514529E-01   -1.964975E+00   -3.369041E-01
   -4.499727E-01   -1.996522E+00   -3.124719E-01
   -4.484926E-01   -2.028228E+00   -2.907980E-01
   -4.470124E-01   -2.060262E+00   -2.754467E-01
   -4.455322E-01   -2.092460E+00   -2.634920E-01
   -4.440521E-01   -2.124983E+00   -2.584509E-01
   -4.425719E-01   -2.157659E+00   -2.567577E-01
   -4.410917E-01   -2.190617E+00   -2.612390E-01
   -4.396115E-01   -2.223695E+00   -2.684210E-01
   -4.381314E-01   -2.256968E+00   -2.800433E-01
   -4.366512E-01   -2.290307E+00   -2.933459E-01
   -4.351710E-01   -2.323710E+00   -3.088767E-01
   -4.336908E-01   -2.357104E+00   -3.249600E-01
   -4.322107E-01   -2.390392E+00   -3.410838E-01
   -4.307305E-01   -2.423578E+00   -3.567447E-01
   -4.292503E-01   -2.456461E+00   -3.706382E-01
   -4.277701E-01   -2.489140E+00   -3.832983E-01
   -4.262900E-01   -2.521305E+00   -3.929435E-01
   -4.248098E-01   -2.553159E+00   -4.008841E-01
   -4.233296E-01   -2.584293E+00   -4.051744E-01
   -4.218495E-01   -2.615016E+00   -4.075932E-01
   -4.203693E-01   -2.644826E+00   -4.063195E-01
   -4.188891E-01   -2.674136E+00   -4.032907E-01
   -4.174089E-01   -2.702366E+00   -3.970542E-01
   -4.159288E-01   -2.730021E+00   -3.894162E-01
   -4.144486E-01   -2.756458E+00   -3.794606E-01
   -4.129684E-01   -2.782258E+00   -3.686167E-01
   -4.114882E-01   -2.806735E+00   -3.565648E-01
   -4.100081E-01   -2.830532E+00   -3.441929E-01
   -4.085279E-01   -2.852937E+00   -3.317217E-01
   -4.070477E-01   -2.874639E+00   -3.194461E-01
   -4.055675E-01   -2.894933E+00   -3.079867E-01
   -4.040874E-01   -2.914529E+00   -2.971102E-01
   -4.026072E-01   -2.932767E+00   -2.876743E-01
   -4.011270E-01   -2.950352E+00   -2.790615E-01
   -3.996468E-01   -2.966714E+00   -2.722455E-01
   -3.981667E-01   -2.982516E+00   -2.663836E-01
   -3.966865E-01   -2.997328E+00   -2.625202E-01
   -3.952063E-01   -3.011724E+00   -2.597002E-01
   -3.937262E-01   -3.025466E+00   -2.590674E-01
   -3.922460E-01   -3.038983E+00   -2.595912E-01
   -3.907658E-01   -3.052271E+00   -2.625888E-01
   -3.892856E-01   -3.065563E+00   -2.669235E-01
   -3.878055E-01   -3.079112E+00   -2.741764E-01
   -3.863253E-01   -3.092916E+00   -2.830321E-01
   -3.848451E-01   -3.107475E+00   -2.954238E-01
   -3.833649E-01   -3.122528E+00   -3.097670E-01
   -3.818848E-01   -3.138778E+00   -3.284104E-01
   -3.804046E-01   -3.155714E+00   -3.494104E-01
   -3.789244E-01   -3.174143E+00   -3.755364E-01
   -3.774442E-01   -3.193350E+00   -4.044196E-01
   -3.759641E-01   -3.214106E+00   -4.391576E-01
   -3.744839E-01   -3.235592E+00   -4.769552E-01
   -3.730037E-01   -3.258365E+00   -5.210363E-01
   -3.715236E-01   -3.281652E+00   -5.682821E-01
   -3.700434E-01   -3.305631E+00   -6.217744E-01
   -3.685632E-01   -3.329752E+00   -6.782844E-01
   -3.670830E-01   -3.353700E+00   -7.405021E-01
   -3.656029E-01   -3.377317E+00   -8.053619E-01
   -3.641227E-01   -3.399774E+00   -8.750153E-01
   -3.626425E-01   -3.421414E+00   -9.468018E-01
   -3.611623E-01   -3.440988E+00   -1.022319E+00
   -3.596822E-01   -3.459350E+00   -1.099440E+00
   -3.582020E-01   -3.475017E+00   -1.179275E+00
   -3.567218E-01   -3.489254E+00   -1.260234E+00
   -3.552416E-01   -3.500579E+00   -1.342988E+00
   -3.537615E-01   -3.510478E+00   -1.426410E+00
   -3.522813E-01   -3.517691E+00   -1.510664E+00
   -3.508011E-01   -3.523689E+00   -1.595043E+00
   -3.493209E-01   -3.527593E+00   -1.678962E+00
   -3.478408E-01   -3.530645E+00   -1.762215E+00
   -3.463606E-01   -3.532409E+00   -1.843070E+00
   -3.448804E-01   -3.533743E+00   -1.922086E+00
   -3.434003E-01   -3.534626E+00   -1.995932E+00
   -3.419201E-01   -3.535474E+00   -2.066351E+00
   -3.404399E-01   -3.536576E+00   -2.128097E+00
   -3.389597E-01   -3.537937E+00   -2.184561E+00
   -3.374796E-01   -3.540012E+00   -2.228606E+00
   -3.359994E-01   -3.542504E+00   -2.265585E+00
   -3.345192E-01   -3.545884E+00   -2.286978E+00
   -3.330390E-01   -3.549699E+00   -2.300040E+00
   -3.315589E-01   -3.554316E+00   -2.295836E+00
   -3.300787E-01   -3.559275E+00   -2.282967E+00
   -3.285985E-01   -3.564774E+00   -2.253269E+00
   -3.271183E-01   -3.570464E+00   -2.215687E+00
   -3.256382E-01   -3.576376E+00   -2.163907E+00
   -3.241580E-01   -3.582331E+00   -2.106020E+00
   -3.226778E-01   -3.588266E+00   -2.038213E+00
   -3.211977E-01   -3.594162E+00   -1.966683E+00
   -3.197175E-01   -3.599979E+00   -1.890234E+00
   -3.182373E-01   -3.605786E+00   -1.812555E+00
   -3.167571E-01   -3.611701E+00   -1.734717E+00
   -3.152770E-01   -3.617767E+00   -1.657828E+00
   -3.137968E-01   -3.624378E+00   -1.584615E+00
   -3.123166E-01   -3.631409E+00   -1.513973E+00
   -3.108364E-01   -3.639609E+00   -1.449630E+00
   -3.093563E-01   -3.648563E+00   -1.388869E+00
   -3.078761E-01   -3.659368E+00   -1.335862E+00
   -3.063959E-01   -3.671259E+00   -1.286912E+00
   -3.049157E-01   -3.685593E+00   -1.246230E+00
   -3.034356E-01   -3.701258E+00   -1.209676E+00
   -3.019554E-01   -3.719720E+00   -1.181224E+00
   -3.004752E-01   -3.739606E+00   -1.156691E+00
   -2.989950E-01   -3.762290E+00   -1.139628E+00
   -2.975149E-01   -3.786299E+00   -1.126075E+00
   -2.960347E-01   -3.812709E+00   -1.119010E+00
   -2.945545E-01   -3.840150E+00   -1.114885E+00
   -2.930744E-01   -3.869234E+00   -1.115952E+00
   -2.915942E-01   -3.898899E+00   -1.119233E+00
   -2.901140E-01   -3.929199E+00   -1.126104E+00
   -2.886338E-01   -3.959545E+00   -1.134322E+00
   -2.871537E-01   -3.989435E+00   -1.144281E+00
   -2.856735E-01   -4.018837E+00   -1.154626E+00
   -2.841933E-01   -4.046783E+00   -1.164776E+00
   -2.827131E-01   -4.073791E+00   -1.174368E+00
   -2.812330E-01   -4.098574E+00   -1.181994E+00
   -2.797528E-01   -4.122112E+00   -1.188272E+00
   -2.782726E-01   -4.142971E+00   -1.191258E+00
   -2.767924E-01   -4.162439E+00   -1.192385E+00
   -2.753123E-01   -4.179096E+00   -1.189539E+00
   -2.738321E-01   -4.194368E+00   -1.184666E+00
   -2.723519E-01   -4.206962E+00   -1.175824E+00
   -2.708718E-01   -4.218288E+00   -1.165107E+00
   -2.693916E-01   -4.227247E+00   -1.150964E+00
   -2.679114E-01   -4.235116E+00   -1.135303E+00
   -2.664312E-01   -4.241002E+00   -1.117018E+00
   -2.649511E-01   -4.245994E+00   -1.097619E+00
   -2.634709E-01   -4.249379E+00   -1.076336E+00
   -2.619907E-01   -4.252043E+00   -1.054249E+00
   -2.605105E-01   -4.253407E+00   -1.030741E+00
   -2.590304E-01   -4.254182E+00   -1.006581E+00
   -2.575502E-01   -4.253870E+00   -9.811710E-01
   -2.560700E-01   -4.253050E+00   -9.551484E-01
   -2.545898E-01   -4.251262E+00   -9.279316E-01
   -2.531097E-01   -4.249007E+00   -9.001520E-01
   -2.516295E-01   -4.245836E+00   -8.713813E-01
   -2.501493E-01   -4.242214E+00   -8.422235E-01
   -2.486692E-01   -4.237706E+00   -8.125916E-01
   -2.471890E-01   -4.232765E+00   -7.829076E-01
   -2.457088E-01   -4.226991E+00   -7.535312E-01
   -2.442286E-01   -4.220823E+00   -7.245166E-01
   -2.427485E-01   -4.213932E+00   -6.966046E-01
   -2.412683E-01   -4.206717E+00   -6.693948E-01
   -2.397881E-01   -4.198948E+00   -6.437827E-01
   -2.383079E-01   -4.190950E+00   -6.190018E-01
   -2.368278E-01   -4.182594E+00   -5.958130E-01
   -2.353476E-01   -4.174107E+00   -5.733229E-01
   -2.338674E-01   -4.165437E+00   -5.519324E-01
   -2.323872E-01   -4.156707E+00   -5.309075E-01
   -2.309071E-01   -4.147891E+00   -5.102120E-01
   -2.294269E-01   -4.139035E+00   -4.894830E-01
   -2.279467E-01   -4.130075E+00   -4.683325E-01
   -2.264665E-01   -4.121035E+00   -4.468296E-01
   -2.249864E-01   -4.111751E+00   -4.244316E-01
   -2.235062E-01   -4.102289E+00   -4.015435E-01
   -2.220260E-01   -4.092345E+00   -3.776973E-01
   -2.205459E-01   -4.082091E+00   -3.534338E-01
   -2.190657E-01   -4.071072E+00   -3.285460E-01
   -2.175855E-01   -4.059602E+00   -3.034845E-01
   -2.161053E-01   -4.047110E+00   -2.783959E-01
   -2.146252E-01   -4.034058E+00   -2.534627E-01
   -2.131450E-01   -4.019823E+00   -2.291705E-01
   -2.116648E-01   -4.004984E+00   -2.053491E-01
   -2.101846E-01   -3.988960E+00   -1.827202E-01
   -2.087045E-01   -3.972378E+00   -1.607819E-01
   -2.072243E-01   -3.954800E+00   -1.403419E-01
   -2.057441E-01   -3.936807E+00   -1.206729E-01
   -2.042639E-01   -3.918185E+00   -1.025195E-01
   -2.027838E-01   -3.899364E+00   -8.507970E-02
   -2.013036E-01   -3.880395E+00   -6.892892E-02
   -1.998234E-01   -3.861477E+00   -5.333686E-02
   -1.983433E-01   -3.842902E+00   -3.867476E-02
   -1.968631E-01   -3.824606E+00   -2.438511E-02
   -1.953829E-01   -3.807049E+00   -1.067517E-02
   -1.939027E-01   -3.789929E+00    2.810295E-03
   -1.924226E-01   -3.773775E+00    1.593249E-02
   -1.909424E-01   -3.758128E+00    2.889089E-02
   -1.894622E-01   -3.743497E+00    4.150884E-02
   -1.879820E-01   -3.729360E+00    5.392996E-02
   -1.865019E-01   -3.716160E+00    6.587826E-02
   -1.850217E-01   -3.703397E+00    7.754730E-02
   -1.835415E-01   -3.691442E+00    8.858776E-02
   -1.820613E-01   -3.679862E+00    9.929798E-02
   -1.805812E-01   -3.668974E+00    1.093740E-01
   -1.791010E-01   -3.658410E+00    1.191824E-01
   -1.776208E-01   -3.648445E+00    1.286352E-01
   -1.761406E-01   -3.638753E+00    1.380395E-01
   -1.746605E-01   -3.629533E+00    1.476746E-01
   -1.731803E-01   -3.620494E+00    1.576147E-01
   -1.717001E-01   -3.611668E+00    1.685707E-01
   -1.702200E-01   -3.602846E+00    1.802376E-01
   -1.687398E-01   -3.593765E+00    1.937026E-01
   -1.672596E-01   -3.584392E+00    2.082276E-01
   -1.657794E-01   -3.574057E+00    2.251180E-01
   -1.642993E-01   -3.563030E+00    2.432684E-01
   -1.628191E-01   -3.550174E+00    2.639959E-01
   -1.613389E-01   -3.536179E+00    2.859914E-01
   -1.598587E-01   -3.519478E+00    3.103910E-01
   -1.583786E-01   -3.501230E+00    3.358868E-01
   -1.568984E-01   -3.479570E+00    3.632981E-01
   -1.554182E-01   -3.456087E+00    3.915035E-01
   -1.539380E-01   -3.428817E+00    4.209334E-01
   -1.524579E-01   -3.399636E+00    4.507822E-01
   -1.509777E-01   -3.366700E+00    4.810692E-01
   -1.494975E-01   -3.331966E+00    5.113735E-01
   -1.480174E-01   -3.293881E+00    5.413129E-01
   -1.465372E-01   -3.254274E+00    5.708759E-01
   -1.450570E-01   -3.211970E+00    5.993186E-01
   -1.435768E-01   -3.168501E+00    6.270325E-01
   -1.420967E-01   -3.123068E+00    6.529925E-01
   -1.406165E-01   -3.076825E+00    6.779535E-01
   -1.391363E-01   -3.029275E+00    7.007358E-01
   -1.376561E-01   -2.981205E+00    7.223739E-01
   -1.361760E-01   -2.932321E+00    7.416902E-01
   -1.346958E-01   -2.883118E+00    7.598673E-01
   -1.332156E-01   -2.833420E+00    7.758815E-01
   -1.317354E-01   -2.783530E+00    7.909036E-01
   -1.302553E-01   -2.733345E+00    8.041689E-01
   -1.287751E-01   -2.683050E+00    8.166860E-01
   -1.272949E-01   -2.632605E+00    8.279820E-01
   -1.258147E-01   -2.582121E+00    8.388039E-01
   -1.243346E-01   -2.531625E+00    8.489325E-01
   -1.228544E-01   -2.481159E+00    8.588267E-01
   -1.213742E-01   -2.430821E+00    8.684379E-01
   -1.198941E-01   -2.380580E+00    8.779793E-01
   -1.184139E-01   -2.330596E+00    8.874821E-01
   -1.169337E-01   -2.280770E+00    8.969969E-01
   -1.154535E-01   -2.231316E+00    9.065671E-01
   -1.139734E-01   -2.182075E+00    9.161695E-01
   -1.124932E-01   -2.133322E+00    9.258320E-01
   -1.110130E-01   -2.084846E+00    9.355209E-01
   -1.095328E-01   -2.037001E+00    9.452608E-01
   -1.080527E-01   -1.989514E+00    9.550320E-01
   -1.065725E-01   -1.942838E+00    9.648987E-01
   -1.050923E-01   -1.896613E+00    9.748426E-01
   -1.036121E-01   -1.851378E+00    9.850320E-01
   -1.021320E-01   -1.806669E+00    9.954074E-01
   -1.006518E-01   -1.763049E+00    1.006320E+00
   -9.917163E-02   -1.719967E+00    1.017605E+00
   -9.769145E-02   -1.677901E+00    1.029877E+00
   -9.621128E-02   -1.636281E+00    1.042781E+00
   -9.473110E-02   -1.595372E+00    1.057254E+00
   -9.325093E-02   -1.554699E+00    1.072671E+00
   -9.177076E-02   -1.514210E+00    1.090287E+00
   -9.029058E-02   -1.473654E+00    1.109149E+00
   -8.881041E-02   -1.432627E+00    1.130755E+00
   -8.733024E-02   -1.391200E+00    1.153830E+00
   -8.585006E-02   -1.348670E+00    1.179960E+00
   -8.436989E-02   -1.305462E+00    1.207635E+00
   -8.288972E-02   -1.260712E+00    1.238345E+00
   -8.140954E-02   -1.215139E+00    1.270502E+00
   -7.992937E-02   -1.167914E+00    1.305328E+00
   -7.844920E-02   -1.119910E+00    1.341339E+00
   -7.696902E-02   -1.070539E+00    1.379367E+00
   -7.548885E-02   -1.020626E+00    1.418198E+00
   -7.400868E-02   -9.699991E-01    1.458189E+00
   -7.252850E-02   -9.192295E-01    1.498520E+00
   -7.104833E-02   -8.686482E-01    1.539022E+00
   -6.956816E-02   -8.184073E-01    1.579339E+00
   -6.808798E-02   -7.693352E-01    1.618729E+00
   -6.660781E-02   -7.210777E-01    1.657362E+00
   -6.512763E-02   -6.748623E-01    1.693877E+00
   -6.364746E-02   -6.298425E-01    1.729024E+00
   -6.216729E-02   -5.874889E-01    1.760807E+00
   -6.068711E-02   -5.465663E-01    1.790599E+00
   -5.920694E-02   -5.086231E-01    1.815800E+00
   -5.772677E-02   -4.721920E-01    1.838419E+00
   -5.624659E-02   -4.387678E-01    1.855341E+00
   -5.476642E-02   -4.068133E-01    1.869177E+00
   -5.328625E-02   -3.776944E-01    1.876437E+00
   -5.180607E-02   -3.499298E-01    1.880246E+00
   -5.032590E-02   -3.247348E-01    1.876922E+00
   -4.884573E-02   -3.007535E-01    1.869967E+00
   -4.736555E-02   -2.790609E-01    1.855727E+00
   -4.588538E-02   -2.584466E-01    1.837892E+00
   -4.440521E-02   -2.398646E-01    1.813087E+00
   -4.292503E-02   -2.222407E-01    1.784966E+00
   -4.144486E-02   -2.064247E-01    1.750669E+00
   -3.996468E-02   -1.914620E-01    1.713566E+00
   -3.848451E-02   -1.781123E-01    1.671505E+00
   -3.700434E-02   -1.655263E-01    1.627327E+00
   -3.552416E-02   -1.543903E-01    1.579677E+00
   -3.404399E-02   -1.439454E-01    1.530679E+00
   -3.256382E-02   -1.348230E-01    1.479737E+00
   -3.108364E-02   -1.263354E-01    1.428176E+00
   -2.960347E-02   -1.190664E-01    1.376006E+00
   -2.812330E-02   -1.123794E-01    1.323804E+00
   -2.664312E-02   -1.067910E-01    1.271982E+00
   -2.516295E-02   -1.017099E-01    1.220527E+00
   -2.368278E-02   -9.753408E-02    1.170071E+00
   -2.220260E-02   -9.374105E-02    1.120215E+00
   -2.072243E-02   -9.054233E-02    1.071710E+00
   -1.924226E-02   -8.754090E-02    1.023944E+00
   -1.776208E-02   -8.471375E-02    9.777704E-01
   -1.628191E-02   -8.185964E-02    9.324554E-01
   -1.480174E-02   -7.873202E-02    8.889947E-01
   -1.332156E-02   -7.537154E-02    8.465381E-01
   -1.184139E-02   -7.139978E-02    8.062559E-01
   -1.036121E-02   -6.708152E-02    7.671455E-01
   -8.881041E-03   -6.206567E-02    7.305396E-01
   -7.400868E-03   -5.674092E-02    6.952562E-01
   -5.920694E-03   -5.096264E-02    6.627263E-01
   -4.440521E-03   -4.507816E-02    6.316073E-01
   -2.960347E-03   -3.928454E-02    6.033333E-01
   -1.480174E-03   -3.370853E-02    5.764698E-01
   -1.665335E-16   -2.892839E-02    5.523583E-01
    1.480174E-03   -2.472128E-02    5.295678E-01
    2.960347E-03   -2.197441E-02    5.092745E-01
    4.440521E-03   -2.008561E-02    4.901434E-01
    5.920694E-03   -2.009381E-02    4.731432E-01
    7.400868E-03   -2.109858E-02    4.571056E-01
    8.881041E-03   -2.410564E-02    4.427815E-01
    1.036121E-02   -2.807753E-02    4.292096E-01
    1.184139E-02   -3.383626E-02    4.169421E-01
    1.332156E-02   -4.039014E-02    4.052348E-01
    1.480174E-02   -4.830325E-02    3.944865E-01
    1.628191E-02   -5.677317E-02    3.841502E-01
    1.776208E-02   -6.611505E-02    3.745325E-01
    1.924226E-02   -7.578171E-02    3.652368E-01
    2.072243E-02   -8.590579E-02    3.565392E-01
    2.220260E-02   -9.618053E-02    3.481303E-01
    2.368278E-02   -1.066373E-01    3.402979E-01
    2.516295E-02   -1.171418E-01    3.327594E-01
    2.664312E-02   -1.276815E-01    3.258255E-01
    2.812330E-02   -1.382166E-01    3.192011E-01
    2.960347E-02   -1.487044E-01    3.132023E-01
    3.108364E-02   -1.591482E-01    3.075132E-01
    3.256382E-02   -1.694524E-01    3.024216E-01
    3.404399E-02   -1.796539E-01    2.976100E-01
    3.552416E-02   -1.895688E-01    2.933066E-01
    3.700434E-02   -1.992931E-01    2.892258E-01
    3.848451E-02   -2.085340E-01    2.855210E-01
    3.996468E-02   -2.174815E-01    2.819696E-01
    4.144486E-02   -2.257469E-01    2.786612E-01
    4.292503E-02   -2.336308E-01    2.754485E-01
    4.440521E-02   -2.406927E-01    2.723932E-01
    4.588538E-02   -2.473264E-01    2.694100E-01
    4.736555E-02   -2.530936E-01    2.665822E-01
    4.884573E-02   -2.584331E-01    2.638493E-01
    5.032590E-02   -2.629417E-01    2.613620E-01
    5.180607E-02   -2.670486E-01    2.590335E-01
    5.328625E-02   -2.703711E-01    2.571030E-01
    5.476642E-02   -2.733006E-01    2.554112E-01
    5.624659E-02   -2.754120E-01    2.542630E-01
    5.772677E-02   -2.770802E-01    2.534069E-01
    5.920694E-02   -2.777562E-01    2.531381E-01
    6.068711E-02   -2.778677E-01    2.531399E-01
    6.216729E-02   -2.766949E-01    2.535812E-01
    6.364746E-02   -2.748027E-01    2.541614E-01
    6.512763E-02   -2.713419E-01    2.548021E-01
    6.660781E-02   -2.670575E-01    2.553410E-01
    6.808798E-02   -2.611255E-01    2.553820E-01
    6.956816E-02   -2.544199E-01    2.550226E-01
    7.104833E-02   -2.463842E-01    2.535758E-01
    7.252850E-02   -2.378546E-01    2.514631E-01
    7.400868E-02   -2.287994E-01    2.478393E-01
    7.548885E-02   -2.197652E-01    2.434117E-01
    7.696902E-02   -2.114189E-01    2.373726E-01
    7.844920E-02   -2.037608E-01    2.305724E-01
    7.992937E-02   -1.981687E-01    2.224243E-01
    8.140954E-02   -1.939322E-01    2.137240E-01
    8.288972E-02   -1.929664E-01    2.042116E-01
    8.436989E-02   -1.938537E-01    1.944519E-01
    8.585006E-02   -1.987318E-01    1.845178E-01
    8.733024E-02   -2.056640E-01    1.746485E-01
    8.881041E-02   -2.166514E-01    1.651816E-01
    9.029058E-02   -2.295600E-01    1.560321E-01
    9.177076E-02   -2.459590E-01    1.477054E-01
    9.325093E-02   -2.638737E-01    1.398616E-01
    9.473110E-02   -2.842902E-01    1.330846E-01
    9.621128E-02   -3.056780E-01    1.268723E-01
    9.769145E-02   -3.284586E-01    1.218184E-01
    9.917163E-02   -3.516838E-01    1.173432E-01
    1.006518E-01   -3.753701E-01    1.139975E-01
    1.021320E-01   -3.991220E-01    1.111906E-01
    1.036121E-01   -4.227860E-01    1.093862E-01
    1.050923E-01   -4.463536E-01    1.080351E-01
    1.065725E-01   -4.697326E-01    1.074763E-01
    1.080527E-01   -4.930668E-01    1.072481E-01
    1.095328E-01   -5.164838E-01    1.075382E-01
    1.110130E-01   -5.400521E-01    1.080121E-01
    1.124932E-01   -5.641596E-01    1.087021E-01
    1.139734E-01   -5.886480E-01    1.094277E-01
    1.154535E-01   -6.140757E-01    1.100928E-01
    1.169337E-01   -6.400263E-01    1.106725E-01
    1.184139E-01   -6.670366E-01    1.109970E-01
    1.198941E-01   -6.945306E-01    1.111662E-01
    1.213742E-01   -7.227891E-01    1.109976E-01
    1.228544E-01   -7.512753E-01    1.106576E-01
    1.243346E-01   -7.798150E-01    1.099849E-01
    1.258147E-01   -8.081451E-01    1.091524E-01
    1.272949E-01   -8.355406E-01    1.080049E-01
    1.287751E-01   -8.622053E-01    1.066932E-01
    1.302553E-01   -8.869033E-01    1.050151E-01
    1.317354E-01   -9.103917E-01    1.031226E-01
    1.332156E-01   -9.310882E-01    1.007200E-01
    1.346958E-01   -9.502531E-01    9.801874E-02
    1.361760E-01   -9.661984E-01    9.464472E-02
    1.376561E-01   -9.805164E-01    9.091212E-02
    1.391363E-01   -9.916649E-01    8.646812E-02
    1.406165E-01   -1.001327E+00    8.170390E-02
    1.420967E-01   -1.008306E+00    7.644361E-02
    1.435768E-01   -1.014129E+00    7.104419E-02
    1.450570E-01   -1.018059E+00    6.564935E-02
    1.465372E-01   -1.021268E+00    6.042282E-02
    1.480174E-01   -1.023488E+00    5.589337E-02
    1.494975E-01   -1.025430E+00    5.189559E-02
    1.509777E-01   -1.027206E+00    4.931165E-02
    1.524579E-01   -1.029061E+00    4.759318E-02
    1.539380E-01   -1.031328E+00    4.787701E-02
    1.554182E-01   -1.033883E+00    4.927153E-02
    1.568984E-01   -1.037082E+00    5.305268E-02
    1.583786E-01   -1.040591E+00    5.808368E-02
    1.598587E-01   -1.044605E+00    6.567832E-02
    1.613389E-01   -1.048773E+00    7.456336E-02
    1.628191E-01   -1.052983E+00    8.600029E-02
    1.642993E-01   -1.057050E+00    9.867514E-02
    1.657794E-01   -1.060469E+00    1.137005E-01
    1.672596E-01   -1.063367E+00    1.298130E-01
    1.687398E-01   -1.064828E+00    1.478745E-01
    1.702200E-01   -1.065376E+00    1.667757E-01
    1.717001E-01   -1.063736E+00    1.870532E-01
    1.731803E-01   -1.060840E+00    2.078588E-01
    1.746605E-01   -1.055170E+00    2.294028E-01
    1.761406E-01   -1.048016E+00    2.511692E-01
    1.776208E-01   -1.037783E+00    2.731325E-01
    1.791010E-01   -1.026004E+00    2.951016E-01
    1.805812E-01   -1.011217E+00    3.169722E-01
    1.820613E-01   -9.950226E-01    3.387785E-01
    1.835415E-01   -9.763142E-01    3.605035E-01
    1.850217E-01   -9.565477E-01    3.822457E-01
    1.865019E-01   -9.351479E-01    4.041892E-01
    1.879820E-01   -9.132050E-01    4.263317E-01
    1.894622E-01   -8.907585E-01    4.490717E-01
    1.909424E-01   -8.683526E-01    4.721955E-01
    1.924226E-01   -8.465766E-01    4.961925E-01
    1.939027E-01   -8.253529E-01    5.206273E-01
    1.953829E-01   -8.055963E-01    5.457965E-01
    1.968631E-01   -7.866835E-01    5.711725E-01
    1.983433E-01   -7.695148E-01    5.964309E-01
    1.998234E-01   -7.531601E-01    6.212515E-01
    2.013036E-01   -7.381505E-01    6.442144E-01
    2.027838E-01   -7.235998E-01    6.656591E-01
    2.042639E-01   -7.094324E-01    6.827485E-01
    2.057441E-01   -6.951609E-01    6.969723E-01
    2.072243E-01   -6.800921E-01    7.041424E-01
    2.087045E-01   -6.643621E-01    7.072122E-01
    2.101846E-01   -6.469086E-01    7.012388E-01
    2.116648E-01   -6.284802E-01    6.905326E-01
    2.131450E-01   -6.080855E-01    6.704464E-01
    2.146252E-01   -5.868133E-01    6.459920E-01
    2.161053E-01   -5.642209E-01    6.140004E-01
    2.175855E-01   -5.412850E-01    5.790894E-01
    2.190657E-01   -5.184504E-01    5.404299E-01
    2.205459E-01   -4.961091E-01    5.010614E-01
    2.220260E-01   -4.756696E-01    4.626678E-01
    2.235062E-01   -4.566197E-01    4.258947E-01
    2.249864E-01   -4.411240E-01    3.943263E-01
    2.264665E-01   -4.277153E-01    3.661169E-01
    2.279467E-01   -4.189068E-01    3.455879E-01
    2.294269E-01   -4.125044E-01    3.290813E-01
    2.309071E-01   -4.109095E-01    3.203965E-01
    2.323872E-01   -4.116153E-01    3.152500E-01
    2.338674E-01   -4.165436E-01    3.160177E-01
    2.353476E-01   -4.233273E-01    3.190205E-01
    2.368278E-01   -4.332216E-01    3.249127E-01
    2.383079E-01   -4.443505E-01    3.314603E-01
    2.397881E-01   -4.573077E-01    3.378628E-01
    2.412683E-01   -4.708778E-01    3.435712E-01
    2.427485E-01   -4.851379E-01    3.469183E-01
    2.442286E-01   -4.995175E-01    3.487449E-01
    2.457088E-01   -5.137785E-01    3.471382E-01
    2.471890E-01   -5.278486E-01    3.437484E-01
    2.486692E-01   -5.413596E-01    3.368754E-01
    2.501493E-01   -5.545393E-01    3.283851E-01
    2.516295E-01   -5.670101E-01    3.170240E-01
    2.531097E-01   -5.791232E-01    3.044428E-01
    2.545898E-01   -5.905375E-01    2.898782E-01
    2.560700E-01   -6.016144E-01    2.745462E-01
    2.575502E-01   -6.120381E-01    2.580944E-01
    2.590304E-01   -6.221407E-01    2.412640E-01
    2.605105E-01   -6.315994E-01    2.239741E-01
    2.619907E-01   -6.407301E-01    2.065684E-01
    2.634709E-01   -6.491877E-01    1.890876E-01
    2.649511E-01   -6.573025E-01    1.716139E-01
    2.664312E-01   -6.647328E-01    1.541838E-01
    2.679114E-01   -6.718339E-01    1.367654E-01
    2.693916E-01   -6.783355E-01    1.193130E-01
    2.708718E-01   -6.845862E-01    1.018035E-01
    2.723519E-01   -6.904738E-01    8.409173E-02
    2.738321E-01   -6.962686E-01    6.623893E-02
    2.753123E-01   -7.020872E-01    4.804886E-02
    2.767924E-01   -7.080337E-01    2.968213E-02
    2.782726E-01   -7.144773E-01    1.099798E-02
    2.797528E-01   -7.212876E-01   -7.796589E-03
    2.812330E-01   -7.290486E-01   -2.665098E-02
    2.827131E-01   -7.373768E-01   -4.542373E-02
    2.841933E-01   -7.469782E-01   -6.375630E-02
    2.856735E-01   -7.572577E-01   -8.171023E-02
    2.871537E-01   -7.689145E-01   -9.856657E-02
    2.886338E-01   -7.812372E-01   -1.147015E-01
    2.901140E-01   -7.947783E-01   -1.290606E-01
    2.915942E-01   -8.088387E-01   -1.423784E-01
    2.930744E-01   -8.236959E-01   -1.533434E-01
    2.945545E-01   -8.388029E-01   -1.630180E-01
    2.960347E-01   -8.540670E-01   -1.699289E-01
    2.975149E-01   -8.692217E-01   -1.753888E-01
    2.989950E-01   -8.837628E-01   -1.778533E-01
    3.004752E-01   -8.977990E-01   -1.787951E-01
    3.019554E-01   -9.104444E-01   -1.766865E-01
    3.034356E-01   -9.222216E-01   -1.730726E-01
    3.049157E-01   -9.319694E-01   -1.665333E-01
    3.063959E-01   -9.405908E-01   -1.585968E-01
    3.078761E-01   -9.468185E-01   -1.480409E-01
    3.093563E-01   -9.518251E-01   -1.362832E-01
    3.108364E-01   -9.544371E-01   -1.223734E-01
    3.123166E-01   -9.559233E-01   -1.075282E-01
    3.137968E-01   -9.553895E-01   -9.111543E-02
    3.152770E-01   -9.540000E-01   -7.407708E-02
    3.167571E-01   -9.512697E-01   -5.610722E-02
    3.182373E-01   -9.480756E-01   -3.782706E-02
    3.197175E-01   -9.443903E-01   -1.921539E-02
    3.211977E-01   -9.406787E-01   -5.646779E-04
    3.226778E-01   -9.373374E-01    1.795927E-02
    3.241580E-01   -9.343755E-01    3.634652E-02
    3.256382E-01   -9.325131E-01    5.437547E-02
    3.271183E-01   -9.313411E-01    7.221106E-02
    3.285985E-01   -9.317641E-01    8.967283E-02
    3.300787E-01   -9.330561E-01    1.069622E-01
    3.315589E-01   -9.361568E-01    1.239192E-01
    3.330390E-01   -9.401625E-01    1.406907E-01
    3.345192E-01   -9.459151E-01    1.569687E-01
    3.359994E-01   -9.524819E-01    1.728859E-01
    3.374796E-01   -9.605129E-01    1.877403E-01
    3.389597E-01   -9.691774E-01    2.018408E-01
    3.404399E-01   -9.788928E-01    2.139122E-01
    3.419201E-01   -9.890224E-01    2.246903E-01
    3.434003E-01   -9.997661E-01    2.323366E-01
    3.448804E-01   -1.010719E+00    2.381742E-01
    3.463606E-01   -1.021924E+00    2.400098E-01
    3.478408E-01   -1.033190E+00    2.397169E-01
    3.493209E-01   -1.044485E+00    2.350550E-01
    3.508011E-01   -1.055765E+00    2.282246E-01
    3.522813E-01   -1.066992E+00    2.172215E-01
    3.537615E-01   -1.078189E+00    2.042719E-01
    3.552416E-01   -1.089331E+00    1.878055E-01
    3.567218E-01   -1.100443E+00    1.698080E-01
    3.582020E-01   -1.111461E+00    1.492659E-01
    3.596822E-01   -1.122395E+00    1.277346E-01
    3.611623E-01   -1.133030E+00    1.048259E-01
    3.626425E-01   -1.143416E+00    8.153669E-02
    3.641227E-01   -1.153038E+00    5.809601E-02
    3.656029E-01   -1.162110E+00    3.486655E-02
    3.670830E-01   -1.169688E+00    1.256634E-02
    3.685632E-01   -1.176301E+00   -9.065071E-03
    3.700434E-01   -1.180523E+00   -2.907621E-02
    3.715236E-01   -1.183319E+00   -4.820815E-02
    3.730037E-01   -1.182826E+00   -6.559617E-02
    3.744839E-01   -1.180492E+00   -8.219392E-02
    3.759641E-01   -1.174145E+00   -9.750840E-02
    3.774442E-01   -1.165665E+00   -1.123848E-01
    3.789244E-01   -1.152747E+00   -1.268714E-01
    3.804046E-01   -1.137568E+00   -1.414288E-01
    3.818848E-01   -1.117873E+00   -1.566678E-01
    3.833649E-01   -1.095962E+00   -1.725044E-01
    3.848451E-01   -1.069780E+00   -1.899903E-01
    3.863253E-01   -1.041579E+00   -2.084834E-01
    3.878055E-01   -1.009638E+00   -2.292450E-01
    3.892856E-01   -9.760067E-01   -2.512057E-01
    3.907658E-01   -9.394190E-01   -2.755682E-01
    3.922460E-01   -9.015957E-01   -3.010763E-01
    3.937262E-01   -8.618460E-01   -3.286748E-01
    3.952063E-01   -8.214329E-01   -3.571906E-01
    3.966865E-01   -7.803344E-01   -3.872704E-01
    3.981667E-01   -7.392244E-01   -4.180093E-01
    3.996468E-01   -6.987443E-01   -4.498767E-01
    4.011270E-01   -6.588801E-01   -4.822503E-01
    4.026072E-01   -6.207510E-01   -5.155932E-01
    4.040874E-01   -5.836667E-01   -5.494268E-01
    4.055675E-01   -5.488293E-01   -5.842756E-01
    4.070477E-01   -5.150763E-01   -6.196388E-01
    4.085279E-01   -4.831551E-01   -6.559803E-01
    4.100081E-01   -4.518507E-01   -6.927348E-01
    4.114882E-01   -4.209402E-01   -7.300345E-01
    4.129684E-01   -3.897075E-01   -7.673959E-01
    4.144486E-01   -3.566570E-01   -8.043191E-01
    4.159288E-01   -3.220825E-01   -8.406795E-01
    4.174089E-01   -2.832614E-01   -8.751258E-01
    4.188891E-01   -2.417791E-01   -9.081846E-01
    4.203693E-01   -1.941094E-01   -9.375712E-01
    4.218495E-01   -1.430591E-01   -9.646737E-01
    4.233296E-01   -8.503349E-02   -9.863560E-01
    4.248098E-01   -2.361989E-02   -1.004946E+00
    4.262900E-01    4.392045E-02   -1.016714E+00
    4.277701E-01    1.139664E-01   -1.024838E+00
    4.292503E-01    1.874490E-01   -1.025402E+00
    4.307305E-01    2.616497E-01   -1.022154E+00
    4.322107E-01    3.349229E-01   -1.011420E+00
    4.336908E-01    4.064160E-01   -9.970991E-01
    4.351710E-01    4.715687E-01   -9.760511E-01
    4.366512E-01    5.321614E-01   -9.519046E-01
    4.381314E-01    5.810159E-01   -9.221254E-01
    4.396115E-01    6.228552E-01   -8.898099E-01
    4.410917E-01    6.488483E-01   -8.529535E-01
    4.425719E-01    6.663101E-01   -8.140756E-01
    4.440521E-01    6.661715E-01   -7.716260E-01
    4.455322E-01    6.573177E-01   -7.276207E-01
    4.470124E-01    6.318831E-01   -6.809679E-01
    4.484926E-01    5.988834E-01   -6.332281E-01
    4.499727E-01    5.526815E-01   -5.837920E-01
    4.514529E-01    5.010054E-01   -5.337409E-01
    4.529331E-01    4.407970E-01   -4.828924E-01
    4.544133E-01    3.775321E-01   -4.318339E-01
    4.558934E-01    3.104383E-01   -3.806633E-01
    4.573736E-01    2.424512E-01   -3.295552E-01
    4.588538E-01    1.744091E-01   -2.787483E-01
    4.603340E-01    1.070350E-01   -2.281613E-01
    4.618141E-01    4.205202E-02   -1.781436E-01
    4.632943E-01   -2.135874E-02   -1.284863E-01
    4.647745E-01   -8.112064E-02   -7.975093E-02
    4.662547E-01   -1.388994E-01   -3.161424E-02
    4.677348E-01   -1.925189E-01    1.495814E-02
    4.692150E-01   -2.439974E-01    6.051311E-02
    4.706952E-01   -2.911000E-01    1.034544E-01
    4.721754E-01   -3.359698E-01    1.447468E-01
    4.736555E-01   -3.762820E-01    1.819675E-01
    4.751357E-01   -4.142718E-01    2.167337E-01
    4.766159E-01   -4.475563E-01    2.457335E-01
    4.780960E-01   -4.784841E-01    2.714381E-01
    4.795762E-01   -5.047714E-01    2.898235E-01
    4.810564E-01   -5.288267E-01    3.042630E-01
    4.825366E-01   -5.487119E-01    3.104449E-01
    4.840167E-01   -5.667177E-01    3.124355E-01
    4.854969E-01   -5.814801E-01    3.061680E-01
    4.869771E-01   -5.949173E-01    2.959517E-01
    4.884573E-01   -6.063394E-01    2.783990E-01
    4.899374E-01   -6.170718E-01    2.575341E-01
    4.914176E-01   -6.270195E-01    2.308522E-01
    4.928978E-01   -6.368335E-01    2.016871E-01
    4.943780E-01   -6.467906E-01    1.684060E-01
    4.958581E-01   -6.569626E-01    1.334768E-01
    4.973383E-01   -6.677210E-01    9.602559E-02
    4.988185E-01   -6.787883E-01    5.767628E-02
    5.002986E-01   -6.903944E-01    1.821708E-02
    5.017788E-01   -7.021860E-01   -2.146651E-02
    5.032590E-01   -7.141182E-01   -6.094714E-02
    5.047392E-01   -7.259880E-01   -9.999899E-02
    5.062193E-01   -7.374597E-01   -1.375320E-01
    5.076995E-01   -7.486038E-01   -1.739754E-01
    5.091797E-01   -7.588732E-01   -2.076000E-01
    5.106599E-01   -7.686209E-01   -2.395207E-01
    5.121400E-01   -7.772180E-01   -2.675297E-01
    5.136202E-01   -7.852176E-01   -2.933894E-01
    5.151004E-01   -7.920377E-01   -3.147000E-01
    5.165806E-01   -7.983010E-01   -3.336798E-01
    5.180607E-01   -8.035537E-01   -3.480031E-01
    5.195409E-01   -8.083622E-01   -3.600387E-01
    5.210211E-01   -8.124032E-01   -3.676010E-01
    5.225013E-01   -8.161105E-01   -3.729591E-01
    5.239814E-01   -8.192083E-01   -3.738862E-01
    5.254616E-01   -8.220011E-01   -3.725280E-01
    5.269418E-01   -8.241102E-01   -3.663383E-01
    5.284219E-01   -8.258004E-01   -3.575546E-01
    5.299021E-01   -8.264171E-01   -3.431830E-01
    5.313823E-01   -8.263420E-01   -3.258306E-01
    5.328625E-01   -8.245127E-01   -3.022483E-01
    5.343426E-01   -8.216026E-01   -2.755084E-01
    5.358228E-01   -8.161147E-01   -2.426154E-01
    5.373030E-01   -8.091419E-01   -2.068720E-01
    5.387832E-01   -7.988662E-01   -1.661853E-01
    5.402633E-01   -7.868176E-01   -1.235477E-01
    5.417435E-01   -7.710988E-01   -7.827962E-02
    5.432237E-01   -7.535519E-01   -3.240213E-02
    5.447039E-01   -7.325118E-01    1.325595E-02
    5.461840E-01   -7.098819E-01    5.813613E-02
    5.476642E-01   -6.845259E-01    1.003519E-01
    5.491444E-01   -6.580941E-01    1.408484E-01
    5.506245E-01   -6.301780E-01    1.775371E-01
    5.521047E-01   -6.018822E-01    2.123525E-01
    5.535849E-01   -5.735692E-01    2.438882E-01
    5.550651E-01   -5.456061E-01    2.741865E-01
    5.565452E-01   -5.189935E-01    3.030534E-01
    5.580254E-01   -4.933284E-01    3.317895E-01
    5.595056E-01   -4.699649E-01    3.614517E-01
    5.609858E-01   -4.478745E-01    3.921356E-01
    5.624659E-01   -4.283995E-01    4.258466E-01
    5.639461E-01   -4.101785E-01    4.614795E-01
    5.654263E-01   -3.941918E-01    5.015930E-01
    5.669065E-01   -3.791132E-01    5.441750E-01
    5.683866E-01   -3.653185E-01    5.919710E-01
    5.698668E-01   -3.518624E-01    6.424198E-01
    5.713470E-01   -3.384469E-01    6.980631E-01
    5.728271E-01   -3.247425E-01    7.561334E-01
    5.743073E-01   -3.099116E-01    8.184567E-01
    5.757875E-01   -2.943029E-01    8.824637E-01
    5.772677E-01   -2.768780E-01    9.486599E-01
    5.787478E-01   -2.585204E-01    1.015226E+00
    5.802280E-01   -2.384946E-01    1.080871E+00
    5.817082E-01   -2.178675E-01    1.145167E+00
    5.831884E-01   -1.967775E-01    1.205007E+00
    5.846685E-01   -1.759556E-01    1.261830E+00
    5.861487E-01   -1.568907E-01    1.311387E+00
    5.876289E-01   -1.393952E-01    1.356940E+00
    5.891091E-01   -1.264997E-01    1.394344E+00
    5.905892E-01   -1.166249E-01    1.427918E+00
    5.920694E-01   -1.141050E-01    1.454905E+00
    5.935496E-01   -1.158009E-01    1.479360E+00
    5.950298E-01   -1.266684E-01    1.500528E+00
    5.965099E-01   -1.422838E-01    1.520940E+00
    5.979901E-01   -1.672509E-01    1.541357E+00
    5.994703E-01   -1.965788E-01    1.562303E+00
    6.009504E-01   -2.335299E-01    1.584734E+00
    6.024306E-01   -2.735362E-01    1.607787E+00
    6.039108E-01   -3.178080E-01    1.631229E+00
    6.053910E-01   -3.631766E-01    1.654194E+00
    6.068711E-01   -4.085577E-01    1.674582E+00
    6.083513E-01   -4.528594E-01    1.692837E+00
    6.098315E-01   -4.929553E-01    1.705271E+00
    6.113117E-01   -5.300363E-01    1.714158E+00
    6.127918E-01   -5.595670E-01    1.715048E+00
    6.142720E-01   -5.847440E-01    1.711676E+00
    6.157522E-01   -6.004558E-01    1.699589E+00
    6.172324E-01   -6.112626E-01    1.683175E+00
    6.187125E-01   -6.123194E-01    1.658342E+00
    6.201927E-01   -6.087184E-01    1.629468E+00
    6.216729E-01   -5.965616E-01    1.592902E+00
    6.231530E-01   -5.806358E-01    1.552714E+00
    6.246332E-01   -5.583677E-01    1.505786E+00
    6.261134E-01   -5.335705E-01    1.455786E+00
    6.275936E-01   -5.049993E-01    1.400341E+00
    6.290737E-01   -4.751422E-01    1.342576E+00
    6.305539E-01   -4.437688E-01    1.281056E+00
    6.320341E-01   -4.120707E-01    1.218126E+00
    6.335143E-01   -3.803876E-01    1.153302E+00
    6.349944E-01   -3.489494E-01    1.087971E+00
    6.364746E-01   -3.183240E-01    1.022420E+00
    6.379548E-01   -2.882166E-01    9.571023E-01
    6.394350E-01   -2.593271E-01    8.928182E-01
    6.409151E-01   -2.311428E-01    8.292717E-01
    6.423953E-01   -2.046101E-01    7.675059E-01
    6.438755E-01   -1.790554E-01    7.067077E-01
    6.453557E-01   -1.558171E-01    6.478272E-01
    6.468358E-01   -1.339303E-01    5.898036E-01
    6.483160E-01   -1.151137E-01    5.331029E-01
    6.497962E-01   -9.798020E-02    4.767886E-01
    6.512763E-01   -8.438631E-02    4.205991E-01
    6.527565E-01   -7.256731E-02    3.641450E-01
    6.542367E-01   -6.411927E-02    3.066157E-01
    6.557169E-01   -5.716914E-02    2.483876E-01
    6.571970E-01   -5.265469E-02    1.887621E-01
    6.586772E-01   -4.899910E-02    1.286320E-01
    6.601574E-01   -4.622476E-02    6.829055E-02
    6.616376E-01   -4.343674E-02    8.436247E-03
    6.631177E-01   -3.968899E-02   -4.892595E-02
    6.645979E-01   -3.500618E-02   -1.041558E-01
    6.660781E-01   -2.760414E-02   -1.531776E-01
    6.675583E-01   -1.846358E-02   -1.980799E-01
    6.690384E-01   -5.198810E-03   -2.327014E-01
    6.705186E-01    1.039204E-02   -2.611944E-01
    6.719988E-01    3.104488E-02   -2.756016E-01
    6.734789E-01    5.437857E-02   -2.821701E-01
    6.749591E-01    8.327576E-02   -2.718074E-01
    6.764393E-01    1.150130E-01   -2.525714E-01
    6.779195E-01    1.524720E-01   -2.153002E-01
    6.793996E-01    1.927785E-01   -1.691592E-01
    6.808798E-01    2.386862E-01   -1.061734E-01
    6.823600E-01    2.873123E-01   -3.549404E-02
    6.838402E-01    3.411325E-01    4.863004E-02
    6.853203E-01    3.973850E-01    1.383177E-01
    6.868005E-01    4.580734E-01    2.365545E-01
    6.882807E-01    5.207101E-01    3.376972E-01
    6.897609E-01    5.865817E-01    4.418257E-01
    6.912410E-01    6.536727E-01    5.460092E-01
    6.927212E-01    7.222625E-01    6.473935E-01
    6.942014E-01    7.910583E-01    7.459132E-01
    6.956816E-01    8.590376E-01    8.357869E-01
    6.971617E-01    9.259330E-01    9.199224E-01
    6.986419E-01    9.892241E-01    9.899593E-01
    7.001221E-01    1.049980E+00    1.051822E+00
    7.016022E-01    1.104241E+00    1.095643E+00
    7.030824E-01    1.154608E+00    1.129964E+00
    7.045626E-01    1.196108E+00    1.145197E+00
    7.060428E-01    1.232782E+00    1.151311E+00
    7.075229E-01    1.259379E+00    1.140950E+00
    7.090031E-01    1.280917E+00    1.123633E+00
    7.104833E-01    1.292666E+00    1.095578E+00
    7.119635E-01    1.299854E+00    1.063915E+00
    7.134436E-01    1.298839E+00    1.028614E+00
    7.149238E-01    1.294261E+00    9.931663E-01
    7.164040E-01    1.283694E+00    9.602646E-01
    7.178842E-01    1.270682E+00    9.296979E-01
    7.193643E-01    1.253769E+00    9.050704E-01
    7.208445E-01    1.235329E+00    8.835970E-01
    7.223247E-01    1.214525E+00    8.679537E-01
    7.238048E-01    1.192825E+00    8.546382E-01
    7.252850E-01    1.169828E+00    8.443424E-01
    7.267652E-01    1.146428E+00    8.346548E-01
    7.282454E-01    1.122758E+00    8.245319E-01
    7.297255E-01    1.099270E+00    8.135910E-01
    7.312057E-01    1.076906E+00    8.005026E-01
    7.326859E-01    1.055540E+00    7.864983E-01
    7.341661E-01    1.037132E+00    7.718162E-01
    7.356462E-01    1.020701E+00    7.577309E-01
    7.371264E-01    1.009194E+00    7.471880E-01
    7.386066E-01    1.000585E+00    7.396674E-01
    7.400868E-01    9.984780E-01    7.404914E-01
    7.415669E-01    9.998657E-01    7.463707E-01
    7.430471E-01    1.008468E+00    7.633401E-01
    7.445273E-01    1.020644E+00    7.858848E-01
    7.460075E-01    1.039593E+00    8.187244E-01
    7.474876E-01    1.061585E+00    8.558936E-01
    7.489678E-01    1.088664E+00    8.995408E-01
    7.504480E-01    1.117638E+00    9.452089E-01
    7.519281E-01    1.148828E+00    9.925217E-01
    7.534083E-01    1.180220E+00    1.039602E+00
    7.548885E-01    1.210024E+00    1.084567E+00
    7.563687E-01    1.237985E+00    1.127918E+00
    7.578488E-01    1.260159E+00    1.167461E+00
    7.593290E-01    1.278447E+00    1.205034E+00
    7.608092E-01    1.287216E+00    1.238857E+00
    7.622894E-01    1.290536E+00    1.270991E+00
    7.637695E-01    1.282049E+00    1.300149E+00
    7.652497E-01    1.267477E+00    1.327976E+00
    7.667299E-01    1.240950E+00    1.353248E+00
    7.682101E-01    1.208830E+00    1.377153E+00
    7.696902E-01    1.166783E+00    1.397808E+00
    7.711704E-01    1.120588E+00    1.416392E+00
    7.726506E-01    1.067961E+00    1.429582E+00
    7.741307E-01    1.013089E+00    1.439293E+00
    7.756109E-01    9.556022E-01    1.440280E+00
    7.770911E-01    8.976458E-01    1.435990E+00
    7.785713E-01    8.401400E-01    1.419455E+00
    7.800514E-01    7.833860E-01    1.396121E+00
    7.815316E-01    7.288461E-01    1.358367E+00
    7.830118E-01    6.756135E-01    1.313340E+00
    7.844920E-01    6.251474E-01    1.254417E+00
    7.859721E-01    5.760554E-01    1.189259E+00
    7.874523E-01    5.296039E-01    1.113754E+00
    7.889325E-01    4.844111E-01    1.034397E+00
    7.904127E-01    4.416522E-01    9.502868E-01
    7.918928E-01    4.001052E-01    8.653078E-01
    7.933730E-01    3.610538E-01    7.814464E-01
    7.948532E-01    3.233218E-01    6.993982E-01
    7.963334E-01    2.884180E-01    6.230108E-01
    7.978135E-01    2.550291E-01    5.502022E-01
    7.992937E-01    2.248509E-01    4.855062E-01
    8.007739E-01    1.963448E-01    4.250946E-01
    8.022540E-01    1.712502E-01    3.732837E-01
    8.037342E-01    1.478589E-01    3.256223E-01
    8.052144E-01    1.277988E-01    2.857195E-01
    8.066946E-01    1.093363E-01    2.493504E-01
    8.081747E-01    9.388646E-02    2.192836E-01
    8.096549E-01    7.983520E-02    1.919796E-01
    8.111351E-01    6.834579E-02    1.694586E-01
    8.126153E-01    5.801485E-02    1.489902E-01
    8.140954E-01    4.975392E-02    1.320305E-01
    8.155756E-01    4.240611E-02    1.165700E-01
    8.170558E-01    3.664796E-02    1.036795E-01
    8.185360E-01    3.157158E-02    9.189621E-02
    8.200161E-01    2.764642E-02    8.203235E-02
    8.214963E-01    2.419920E-02    7.300498E-02
    8.229765E-01    2.153273E-02    6.544151E-02
    8.244566E-01    1.918033E-02    5.851964E-02
    8.259368E-01    1.732753E-02    5.272166E-02
    8.274170E-01    1.567235E-02    4.741426E-02
    8.288972E-01    1.433091E-02    4.295879E-02
    8.303773E-01    1.311580E-02    3.887069E-02
    8.318575E-01    1.210922E-02    3.541183E-02
    8.333377E-01    1.119136E-02    3.222085E-02
    8.348179E-01    1.042889E-02    2.948474E-02
    8.362980E-01    9.735835E-03    2.694204E-02
    8.377782E-01    9.167694E-03    2.473062E-02
    8.392584E-01    8.655360E-03    2.266284E-02
    8.407386E-01    8.240904E-03    2.084831E-02
    8.422187E-01    7.868181E-03    1.914735E-02
    8.436989E-01    7.564225E-03    1.765324E-02
    8.451791E-01    7.287537E-03    1.625427E-02
    8.466592E-01    7.052512E-03    1.503097E-02
    8.481394E-01    6.832948E-03    1.388851E-02
    8.496196E-01    6.636192E-03    1.289340E-02
    8.510998E-01    6.448172E-03    1.196448E-02
    8.525799E-01    6.274846E-03    1.115252E-02
    8.540601E-01    6.108499E-03    1.039131E-02
    8.555403E-01    5.956713E-03    9.716996E-03
    8.570205E-01    5.812792E-03    9.079588E-03
    8.585006E-01    5.685641E-03    8.505112E-03
    8.599808E-01    5.567066E-03    7.957916E-03
    8.614610E-01    5.465070E-03    7.459413E-03
    8.629412E-01    5.370576E-03    6.983421E-03
    8.644213E-01    5.288683E-03    6.550424E-03
    8.659015E-01    5.211641E-03    6.138404E-03
    8.673817E-01    5.141327E-03    5.767608E-03
    8.688619E-01    5.073049E-03    5.416912E-03
    8.703420E-01    5.006836E-03    5.104683E-03
    8.718222E-01    4.941068E-03    4.810360E-03
    8.733024E-01    4.875882E-03    4.548325E-03
    8.747825E-01    4.811207E-03    4.300357E-03
    8.762627E-01    4.748514E-03    4.076161E-03
    8.777429E-01    4.687405E-03    3.861789E-03
    8.792231E-01    4.630569E-03    3.663595E-03
    8.807032E-01    4.576258E-03    3.472220E-03
    8.821834E-01    4.527281E-03    3.292984E-03
    8.836636E-01    4.480840E-03    3.119548E-03
    8.851438E-01    4.438715E-03    2.957923E-03
    8.866239E-01    4.398199E-03    2.802521E-03
    8.881041E-01    4.359662E-03    2.660274E-03
    8.895843E-01    4.321532E-03    2.524832E-03
    8.910645E-01    4.283315E-03    2.402967E-03
    8.925446E-01    4.244801E-03    2.287566E-03
    8.940248E-01    4.205622E-03    2.183853E-03
    8.955050E-01    4.166277E-03    2.085141E-03
    8.969851E-01    4.127229E-03    1.994542E-03
    8.984653E-01    4.088712E-03    1.907092E-03
    8.999455E-01    4.051998E-03    1.824449E-03
    9.014257E-01    4.016462E-03    1.743714E-03
    9.029058E-01    3.983549E-03    1.666372E-03
    9.043860E-01    3.951913E-03    1.590780E-03
    9.058662E-01    3.922454E-03    1.519194E-03
    9.073464E-01    3.893778E-03    1.449964E-03
    9.088265E-01    3.865957E-03    1.386132E-03
    9.103067E-01    3.838223E-03    1.325237E-03
    9.117869E-01    3.810135E-03    1.270339E-03
    9.132671E-01    3.781727E-03    1.218294E-03
    9.147472E-01    3.752677E-03    1.171283E-03
    9.162274E-01    3.723435E-03    1.126320E-03
    9.177076E-01    3.694258E-03    1.084408E-03
    9.191878E-01    3.665383E-03    1.043539E-03
    9.206679E-01    3.637622E-03    1.004025E-03
    9.221481E-01    3.610608E-03    9.649924E-04
    9.236283E-01    3.585262E-03    9.268888E-04
    9.251084E-01    3.560720E-03    8.893928E-04
    9.265886E-01    3.537505E-03    8.536100E-04
    9.280688E-01    3.514736E-03    8.189689E-04
    9.295490E-01    3.492363E-03    7.871080E-04
    9.310291E-01    3.469956E-03    7.567877E-04
    9.325093E-01    3.447144E-03    7.295778E-04
    9.339895E-01    3.424054E-03    7.037948E-04
    9.354697E-01    3.400464E-03    6.803699E-04
    9.369498E-01    3.376745E-03    6.578059E-04
    9.384300E-01    3.353136E-03    6.363114E-04
    9.399102E-01    3.329791E-03    6.150789E-04
    9.413904E-01    3.307340E-03    5.940278E-04
    9.428705E-01    3.285461E-03    5.730207E-04
    9.443507E-01    3.264801E-03    5.522509E-04
    9.458309E-01    3.244698E-03    5.317675E-04
    9.473110E-01    3.225444E-03    5.122861E-04
    9.487912E-01    3.206434E-03    4.935141E-04
    9.502714E-01    3.187526E-03    4.764663E-04
    9.517516E-01    3.168506E-03    4.603421E-04
    9.532317E-01    3.149059E-03    4.459773E-04
    9.547119E-01    3.129378E-03    4.323517E-04
    9.561921E-01    3.109352E-03    4.197907E-04
    9.576723E-01    3.089281E-03    4.075324E-04
    9.591524E-01    3.069448E-03    3.954698E-04
    9.606326E-01    3.049899E-03    3.833649E-04
    9.621128E-01    3.031172E-03    3.710729E-04
    9.635930E-01    3.012922E-03    3.587288E-04
    9.650731E-01    2.995602E-03    3.465163E-04
    9.665533E-01    2.978664E-03    3.345316E-04
    9.680335E-01    2.962215E-03    3.233357E-04
    9.695137E-01    2.945853E-03    3.126659E-04
    9.709938E-01    2.929366E-03    3.031812E-04
    9.724740E-01    2.912713E-03    2.942757E-04
    9.739542E-01    2.895647E-03    2.863488E-04
    9.754343E-01    2.878408E-03    2.787654E-04
    9.769145E-01    2.861008E-03    2.715302E-04
    9.783947E-01    2.843662E-03    2.643133E-04
    9.798749E-01    2.826710E-03    2.569134E-04
    9.813550E-01    2.810076E-03    2.493795E-04
    9.828352E-01    2.794215E-03    2.416370E-04
    9.843154E-01    2.778748E-03    2.338810E-04
    9.857956E-01    2.763945E-03    2.263531E-04
    9.872757E-01    2.749365E-03    2.190722E-04
    9.887559E-01    2.734956E-03    2.124981E-04
    9.902361E-01    2.720502E-03    2.063333E-04
    9.917163E-01    2.705764E-03    2.009721E-04
    9.931964E-01    2.690842E-03    1.959447E-04
    9.946766E-01    2.675597E-03    1.913593E-04
    9.961568E-01    2.660268E-03    1.868638E-04
    9.976369E-01    2.645005E-03    1.823088E-04
    9.991171E-01    2.629900E-03    1.776420E-04
    1.000597E+00    2.615328E-03    1.726959E-04
    1.002077E+00    2.601087E-03    1.676403E-04
    1.003558E+00    2.587517E-03    1.625215E-04
    1.005038E+00    2.574230E-03    1.574766E-04
    1.006518E+00    2.561312E-03    1.527924E-04
    1.007998E+00    2.548457E-03    1.483711E-04
    1.009478E+00    2.535499E-03    1.445530E-04
    1.010959E+00    2.522405E-03    1.410234E-04
    1.012439E+00    2.508975E-03    1.379484E-04
    1.013919E+00    2.495402E-03    1.350062E-04
    1.015399E+00    2.481693E-03    1.321192E-04
    1.016879E+00    2.468022E-03    1.291686E-04
    1.018359E+00    2.454656E-03    1.259778E-04
    1.019840E+00    2.441533E-03    1.226568E-04
    1.021320E+00    2.428998E-03    1.191489E-04
    1.022800E+00    2.416750E-03    1.156204E-04
    1.024280E+00    2.404967E-03    1.122305E-04
    1.025760E+00    2.393320E-03    1.089945E-04
    1.027240E+00    2.381723E-03    1.061841E-04
    1.028721E+00    2.370053E-03    1.036057E-04
    1.030201E+00    2.358105E-03    1.014427E-04
    1.031681E+00    2.346002E-03    9.942595E-05
    1.033161E+00    2.333665E-03    9.753497E-05
    1.034641E+00    2.321290E-03    9.562216E-05
    1.036121E+00    2.309045E-03    9.353400E-05
    1.037602E+00    2.296965E-03    9.132646E-05
    1.039082E+00    2.285359E-03    8.889803E-05
    1.040562E+00    2.274019E-03    8.640502E-05
    1.042042E+00    2.263164E-03    8.392330E-05
    1.043522E+00    2.252483E-03    8.152356E-05
    1.045003E+00    2.241957E-03    7.941448E-05
    1.046483E+00    2.231409E-03    7.748557E-05
    1.047963E+00    2.220655E-03    7.591338E-05
    1.049443E+00    2.209758E-03    7.448208E-05
    1.050923E+00    2.198593E-03    7.320588E-05
    1.052403E+00    2.187349E-03    7.193408E-05
    1.053884E+00    2.176121E-03    7.054165E-05
    1.055364E+00    2.164998E-03    6.904850E-05
    1.056844E+00    2.154250E-03    6.734037E-05
    1.058324E+00    2.143736E-03    6.555233E-05
    1.059804E+00    2.133688E-03    6.371212E-05
    1.061284E+00    2.123827E-03    6.191149E-05
    1.062765E+00    2.114177E-03    6.031081E-05
    1.064245E+00    2.104537E-03    5.885000E-05
    1.065725E+00    2.094749E-03    5.768812E-05
    1.067205E+00    2.084834E-03    5.665303E-05
    1.068685E+00    2.074649E-03    5.577404E-05
    1.070165E+00    2.064368E-03    5.491107E-05
    1.071646E+00    2.054040E-03    5.396156E-05
    1.073126E+00    2.043780E-03    5.292729E-05
    1.074606E+00    2.033822E-03    5.169669E-05
    1.076086E+00    2.024070E-03    5.038529E-05
    1.077566E+00    2.014753E-03    4.899788E-05
    1.079046E+00    2.005620E-03    4.762883E-05
    1.080527E+00    1.996714E-03    4.640620E-05
    1.082007E+00    1.987833E-03    4.529579E-05
    1.083487E+00    1.978835E-03    4.443639E-05
    1.084967E+00    1.969721E-03    4.368695E-05
    1.086447E+00    1.960347E-03    4.307763E-05
    1.087928E+00    1.950872E-03    4.248487E-05
    1.089408E+00    1.941328E-03    4.181951E-05
    1.090888E+00    1.931834E-03    4.107954E-05
    1.092368E+00    1.922603E-03    4.016254E-05
    1.093848E+00    1.913558E-03    3.917071E-05
    1.095328E+00    1.904916E-03    3.810299E-05
    1.096809E+00    1.896446E-03    3.704700E-05
    1.098289E+00    1.888189E-03    3.611205E-05
    1.099769E+00    1.879956E-03    3.527242E-05
    1.101249E+00    1.871609E-03    3.464681E-05
    1.102729E+00    1.863151E-03    3.411403E-05
    1.104209E+00    1.854444E-03    3.369502E-05
    1.105690E+00    1.845641E-03    3.328518E-05
    1.107170E+00    1.836776E-03    3.280072E-05
    1.108650E+00    1.827961E-03    3.224638E-05
    1.110130E+00    1.819398E-03    3.153220E-05
    1.111610E+00    1.811013E-03    3.075292E-05
    1.113090E+00    1.803000E-03    2.991363E-05
    1.114571E+00    1.795140E-03    2.908949E-05
    1.116051E+00    1.787457E-03    2.838076E-05
    1.117531E+00    1.779779E-03    2.775794E-05
    1.119011E+00    1.771968E-03    2.731951E-05
    1.120491E+00    1.764044E-03    2.695623E-05
    1.121972E+00    1.755884E-03    2.667243E-05
    1.123452E+00    1.747642E-03    2.638467E-05
    1.124932E+00    1.739372E-03    2.600953E-05
    1.126412E+00    1.731168E-03    2.556609E-05
    1.127892E+00    1.723230E-03    2.498044E-05
    1.129372E+00    1.715465E-03    2.434314E-05
    1.130853E+00    1.708039E-03    2.367397E-05
    1.132333E+00    1.700739E-03    2.303033E-05
    1.133813E+00    1.693552E-03    2.250836E-05
    1.135293E+00    1.686343E-03    2.206638E-05
    1.136773E+00    1.678963E-03    2.178003E-05
    1.138253E+00    1.671467E-03    2.154884E-05
    1.139734E+00    1.663761E-03    2.135510E-05
    1.141214E+00    1.655999E-03    2.114047E-05
    1.142694E+00    1.648270E-03    2.082136E-05
    1.144174E+00    1.640633E-03    2.043598E-05
    1.145654E+00    1.633290E-03    1.993235E-05
    1.147134E+00    1.626113E-03    1.939546E-05
    1.148615E+00    1.619225E-03    1.886539E-05
    1.150095E+00    1.612425E-03    1.837519E-05
    1.151575E+00    1.605649E-03    1.801585E-05
    1.153055E+00    1.598814E-03    1.772925E-05
    1.154535E+00    1.591770E-03    1.756241E-05
    1.156016E+00    1.584613E-03    1.742641E-05
    1.157496E+00    1.577300E-03    1.727911E-05
    1.158976E+00    1.569972E-03    1.709311E-05
    1.160456E+00    1.562764E-03    1.679031E-05
    1.161936E+00    1.555680E-03    1.642852E-05
    1.163416E+00    1.548908E-03    1.598567E-05
    1.164897E+00    1.542285E-03    1.553390E-05
    1.166377E+00    1.535866E-03    1.513420E-05
    1.167857E+00    1.529479E-03    1.478813E-05
    1.169337E+00    1.523011E-03    1.457336E-05
    1.170817E+00    1.516447E-03    1.441724E-05
    1.172297E+00    1.509661E-03    1.433091E-05
    1.173778E+00    1.502787E-03    1.424638E-05
    1.175258E+00    1.495852E-03    1.410097E-05
    1.176738E+00    1.488960E-03    1.390369E-05
    1.178218E+00    1.482285E-03    1.359464E-05
    1.179698E+00    1.475756E-03    1.324414E-05
    1.181178E+00    1.469519E-03    1.286702E-05
    1.182659E+00    1.463386E-03    1.250938E-05
    1.184139E+00    1.457328E-03    1.224486E-05
    1.185619E+00    1.451234E-03    1.203989E-05
    1.187099E+00    1.444961E-03    1.194399E-05
    1.188579E+00    1.438578E-03    1.188136E-05
    1.190060E+00    1.432018E-03    1.182380E-05
    1.191540E+00    1.425426E-03    1.173837E-05
    1.193020E+00    1.418912E-03    1.155652E-05
    1.194500E+00    1.412503E-03    1.132264E-05
    1.195980E+00    1.406377E-03    1.101231E-05
    1.197460E+00    1.400390E-03    1.069051E-05
    1.198941E+00    1.394597E-03    1.040737E-05
    1.200421E+00    1.388832E-03    1.016839E-05
    1.201901E+00    1.382984E-03    1.003958E-05
    1.203381E+00    1.377043E-03    9.959432E-06
    1.204861E+00    1.370887E-03    9.933623E-06
    1.206341E+00    1.364649E-03    9.905461E-06
    1.207822E+00    1.358366E-03    9.816962E-06
    1.209302E+00    1.352134E-03    9.681393E-06
    1.210782E+00    1.346123E-03    9.450888E-06
    1.212262E+00    1.340253E-03    9.189017E-06
    1.213742E+00    1.334637E-03    8.918454E-06
    1.215222E+00    1.329099E-03    8.672258E-06
    1.216703E+00    1.323577E-03    8.516315E-06
    1.218183E+00    1.317995E-03    8.411447E-06
    1.219663E+00    1.312210E-03    8.387303E-06
    1.221143E+00    1.306323E-03    8.379833E-06
    1.222623E+00    1.300308E-03    8.348495E-06
    1.224103E+00    1.294296E-03    8.281460E-06
    1.225584E+00    1.288430E-03    8.121532E-06
    1.227064E+00    1.282687E-03    7.921091E-06
    1.228544E+00    1.277216E-03    7.680474E-06
    1.230024E+00    1.271852E-03    7.447422E-06
    1.231504E+00    1.266578E-03    7.279852E-06
    1.232985E+00    1.261277E-03    7.159015E-06
    1.234465E+00    1.255807E-03    7.127786E-06
    1.235945E+00    1.250231E-03    7.124282E-06
    1.237425E+00    1.244482E-03    7.123790E-06
    1.238905E+00    1.238702E-03    7.098678E-06
    1.240385E+00    1.233006E-03    6.990832E-06
    1.241866E+00    1.227413E-03    6.840238E-06
    1.243346E+00    1.222086E-03    6.632978E-06
    1.244826E+00    1.216878E-03    6.422258E-06
    1.246306E+00    1.211806E-03    6.257118E-06
    1.247786E+00    1.206730E-03    6.132927E-06
    1.249266E+00    1.201516E-03    6.097877E-06
    1.250747E+00    1.196197E-03    6.095279E-06
    1.252227E+00    1.190685E-03    6.110714E-06
    1.253707E+00    1.185125E-03    6.108946E-06
    1.255187E+00    1.179610E-03    6.034034E-06
    1.256667E+00    1.174184E-03    5.917232E-06
    1.258147E+00    1.169014E-03    5.738017E-06
    1.259628E+00    1.163967E-03    5.550186E-06
    1.261108E+00    1.159073E-03    5.396969E-06
    1.262588E+00    1.154185E-03    5.280591E-06
    1.264068E+00    1.149172E-03    5.249727E-06
    1.265548E+00    1.144056E-03    5.251801E-06
    1.267029E+00    1.138742E-03    5.276066E-06
    1.268509E+00    1.133374E-03    5.285796E-06
    1.269989E+00    1.128040E-03    5.227156E-06
    1.271469E+00    1.122793E-03    5.128249E-06
    1.272949E+00    1.117797E-03    4.968492E-06
    1.274429E+00    1.112922E-03    4.800169E-06
    1.275910E+00    1.108194E-03    4.665263E-06
    1.277390E+00    1.103468E-03    4.565909E-06
    1.278870E+00    1.098607E-03    4.547995E-06
    1.280350E+00    1.093642E-03    4.560361E-06
    1.281830E+00    1.088483E-03    4.589342E-06
    1.283310E+00    1.083277E-03    4.601728E-06
    1.284791E+00    1.078125E-03    4.545006E-06
    1.286271E+00    1.073066E-03    4.449951E-06
    1.287751E+00    1.068263E-03    4.302086E-06
    1.289231E+00    1.063573E-03    4.150563E-06
    1.290711E+00    1.058997E-03    4.040287E-06
    1.292191E+00    1.054404E-03    3.966638E-06
    1.293672E+00    1.049647E-03    3.968928E-06
    1.295152E+00    1.044780E-03    3.995368E-06
    1.296632E+00    1.039741E-03    4.023313E-06
    1.298112E+00    1.035518E-03    4.033213E-06
    1.299592E+00    1.034677E-03    4.028581E-06
