   -2.414163E+00   -4.167378E-09   -7.947021E-10
   -2.412683E+00   -2.469440E-08   -4.886471E-09
   -2.411203E+00   -4.893998E-08   -9.808965E-09
   -2.409722E+00   -7.180582E-08   -1.444926E-08
   -2.408242E+00   -9.382434E-08   -1.875755E-08
   -2.406762E+00   -1.140297E-07   -2.203848E-08
   -2.405282E+00   -1.333717E-07   -2.465520E-08
   -2.403802E+00   -1.512657E-07   -2.574146E-08
   -2.402322E+00   -1.686556E-07   -2.602420E-08
   -2.400841E+00   -1.855900E-07   -2.476213E-08
   -2.399361E+00   -2.026006E-07   -2.282781E-08
   -2.397881E+00   -2.203653E-07   -1.987276E-08
   -2.396401E+00   -2.387737E-07   -1.661742E-08
   -2.394921E+00   -2.588829E-07   -1.324141E-08
   -2.393441E+00   -2.799687E-07   -1.005340E-08
   -2.391960E+00   -3.030760E-07   -7.709950E-09
   -2.390480E+00   -3.271334E-07   -5.987784E-09
   -2.389000E+00   -3.527933E-07   -5.799681E-09
   -2.387520E+00   -3.790321E-07   -6.458160E-09
   -2.386040E+00   -4.058817E-07   -8.823118E-09
   -2.384560E+00   -4.327376E-07   -1.197520E-08
   -2.383079E+00   -4.590144E-07   -1.643743E-08
   -2.381599E+00   -4.847361E-07   -2.136944E-08
   -2.380119E+00   -5.089255E-07   -2.679850E-08
   -2.378639E+00   -5.322108E-07   -3.223884E-08
   -2.377159E+00   -5.535809E-07   -3.723715E-08
   -2.375678E+00   -5.740278E-07   -4.180683E-08
   -2.374198E+00   -5.928627E-07   -4.518738E-08
   -2.372718E+00   -6.110793E-07   -4.786191E-08
   -2.371238E+00   -6.285387E-07   -4.902577E-08
   -2.369758E+00   -6.458876E-07   -4.944917E-08
   -2.368278E+00   -6.635594E-07   -4.854247E-08
   -2.366797E+00   -6.816428E-07   -4.709800E-08
   -2.365317E+00   -7.009617E-07   -4.491016E-08
   -2.363837E+00   -7.210420E-07   -4.253950E-08
   -2.362357E+00   -7.427843E-07   -4.019115E-08
   -2.360877E+00   -7.653477E-07   -3.803546E-08
   -2.359397E+00   -7.893798E-07   -3.657102E-08
   -2.357916E+00   -8.139913E-07   -3.556362E-08
   -2.356436E+00   -8.393473E-07   -3.559232E-08
   -2.354956E+00   -8.648353E-07   -3.614559E-08
   -2.353476E+00   -8.900857E-07   -3.765428E-08
   -2.351996E+00   -9.149789E-07   -3.954632E-08
   -2.350516E+00   -9.387486E-07   -4.194151E-08
   -2.349035E+00   -9.618038E-07   -4.443229E-08
   -2.347555E+00   -9.832554E-07   -4.678379E-08
   -2.346075E+00   -1.003890E-06   -4.890665E-08
   -2.344595E+00   -1.023009E-06   -5.029554E-08
   -2.343115E+00   -1.041495E-06   -5.121208E-08
   -2.341634E+00   -1.059083E-06   -5.105746E-08
   -2.340154E+00   -1.076444E-06   -5.035150E-08
   -2.338674E+00   -1.093839E-06   -4.860847E-08
   -2.337194E+00   -1.111494E-06   -4.642527E-08
   -2.335714E+00   -1.130116E-06   -4.359574E-08
   -2.334234E+00   -1.149404E-06   -4.058858E-08
   -2.332753E+00   -1.170283E-06   -3.754927E-08
   -2.331273E+00   -1.192022E-06   -3.465774E-08
   -2.329793E+00   -1.215470E-06   -3.236632E-08
   -2.328313E+00   -1.239700E-06   -3.050289E-08
   -2.326833E+00   -1.265223E-06   -2.968138E-08
   -2.325353E+00   -1.291210E-06   -2.943129E-08
   -2.323872E+00   -1.317688E-06   -3.033213E-08
   -2.322392E+00   -1.344178E-06   -3.176615E-08
   -2.320912E+00   -1.370236E-06   -3.409717E-08
   -2.319432E+00   -1.395870E-06   -3.675704E-08
   -2.317952E+00   -1.420327E-06   -3.978566E-08
   -2.316472E+00   -1.444080E-06   -4.284142E-08
   -2.314991E+00   -1.466321E-06   -4.563709E-08
   -2.313511E+00   -1.487819E-06   -4.815821E-08
   -2.312031E+00   -1.507982E-06   -4.988929E-08
   -2.310551E+00   -1.527607E-06   -5.113821E-08
   -2.309071E+00   -1.546515E-06   -5.132824E-08
   -2.307591E+00   -1.565270E-06   -5.098472E-08
   -2.306110E+00   -1.584162E-06   -4.965219E-08
   -2.304630E+00   -1.603337E-06   -4.790394E-08
   -2.303150E+00   -1.623467E-06   -4.554844E-08
   -2.301670E+00   -1.644230E-06   -4.302577E-08
   -2.300190E+00   -1.666472E-06   -4.046875E-08
   -2.298709E+00   -1.689502E-06   -3.804631E-08
   -2.297229E+00   -1.714083E-06   -3.617630E-08
   -2.295749E+00   -1.739367E-06   -3.470298E-08
   -2.294269E+00   -1.765802E-06   -3.420311E-08
   -2.292789E+00   -1.792644E-06   -3.424266E-08
   -2.291309E+00   -1.819896E-06   -3.538393E-08
   -2.289828E+00   -1.847138E-06   -3.704558E-08
   -2.288348E+00   -1.873934E-06   -3.960820E-08
   -2.286868E+00   -1.900313E-06   -4.251756E-08
   -2.285388E+00   -1.925535E-06   -4.586108E-08
   -2.283908E+00   -1.950064E-06   -4.927588E-08
   -2.282428E+00   -1.973082E-06   -5.253093E-08
   -2.280947E+00   -1.995341E-06   -5.556046E-08
   -2.279467E+00   -2.016194E-06   -5.787914E-08
   -2.277987E+00   -2.036454E-06   -5.973707E-08
   -2.276507E+00   -2.055836E-06   -6.052569E-08
   -2.275027E+00   -2.074969E-06   -6.074154E-08
   -2.273547E+00   -2.094021E-06   -5.981060E-08
   -2.272066E+00   -2.113247E-06   -5.834211E-08
   -2.270586E+00   -2.133223E-06   -5.593571E-08
   -2.269106E+00   -2.153751E-06   -5.315576E-08
   -2.267626E+00   -2.175660E-06   -4.985743E-08
   -2.266146E+00   -2.198349E-06   -4.642412E-08
   -2.264665E+00   -2.222674E-06   -4.296978E-08
   -2.263185E+00   -2.247796E-06   -3.962012E-08
   -2.261705E+00   -2.274368E-06   -3.667443E-08
   -2.260225E+00   -2.301546E-06   -3.400309E-08
   -2.258745E+00   -2.329614E-06   -3.196520E-08
   -2.257265E+00   -2.357944E-06   -3.025381E-08
   -2.255784E+00   -2.386398E-06   -2.914972E-08
   -2.254304E+00   -2.414719E-06   -2.829629E-08
   -2.252824E+00   -2.442413E-06   -2.778760E-08
   -2.251344E+00   -2.469644E-06   -2.735433E-08
   -2.249864E+00   -2.495721E-06   -2.685686E-08
   -2.248384E+00   -2.521158E-06   -2.621791E-08
   -2.246903E+00   -2.545284E-06   -2.509114E-08
   -2.245423E+00   -2.568793E-06   -2.363324E-08
   -2.243943E+00   -2.591238E-06   -2.138320E-08
   -2.242463E+00   -2.613277E-06   -1.869990E-08
   -2.240983E+00   -2.634824E-06   -1.513820E-08
   -2.239503E+00   -2.656303E-06   -1.116392E-08
   -2.238022E+00   -2.678018E-06   -6.480961E-09
   -2.236542E+00   -2.700032E-06   -1.530383E-09
   -2.235062E+00   -2.722963E-06    3.735206E-09
   -2.233582E+00   -2.746482E-06    9.031524E-09
   -2.232102E+00   -2.771359E-06    1.411825E-08
   -2.230621E+00   -2.796960E-06    1.896447E-08
   -2.229141E+00   -2.823999E-06    2.307520E-08
   -2.227661E+00   -2.851704E-06    2.670755E-08
   -2.226181E+00   -2.880548E-06    2.920917E-08
   -2.224701E+00   -2.909826E-06    3.108764E-08
   -2.223221E+00   -2.939643E-06    3.166965E-08
   -2.221740E+00   -2.969549E-06    3.161251E-08
   -2.220260E+00   -2.999260E-06    3.036188E-08
   -2.218780E+00   -3.028695E-06    2.858720E-08
   -2.217300E+00   -3.057258E-06    2.596063E-08
   -2.215820E+00   -3.085256E-06    2.302516E-08
   -2.214340E+00   -3.111940E-06    1.972873E-08
   -2.212859E+00   -3.137920E-06    1.638356E-08
   -2.211379E+00   -3.162488E-06    1.319469E-08
   -2.209899E+00   -3.186396E-06    1.019843E-08
   -2.208419E+00   -3.209156E-06    7.778167E-09
   -2.206939E+00   -3.231465E-06    5.716924E-09
   -2.205459E+00   -3.253173E-06    4.459821E-09
   -2.203978E+00   -3.274749E-06    3.618084E-09
   -2.202498E+00   -3.296403E-06    3.574449E-09
   -2.201018E+00   -3.318262E-06    3.885949E-09
   -2.199538E+00   -3.340829E-06    4.772143E-09
   -2.198058E+00   -3.363871E-06    5.859216E-09
   -2.196577E+00   -3.388034E-06    7.150359E-09
   -2.195097E+00   -3.412804E-06    8.439322E-09
   -2.193617E+00   -3.438787E-06    9.519250E-09
   -2.192137E+00   -3.465336E-06    1.040121E-08
   -2.190657E+00   -3.492850E-06    1.073068E-08
   -2.189177E+00   -3.520729E-06    1.072603E-08
   -2.187696E+00   -3.549053E-06    9.985629E-09
   -2.186216E+00   -3.577437E-06    8.869780E-09
   -2.184736E+00   -3.605609E-06    7.040844E-09
   -2.183256E+00   -3.633511E-06    4.899224E-09
   -2.181776E+00   -3.660582E-06    2.263601E-09
   -2.180296E+00   -3.687113E-06   -5.360546E-10
   -2.178815E+00   -3.712389E-06   -3.474431E-09
   -2.177335E+00   -3.736987E-06   -6.382048E-09
   -2.175855E+00   -3.760210E-06   -9.030006E-09
   -2.174375E+00   -3.782781E-06   -1.145643E-08
   -2.172895E+00   -3.804195E-06   -1.328262E-08
   -2.171415E+00   -3.825142E-06   -1.474807E-08
   -2.169934E+00   -3.845433E-06   -1.541397E-08
   -2.168454E+00   -3.865557E-06   -1.566492E-08
   -2.166974E+00   -3.885686E-06   -1.510482E-08
   -2.165494E+00   -3.905988E-06   -1.417243E-08
   -2.164014E+00   -3.926955E-06   -1.260504E-08
   -2.162534E+00   -3.948393E-06   -1.079292E-08
   -2.161053E+00   -3.970994E-06   -8.663454E-09
   -2.159573E+00   -3.994251E-06   -6.469178E-09
   -2.158093E+00   -4.018889E-06   -4.336728E-09
   -2.156613E+00   -4.044211E-06   -2.326725E-09
   -2.155133E+00   -4.070801E-06   -7.248070E-10
   -2.153652E+00   -4.097939E-06    6.064929E-10
   -2.152172E+00   -4.125933E-06    1.301652E-09
   -2.150692E+00   -4.154211E-06    1.653262E-09
   -2.149212E+00   -4.182732E-06    1.313626E-09
   -2.147732E+00   -4.211208E-06    6.496252E-10
   -2.146252E+00   -4.239264E-06   -5.770212E-10
   -2.144771E+00   -4.266960E-06   -2.023071E-09
   -2.143291E+00   -4.293680E-06   -3.754442E-09
   -2.141811E+00   -4.319816E-06   -5.541830E-09
   -2.140331E+00   -4.344658E-06   -7.259102E-09
   -2.138851E+00   -4.368833E-06   -8.851475E-09
   -2.137371E+00   -4.391709E-06   -1.002787E-08
   -2.135890E+00   -4.413996E-06   -1.092496E-08
   -2.134410E+00   -4.435293E-06   -1.115295E-08
   -2.132930E+00   -4.456220E-06   -1.101044E-08
   -2.131450E+00   -4.476703E-06   -1.009793E-08
   -2.129970E+00   -4.497128E-06   -8.808136E-09
   -2.128490E+00   -4.517767E-06   -6.822676E-09
   -2.127009E+00   -4.538676E-06   -4.538816E-09
   -2.125529E+00   -4.560419E-06   -1.791109E-09
   -2.124049E+00   -4.582702E-06    1.108926E-09
   -2.122569E+00   -4.606256E-06    4.137566E-09
   -2.121089E+00   -4.630505E-06    7.139239E-09
   -2.119608E+00   -4.656185E-06    9.908699E-09
   -2.118128E+00   -4.682562E-06    1.248029E-08
   -2.116648E+00   -4.710223E-06    1.451696E-08
   -2.115168E+00   -4.738434E-06    1.623282E-08
   -2.113688E+00   -4.767511E-06    1.723903E-08
   -2.112208E+00   -4.796880E-06    1.787762E-08
   -2.110727E+00   -4.826529E-06    1.779918E-08
   -2.109247E+00   -4.856160E-06    1.739251E-08
   -2.107767E+00   -4.885453E-06    1.642855E-08
   -2.106287E+00   -4.914438E-06    1.525173E-08
   -2.104807E+00   -4.942578E-06    1.380530E-08
   -2.103327E+00   -4.970208E-06    1.230970E-08
   -2.101846E+00   -4.996711E-06    1.089215E-08
   -2.100366E+00   -5.022633E-06    9.599250E-09
   -2.098886E+00   -5.047434E-06    8.711876E-09
   -2.097406E+00   -5.071730E-06    8.093433E-09
   -2.095926E+00   -5.095194E-06    8.113821E-09
   -2.094446E+00   -5.118357E-06    8.485605E-09
   -2.092965E+00   -5.141192E-06    9.583589E-09
   -2.091485E+00   -5.164012E-06    1.103546E-08
   -2.090005E+00   -5.187107E-06    1.313590E-08
   -2.088525E+00   -5.210488E-06    1.551224E-08
   -2.087045E+00   -5.234710E-06    1.831145E-08
   -2.085564E+00   -5.259466E-06    2.124507E-08
   -2.084084E+00   -5.285465E-06    2.427675E-08
   -2.082604E+00   -5.312139E-06    2.726841E-08
   -2.081124E+00   -5.340201E-06    3.000441E-08
   -2.079644E+00   -5.368942E-06    3.253072E-08
   -2.078164E+00   -5.398931E-06    3.449488E-08
   -2.076683E+00   -5.429460E-06    3.612081E-08
   -2.075203E+00   -5.460843E-06    3.699056E-08
   -2.073723E+00   -5.492519E-06    3.746164E-08
   -2.072243E+00   -5.524486E-06    3.713465E-08
   -2.070763E+00   -5.556446E-06    3.642824E-08
   -2.069283E+00   -5.588088E-06    3.503953E-08
   -2.067802E+00   -5.619432E-06    3.336420E-08
   -2.066322E+00   -5.649938E-06    3.125081E-08
   -2.064842E+00   -5.679930E-06    2.899513E-08
   -2.063362E+00   -5.708764E-06    2.661797E-08
   -2.061882E+00   -5.736987E-06    2.426194E-08
   -2.060402E+00   -5.763998E-06    2.210361E-08
   -2.058921E+00   -5.790444E-06    2.011360E-08
   -2.057441E+00   -5.815904E-06    1.857543E-08
   -2.055961E+00   -5.840973E-06    1.730603E-08
   -2.054481E+00   -5.865511E-06    1.662622E-08
   -2.053001E+00   -5.889924E-06    1.624933E-08
   -2.051520E+00   -5.914391E-06    1.645836E-08
   -2.050040E+00   -5.939037E-06    1.693320E-08
   -2.048560E+00   -5.964326E-06    1.785442E-08
   -2.047080E+00   -5.990067E-06    1.894338E-08
   -2.045600E+00   -6.016924E-06    2.023774E-08
   -2.044120E+00   -6.044418E-06    2.156398E-08
   -2.042639E+00   -6.073280E-06    2.280903E-08
   -2.041159E+00   -6.102839E-06    2.394354E-08
   -2.039679E+00   -6.133747E-06    2.473024E-08
   -2.038199E+00   -6.165274E-06    2.528997E-08
   -2.036719E+00   -6.197865E-06    2.531645E-08
   -2.035239E+00   -6.230875E-06    2.505247E-08
   -2.033758E+00   -6.264458E-06    2.419449E-08
   -2.032278E+00   -6.298181E-06    2.305084E-08
   -2.030798E+00   -6.331882E-06    2.139328E-08
   -2.029318E+00   -6.365424E-06    1.952347E-08
   -2.027838E+00   -6.398369E-06    1.734597E-08
   -2.026358E+00   -6.430894E-06    1.508369E-08
   -2.024877E+00   -6.462387E-06    1.280405E-08
   -2.023397E+00   -6.493296E-06    1.059494E-08
   -2.021917E+00   -6.522964E-06    8.683180E-09
   -2.020437E+00   -6.552009E-06    6.993166E-09
   -2.018957E+00   -6.579874E-06    5.875059E-09
   -2.017476E+00   -6.607213E-06    5.094949E-09
   -2.015996E+00   -6.633687E-06    5.065243E-09
   -2.014516E+00   -6.659845E-06    5.431183E-09
   -2.013036E+00   -6.685644E-06    6.593612E-09
   -2.011556E+00   -6.711408E-06    8.138842E-09
   -2.010076E+00   -6.737402E-06    1.038409E-08
   -2.008595E+00   -6.763656E-06    1.293074E-08
   -2.007115E+00   -6.790696E-06    1.595601E-08
   -2.005635E+00   -6.818243E-06    1.914798E-08
   -2.004155E+00   -6.846984E-06    2.251413E-08
   -2.002675E+00   -6.876383E-06    2.588458E-08
   -2.001195E+00   -6.907156E-06    2.909979E-08
   -1.999714E+00   -6.938612E-06    3.216023E-08
   -1.998234E+00   -6.971359E-06    3.477398E-08
   -1.996754E+00   -7.004683E-06    3.710762E-08
   -1.995274E+00   -7.038971E-06    3.879649E-08
   -1.993794E+00   -7.073622E-06    4.013718E-08
   -1.992314E+00   -7.108733E-06    4.076500E-08
   -1.990833E+00   -7.143929E-06    4.104589E-08
   -1.989353E+00   -7.179006E-06    4.068608E-08
   -1.987873E+00   -7.213884E-06    4.004800E-08
   -1.986393E+00   -7.248108E-06    3.896397E-08
   -1.984913E+00   -7.281896E-06    3.772247E-08
   -1.983433E+00   -7.314646E-06    3.631070E-08
   -1.981952E+00   -7.346822E-06    3.488918E-08
   -1.980472E+00   -7.377804E-06    3.359752E-08
   -1.978992E+00   -7.408199E-06    3.244095E-08
   -1.977512E+00   -7.437504E-06    3.167903E-08
   -1.976032E+00   -7.466336E-06    3.116568E-08
   -1.974551E+00   -7.494423E-06    3.122510E-08
   -1.973071E+00   -7.522258E-06    3.159348E-08
   -1.971591E+00   -7.549864E-06    3.259244E-08
   -1.970111E+00   -7.577502E-06    3.389655E-08
   -1.968631E+00   -7.605502E-06    3.575876E-08
   -1.967151E+00   -7.633825E-06    3.785935E-08
   -1.965670E+00   -7.663059E-06    4.033022E-08
   -1.964190E+00   -7.692859E-06    4.292307E-08
   -1.962710E+00   -7.723969E-06    4.561994E-08
   -1.961230E+00   -7.755795E-06    4.829554E-08
   -1.959750E+00   -7.789105E-06    5.078256E-08
   -1.958270E+00   -7.823155E-06    5.310621E-08
   -1.956789E+00   -7.858607E-06    5.497965E-08
   -1.955309E+00   -7.894694E-06    5.657668E-08
   -1.953829E+00   -7.931859E-06    5.754429E-08
   -1.952349E+00   -7.969445E-06    5.817380E-08
   -1.950869E+00   -8.007606E-06    5.811248E-08
   -1.949389E+00   -8.045910E-06    5.771488E-08
   -1.947908E+00   -8.084201E-06    5.669497E-08
   -1.946428E+00   -8.122340E-06    5.540377E-08
   -1.944948E+00   -8.159909E-06    5.367527E-08
   -1.943468E+00   -8.197074E-06    5.179094E-08
   -1.941988E+00   -8.233244E-06    4.973482E-08
   -1.940507E+00   -8.268847E-06    4.766646E-08
   -1.939027E+00   -8.303242E-06    4.572134E-08
   -1.937547E+00   -8.337028E-06    4.390836E-08
   -1.936067E+00   -8.369644E-06    4.248745E-08
   -1.934587E+00   -8.401733E-06    4.131685E-08
   -1.933107E+00   -8.432934E-06    4.073116E-08
   -1.931626E+00   -8.463798E-06    4.046604E-08
   -1.930146E+00   -8.494241E-06    4.086772E-08
   -1.928666E+00   -8.524611E-06    4.159980E-08
   -1.927186E+00   -8.555122E-06    4.295539E-08
   -1.925706E+00   -8.585846E-06    4.458936E-08
   -1.924226E+00   -8.617261E-06    4.668699E-08
   -1.922745E+00   -8.649140E-06    4.895890E-08
   -1.921265E+00   -8.682142E-06    5.144766E-08
   -1.919785E+00   -8.715779E-06    5.397373E-08
   -1.918305E+00   -8.750772E-06    5.642826E-08
   -1.916825E+00   -8.786455E-06    5.877538E-08
   -1.915345E+00   -8.823480E-06    6.077395E-08
   -1.913864E+00   -8.861126E-06    6.253924E-08
   -1.912384E+00   -8.899855E-06    6.374125E-08
   -1.910904E+00   -8.939021E-06    6.462609E-08
   -1.909424E+00   -8.978813E-06    6.483453E-08
   -1.907944E+00   -9.018779E-06    6.469916E-08
   -1.906463E+00   -9.058799E-06    6.389618E-08
   -1.904983E+00   -9.098698E-06    6.278450E-08
   -1.903503E+00   -9.138068E-06    6.113332E-08
   -1.902023E+00   -9.177044E-06    5.926332E-08
   -1.900543E+00   -9.215007E-06    5.707663E-08
   -1.899063E+00   -9.252375E-06    5.479877E-08
   -1.897582E+00   -9.288429E-06    5.248010E-08
   -1.896102E+00   -9.323798E-06    5.021212E-08
   -1.894622E+00   -9.357796E-06    4.818195E-08
   -1.893142E+00   -9.391143E-06    4.633295E-08
   -1.891662E+00   -9.423317E-06    4.495344E-08
   -1.890182E+00   -9.454996E-06    4.385123E-08
   -1.888701E+00   -9.485918E-06    4.336307E-08
   -1.887221E+00   -9.516595E-06    4.319760E-08
   -1.885741E+00   -9.547077E-06    4.367953E-08
   -1.884261E+00   -9.577614E-06    4.447158E-08
   -1.882781E+00   -9.608565E-06    4.582887E-08
   -1.881301E+00   -9.639868E-06    4.742869E-08
   -1.879820E+00   -9.672133E-06    4.941192E-08
   -1.878340E+00   -9.704991E-06    5.152758E-08
   -1.876860E+00   -9.739204E-06    5.377817E-08
   -1.875380E+00   -9.774151E-06    5.602844E-08
   -1.873900E+00   -9.810621E-06    5.814312E-08
   -1.872419E+00   -9.847847E-06    6.012583E-08
   -1.870939E+00   -9.886510E-06    6.172876E-08
   -1.869459E+00   -9.925825E-06    6.309270E-08
   -1.867979E+00   -9.966257E-06    6.390247E-08
   -1.866499E+00   -1.000713E-05    6.440979E-08
   -1.865019E+00   -1.004863E-05    6.428897E-08
   -1.863538E+00   -1.009029E-05    6.385670E-08
   -1.862058E+00   -1.013199E-05    6.283470E-08
   -1.860578E+00   -1.017357E-05    6.154752E-08
   -1.859098E+00   -1.021462E-05    5.981260E-08
   -1.857618E+00   -1.025528E-05    5.790471E-08
   -1.856138E+00   -1.029497E-05    5.576698E-08
   -1.854657E+00   -1.033411E-05    5.357681E-08
   -1.853177E+00   -1.037202E-05    5.140965E-08
   -1.851697E+00   -1.040932E-05    4.931647E-08
   -1.850217E+00   -1.044539E-05    4.748752E-08
   -1.848737E+00   -1.048090E-05    4.584185E-08
   -1.847257E+00   -1.051542E-05    4.464644E-08
   -1.845776E+00   -1.054956E-05    4.370684E-08
   -1.844296E+00   -1.058317E-05    4.331519E-08
   -1.842816E+00   -1.061664E-05    4.320230E-08
   -1.841336E+00   -1.065014E-05    4.362933E-08
   -1.839856E+00   -1.068381E-05    4.430429E-08
   -1.838376E+00   -1.071810E-05    4.540651E-08
   -1.836895E+00   -1.075283E-05    4.667722E-08
   -1.835415E+00   -1.078871E-05    4.817694E-08
   -1.833935E+00   -1.082525E-05    4.973063E-08
   -1.832455E+00   -1.086328E-05    5.126346E-08
   -1.830975E+00   -1.090209E-05    5.272039E-08
   -1.829494E+00   -1.094250E-05    5.389825E-08
   -1.828014E+00   -1.098369E-05    5.487761E-08
   -1.826534E+00   -1.102635E-05    5.535674E-08
   -1.825054E+00   -1.106967E-05    5.554380E-08
   -1.823574E+00   -1.111409E-05    5.508606E-08
   -1.822094E+00   -1.115894E-05    5.428864E-08
   -1.820613E+00   -1.120436E-05    5.280515E-08
   -1.819133E+00   -1.124992E-05    5.098944E-08
   -1.817653E+00   -1.129545E-05    4.855848E-08
   -1.816173E+00   -1.134082E-05    4.585732E-08
   -1.814693E+00   -1.138558E-05    4.271311E-08
   -1.813213E+00   -1.142991E-05    3.940530E-08
   -1.811732E+00   -1.147318E-05    3.589972E-08
   -1.810252E+00   -1.151584E-05    3.236408E-08
   -1.808772E+00   -1.155719E-05    2.890842E-08
   -1.807292E+00   -1.159786E-05    2.556112E-08
   -1.805812E+00   -1.163722E-05    2.255837E-08
   -1.804332E+00   -1.167597E-05    1.978471E-08
   -1.802851E+00   -1.171365E-05    1.756416E-08
   -1.801371E+00   -1.175089E-05    1.565640E-08
   -1.799891E+00   -1.178750E-05    1.442136E-08
   -1.798411E+00   -1.182394E-05    1.353275E-08
   -1.796931E+00   -1.186034E-05    1.332939E-08
   -1.795450E+00   -1.189687E-05    1.345125E-08
   -1.793970E+00   -1.193396E-05    1.416311E-08
   -1.792490E+00   -1.197148E-05    1.512821E-08
   -1.791010E+00   -1.201011E-05    1.649680E-08
   -1.789530E+00   -1.204939E-05    1.800806E-08
   -1.788050E+00   -1.209016E-05    1.967626E-08
   -1.786569E+00   -1.213173E-05    2.135633E-08
   -1.785089E+00   -1.217494E-05    2.292767E-08
   -1.783609E+00   -1.221895E-05    2.438158E-08
   -1.782129E+00   -1.226451E-05    2.548609E-08
   -1.780649E+00   -1.231075E-05    2.636688E-08
   -1.779169E+00   -1.235820E-05    2.672272E-08
   -1.777688E+00   -1.240612E-05    2.678926E-08
   -1.776208E+00   -1.245473E-05    2.624956E-08
   -1.774728E+00   -1.250352E-05    2.540649E-08
   -1.773248E+00   -1.255237E-05    2.398324E-08
   -1.771768E+00   -1.260109E-05    2.229606E-08
   -1.770288E+00   -1.264927E-05    2.015670E-08
   -1.768807E+00   -1.269705E-05    1.783911E-08
   -1.767327E+00   -1.274377E-05    1.527653E-08
   -1.765847E+00   -1.278988E-05    1.265263E-08
   -1.764367E+00   -1.283463E-05    1.003403E-08
   -1.762887E+00   -1.287868E-05    7.482069E-09
   -1.761406E+00   -1.292130E-05    5.185967E-09
   -1.759926E+00   -1.296324E-05    3.073775E-09
   -1.758446E+00   -1.300396E-05    1.426036E-09
   -1.756966E+00   -1.304416E-05    4.915192E-11
   -1.755486E+00   -1.308354E-05   -7.313666E-10
   -1.754006E+00   -1.312267E-05   -1.198817E-09
   -1.752525E+00   -1.316156E-05   -1.036508E-09
   -1.751045E+00   -1.320050E-05   -5.706808E-10
   -1.749565E+00   -1.323987E-05    4.539723E-10
   -1.748085E+00   -1.327960E-05    1.722135E-09
   -1.746605E+00   -1.332036E-05    3.384757E-09
   -1.745125E+00   -1.336177E-05    5.189796E-09
   -1.743644E+00   -1.340468E-05    7.157377E-09
   -1.742164E+00   -1.344843E-05    9.141223E-09
   -1.740684E+00   -1.349394E-05    1.102515E-08
   -1.739204E+00   -1.354034E-05    1.279441E-08
   -1.737724E+00   -1.358851E-05    1.421329E-08
   -1.736244E+00   -1.363752E-05    1.540320E-08
   -1.734763E+00   -1.368804E-05    1.604566E-08
   -1.733283E+00   -1.373920E-05    1.638060E-08
   -1.731803E+00   -1.379140E-05    1.605789E-08
   -1.730323E+00   -1.384397E-05    1.539850E-08
   -1.728843E+00   -1.389696E-05    1.407791E-08
   -1.727362E+00   -1.394999E-05    1.244659E-08
   -1.725882E+00   -1.400277E-05    1.025972E-08
   -1.724402E+00   -1.405528E-05    7.839888E-09
   -1.722922E+00   -1.410694E-05    5.064013E-09
   -1.721442E+00   -1.415806E-05    2.173031E-09
   -1.719962E+00   -1.420788E-05   -8.113059E-10
   -1.718481E+00   -1.425700E-05   -3.771065E-09
   -1.717001E+00   -1.430461E-05   -6.539080E-09
   -1.715521E+00   -1.435146E-05   -9.142665E-09
   -1.714041E+00   -1.439687E-05   -1.129106E-08
   -1.712561E+00   -1.444161E-05   -1.315653E-08
   -1.711081E+00   -1.448521E-05   -1.436531E-08
   -1.709600E+00   -1.452836E-05   -1.521201E-08
   -1.708120E+00   -1.457088E-05   -1.529288E-08
   -1.706640E+00   -1.461325E-05   -1.498368E-08
   -1.705160E+00   -1.465565E-05   -1.390797E-08
   -1.703680E+00   -1.469823E-05   -1.246948E-08
   -1.702200E+00   -1.474151E-05   -1.037209E-08
   -1.700719E+00   -1.478530E-05   -7.990233E-09
   -1.699239E+00   -1.483040E-05   -5.149169E-09
   -1.697759E+00   -1.487626E-05   -2.141221E-09
   -1.696279E+00   -1.492384E-05    1.064129E-09
   -1.694799E+00   -1.497236E-05    4.297115E-09
   -1.693318E+00   -1.502277E-05    7.442892E-09
   -1.691838E+00   -1.507414E-05    1.047636E-08
   -1.690358E+00   -1.512733E-05    1.315815E-08
   -1.688878E+00   -1.518136E-05    1.560817E-08
   -1.687398E+00   -1.523686E-05    1.750228E-08
   -1.685918E+00   -1.529297E-05    1.908373E-08
   -1.684437E+00   -1.535000E-05    1.999614E-08
   -1.682957E+00   -1.540733E-05    2.056575E-08
   -1.681477E+00   -1.546491E-05    2.046087E-08
   -1.679997E+00   -1.552245E-05    2.003784E-08
   -1.678517E+00   -1.557955E-05    1.904203E-08
   -1.677037E+00   -1.563627E-05    1.780289E-08
   -1.675556E+00   -1.569196E-05    1.618217E-08
   -1.674076E+00   -1.574702E-05    1.443050E-08
   -1.672596E+00   -1.580063E-05    1.254629E-08
   -1.671116E+00   -1.585347E-05    1.066269E-08
   -1.669636E+00   -1.590470E-05    8.913047E-09
   -1.668156E+00   -1.595515E-05    7.293596E-09
   -1.666675E+00   -1.600411E-05    6.049644E-09
   -1.665195E+00   -1.605241E-05    5.043073E-09
   -1.663715E+00   -1.609960E-05    4.590810E-09
   -1.662235E+00   -1.614637E-05    4.444077E-09
   -1.660755E+00   -1.619261E-05    4.940182E-09
   -1.659275E+00   -1.623877E-05    5.760495E-09
   -1.657794E+00   -1.628510E-05    7.208384E-09
   -1.656314E+00   -1.633170E-05    8.946820E-09
   -1.654834E+00   -1.637918E-05    1.119596E-08
   -1.653354E+00   -1.642727E-05    1.365464E-08
   -1.651874E+00   -1.647685E-05    1.642291E-08
   -1.650393E+00   -1.652730E-05    1.928441E-08
   -1.648913E+00   -1.657965E-05    2.220022E-08
   -1.647433E+00   -1.663303E-05    2.507512E-08
   -1.645953E+00   -1.668847E-05    2.773337E-08
   -1.644473E+00   -1.674493E-05    3.021910E-08
   -1.642993E+00   -1.680334E-05    3.224299E-08
   -1.641512E+00   -1.686263E-05    3.398561E-08
   -1.640032E+00   -1.692348E-05    3.508517E-08
   -1.638552E+00   -1.698496E-05    3.583465E-08
   -1.637072E+00   -1.704738E-05    3.585277E-08
   -1.635592E+00   -1.711011E-05    3.550318E-08
   -1.634112E+00   -1.717306E-05    3.444170E-08
   -1.632631E+00   -1.723593E-05    3.304941E-08
   -1.631151E+00   -1.729831E-05    3.107067E-08
   -1.629671E+00   -1.736026E-05    2.884736E-08
   -1.628191E+00   -1.742108E-05    2.625066E-08
   -1.626711E+00   -1.748121E-05    2.353217E-08
   -1.625231E+00   -1.753977E-05    2.070896E-08
   -1.623750E+00   -1.759750E-05    1.790477E-08
   -1.622270E+00   -1.765349E-05    1.527978E-08
   -1.620790E+00   -1.770863E-05    1.281155E-08
   -1.619310E+00   -1.776217E-05    1.077929E-08
   -1.617830E+00   -1.781500E-05    9.018033E-09
   -1.616349E+00   -1.786663E-05    7.884508E-09
   -1.614869E+00   -1.791781E-05    7.095981E-09
   -1.613389E+00   -1.796841E-05    7.033989E-09
   -1.611909E+00   -1.801892E-05    7.340010E-09
   -1.610429E+00   -1.806961E-05    8.364144E-09
   -1.608949E+00   -1.812058E-05    9.724989E-09
   -1.607468E+00   -1.817250E-05    1.168937E-08
   -1.605988E+00   -1.822508E-05    1.390921E-08
   -1.604508E+00   -1.827928E-05    1.652791E-08
   -1.603028E+00   -1.833443E-05    1.928228E-08
   -1.601548E+00   -1.839167E-05    2.216959E-08
   -1.600068E+00   -1.845004E-05    2.505118E-08
   -1.598587E+00   -1.851070E-05    2.777628E-08
   -1.597107E+00   -1.857250E-05    3.035287E-08
   -1.595627E+00   -1.863651E-05    3.250164E-08
   -1.594147E+00   -1.870154E-05    3.437837E-08
   -1.592667E+00   -1.876838E-05    3.561357E-08
   -1.591187E+00   -1.883598E-05    3.649057E-08
   -1.589706E+00   -1.890477E-05    3.660157E-08
   -1.588226E+00   -1.897396E-05    3.631841E-08
   -1.586746E+00   -1.904358E-05    3.525263E-08
   -1.585266E+00   -1.911320E-05    3.381235E-08
   -1.583786E+00   -1.918243E-05    3.168326E-08
   -1.582305E+00   -1.925130E-05    2.925203E-08
   -1.580825E+00   -1.931906E-05    2.632209E-08
   -1.579345E+00   -1.938613E-05    2.320415E-08
   -1.577865E+00   -1.945159E-05    1.984533E-08
   -1.576385E+00   -1.951616E-05    1.643731E-08
   -1.574905E+00   -1.957886E-05    1.307542E-08
   -1.573424E+00   -1.964063E-05    9.807182E-09
   -1.571944E+00   -1.970059E-05    6.858920E-09
   -1.570464E+00   -1.975973E-05    4.130302E-09
   -1.568984E+00   -1.981743E-05    1.942634E-09
   -1.567504E+00   -1.987456E-05    6.564121E-11
   -1.566024E+00   -1.993087E-05   -1.133680E-09
   -1.564543E+00   -1.998697E-05   -1.979009E-09
   -1.563063E+00   -2.004304E-05   -2.113030E-09
   -1.561583E+00   -2.009931E-05   -1.903245E-09
   -1.560103E+00   -2.015640E-05   -1.055633E-09
   -1.558623E+00   -2.021411E-05    7.388639E-11
   -1.557143E+00   -2.027340E-05    1.671682E-09
   -1.555662E+00   -2.033365E-05    3.446823E-09
   -1.554182E+00   -2.039609E-05    5.449145E-09
   -1.552702E+00   -2.045971E-05    7.496667E-09
   -1.551222E+00   -2.052585E-05    9.493541E-09
   -1.549742E+00   -2.059326E-05    1.139504E-08
   -1.548261E+00   -2.066319E-05    1.297186E-08
   -1.546781E+00   -2.073431E-05    1.432499E-08
   -1.545301E+00   -2.080764E-05    1.512395E-08
   -1.543821E+00   -2.088192E-05    1.560249E-08
   -1.542341E+00   -2.095781E-05    1.537706E-08
   -1.540861E+00   -2.103430E-05    1.478116E-08
   -1.539380E+00   -2.111161E-05    1.343522E-08
   -1.537900E+00   -2.118911E-05    1.172393E-08
   -1.536420E+00   -2.126654E-05    9.329311E-09
   -1.534940E+00   -2.134372E-05    6.629970E-09
   -1.533460E+00   -2.142001E-05    3.419061E-09
   -1.531980E+00   -2.149567E-05    1.158532E-11
   -1.530499E+00   -2.156976E-05   -3.654251E-09
   -1.529019E+00   -2.164295E-05   -7.376130E-09
   -1.527539E+00   -2.171416E-05   -1.105758E-08
   -1.526059E+00   -2.178435E-05   -1.464217E-08
   -1.524579E+00   -2.185247E-05   -1.788454E-08
   -1.523099E+00   -2.191959E-05   -2.088658E-08
   -1.521618E+00   -2.198491E-05   -2.328446E-08
   -1.520138E+00   -2.204944E-05   -2.532822E-08
   -1.518658E+00   -2.211270E-05   -2.658266E-08
   -1.517178E+00   -2.217553E-05   -2.741485E-08
   -1.515698E+00   -2.223787E-05   -2.737524E-08
   -1.514218E+00   -2.230019E-05   -2.690050E-08
   -1.512737E+00   -2.236294E-05   -2.558589E-08
   -1.511257E+00   -2.242613E-05   -2.388051E-08
   -1.509777E+00   -2.249063E-05   -2.147794E-08
   -1.508297E+00   -2.255598E-05   -1.878060E-08
   -1.506817E+00   -2.262341E-05   -1.562108E-08
   -1.505336E+00   -2.269202E-05   -1.230195E-08
   -1.503856E+00   -2.276320E-05   -8.817232E-09
   -1.502376E+00   -2.283575E-05   -5.329383E-09
   -1.500896E+00   -2.291106E-05   -1.994806E-09
   -1.499416E+00   -2.298774E-05    1.185966E-09
   -1.497936E+00   -2.306703E-05    3.915303E-09
   -1.496455E+00   -2.314751E-05    6.354766E-09
   -1.494975E+00   -2.323011E-05    8.106183E-09
   -1.493495E+00   -2.331359E-05    9.471351E-09
   -1.492015E+00   -2.339843E-05    1.000645E-08
   -1.490535E+00   -2.348372E-05    1.011219E-08
   -1.489055E+00   -2.356945E-05    9.360598E-09
   -1.487574E+00   -2.365515E-05    8.195999E-09
   -1.486094E+00   -2.374034E-05    6.265540E-09
   -1.484614E+00   -2.382505E-05    3.995546E-09
   -1.483134E+00   -2.390839E-05    1.156759E-09
   -1.481654E+00   -2.399088E-05   -1.901557E-09
   -1.480174E+00   -2.407138E-05   -5.254448E-09
   -1.478693E+00   -2.415079E-05   -8.677629E-09
   -1.477213E+00   -2.422791E-05   -1.208343E-08
   -1.475733E+00   -2.430386E-05   -1.540240E-08
   -1.474253E+00   -2.437757E-05   -1.839868E-08
   -1.472773E+00   -2.445025E-05   -2.116532E-08
   -1.471292E+00   -2.452110E-05   -2.335334E-08
   -1.469812E+00   -2.459120E-05   -2.520304E-08
   -1.468332E+00   -2.466019E-05   -2.630274E-08
   -1.466852E+00   -2.472886E-05   -2.700433E-08
   -1.465372E+00   -2.479735E-05   -2.689207E-08
   -1.463892E+00   -2.486602E-05   -2.637868E-08
   -1.462411E+00   -2.493554E-05   -2.510335E-08
   -1.460931E+00   -2.500572E-05   -2.348088E-08
   -1.459451E+00   -2.507772E-05   -2.125688E-08
   -1.457971E+00   -2.515084E-05   -1.878944E-08
   -1.456491E+00   -2.522653E-05   -1.596787E-08
   -1.455011E+00   -2.530366E-05   -1.304240E-08
   -1.453530E+00   -2.538384E-05   -1.006410E-08
   -1.452050E+00   -2.546560E-05   -7.138531E-09
   -1.450570E+00   -2.555051E-05   -4.474611E-09
   -1.449090E+00   -2.563695E-05   -2.015817E-09
   -1.447610E+00   -2.572627E-05   -1.030493E-10
   -1.446130E+00   -2.581689E-05    1.477676E-09
   -1.444649E+00   -2.590974E-05    2.298299E-09
   -1.443169E+00   -2.600349E-05    2.703688E-09
   -1.441689E+00   -2.609858E-05    2.236632E-09
   -1.440209E+00   -2.619407E-05    1.327441E-09
   -1.438729E+00   -2.628984E-05   -4.470016E-10
   -1.437248E+00   -2.638548E-05   -2.629347E-09
   -1.435768E+00   -2.648035E-05   -5.549143E-09
   -1.434288E+00   -2.657459E-05   -8.785325E-09
   -1.432808E+00   -2.666714E-05   -1.252682E-08
   -1.431328E+00   -2.675867E-05   -1.644806E-08
   -1.429848E+00   -2.684788E-05   -2.056958E-08
   -1.428367E+00   -2.693583E-05   -2.470775E-08
   -1.426887E+00   -2.702117E-05   -2.871027E-08
   -1.425407E+00   -2.710523E-05   -3.256239E-08
   -1.423927E+00   -2.718680E-05   -3.595818E-08
   -1.422447E+00   -2.726725E-05   -3.905547E-08
   -1.420967E+00   -2.734575E-05   -4.143480E-08
   -1.419486E+00   -2.742348E-05   -4.340654E-08
   -1.418006E+00   -2.750010E-05   -4.449298E-08
   -1.416526E+00   -2.757643E-05   -4.511640E-08
   -1.415046E+00   -2.765273E-05   -4.480384E-08
   -1.413566E+00   -2.772930E-05   -4.403390E-08
   -1.412086E+00   -2.780698E-05   -4.240096E-08
   -1.410605E+00   -2.788548E-05   -4.037687E-08
   -1.409125E+00   -2.796616E-05   -3.767758E-08
   -1.407645E+00   -2.804815E-05   -3.470576E-08
   -1.406165E+00   -2.813314E-05   -3.133799E-08
   -1.404685E+00   -2.821977E-05   -2.785389E-08
   -1.403204E+00   -2.830990E-05   -2.430938E-08
   -1.401724E+00   -2.840182E-05   -2.082248E-08
   -1.400244E+00   -2.849731E-05   -1.762409E-08
   -1.398764E+00   -2.859452E-05   -1.465253E-08
   -1.397284E+00   -2.869495E-05   -1.228611E-08
   -1.395804E+00   -2.879683E-05   -1.028854E-08
   -1.394323E+00   -2.890118E-05   -9.137762E-09
   -1.392843E+00   -2.900652E-05   -8.451196E-09
   -1.391363E+00   -2.911332E-05   -8.744248E-09
   -1.389883E+00   -2.922055E-05   -9.536475E-09
   -1.388403E+00   -2.932805E-05   -1.131244E-08
   -1.386923E+00   -2.943538E-05   -1.355641E-08
   -1.385442E+00   -2.954181E-05   -1.665703E-08
   -1.383962E+00   -2.964751E-05   -2.013173E-08
   -1.382482E+00   -2.975129E-05   -2.422061E-08
   -1.381002E+00   -2.985391E-05   -2.853910E-08
   -1.379522E+00   -2.995390E-05   -3.314609E-08
   -1.378042E+00   -3.005249E-05   -3.780701E-08
   -1.376561E+00   -3.014815E-05   -4.239138E-08
   -1.375081E+00   -3.024236E-05   -4.684648E-08
   -1.373601E+00   -3.033381E-05   -5.086962E-08
   -1.372121E+00   -3.042400E-05   -5.459725E-08
   -1.370641E+00   -3.051202E-05   -5.759434E-08
   -1.369160E+00   -3.059918E-05   -6.016849E-08
   -1.367680E+00   -3.068513E-05   -6.180920E-08
   -1.366200E+00   -3.077077E-05   -6.295474E-08
   -1.364720E+00   -3.085642E-05   -6.308537E-08
   -1.363240E+00   -3.094239E-05   -6.271284E-08
   -1.361760E+00   -3.102965E-05   -6.137526E-08
   -1.360279E+00   -3.111787E-05   -5.959151E-08
   -1.358799E+00   -3.120860E-05   -5.701728E-08
   -1.357319E+00   -3.130083E-05   -5.411164E-08
   -1.355839E+00   -3.139652E-05   -5.069276E-08
   -1.354359E+00   -3.149411E-05   -4.710060E-08
   -1.352879E+00   -3.159573E-05   -4.334039E-08
   -1.351398E+00   -3.169943E-05   -3.958849E-08
   -1.349918E+00   -3.180726E-05   -3.603806E-08
   -1.348438E+00   -3.191710E-05   -3.267785E-08
   -1.346958E+00   -3.203071E-05   -2.986523E-08
   -1.345478E+00   -3.214603E-05   -2.740125E-08
   -1.343998E+00   -3.226429E-05   -2.576167E-08
   -1.342517E+00   -3.238375E-05   -2.458426E-08
   -1.341037E+00   -3.250500E-05   -2.440046E-08
   -1.339557E+00   -3.262681E-05   -2.473141E-08
   -1.338077E+00   -3.274907E-05   -2.609282E-08
   -1.336597E+00   -3.287119E-05   -2.795235E-08
   -1.335117E+00   -3.299240E-05   -3.073956E-08
   -1.333636E+00   -3.311283E-05   -3.394027E-08
   -1.332156E+00   -3.323114E-05   -3.783833E-08
   -1.330676E+00   -3.334816E-05   -4.200799E-08
   -1.329196E+00   -3.346219E-05   -4.654726E-08
   -1.327716E+00   -3.357460E-05   -5.117781E-08
   -1.326235E+00   -3.368361E-05   -5.579675E-08
   -1.324755E+00   -3.379092E-05   -6.031254E-08
   -1.323275E+00   -3.389493E-05   -6.443332E-08
   -1.321795E+00   -3.399742E-05   -6.826844E-08
   -1.320315E+00   -3.409722E-05   -7.137413E-08
   -1.318835E+00   -3.419592E-05   -7.404777E-08
   -1.317354E+00   -3.429297E-05   -7.575047E-08
   -1.315874E+00   -3.438952E-05   -7.692992E-08
   -1.314394E+00   -3.448578E-05   -7.702096E-08
   -1.312914E+00   -3.458226E-05   -7.656439E-08
   -1.311434E+00   -3.467993E-05   -7.504104E-08
   -1.309954E+00   -3.477856E-05   -7.301573E-08
   -1.308473E+00   -3.487979E-05   -7.008200E-08
   -1.306993E+00   -3.498264E-05   -6.675663E-08
   -1.305513E+00   -3.508926E-05   -6.279911E-08
   -1.304033E+00   -3.519800E-05   -5.861178E-08
   -1.302553E+00   -3.531126E-05   -5.415348E-08
   -1.301073E+00   -3.542689E-05   -4.965924E-08
   -1.299592E+00   -3.554730E-05   -4.529641E-08
   -1.298112E+00   -3.567005E-05   -4.109986E-08
   -1.296632E+00   -3.579727E-05   -3.742845E-08
   -1.295152E+00   -3.592655E-05   -3.410847E-08
   -1.293672E+00   -3.605945E-05   -3.164829E-08
   -1.292191E+00   -3.619387E-05   -2.968339E-08
   -1.290711E+00   -3.633067E-05   -2.880908E-08
   -1.289231E+00   -3.646827E-05   -2.851283E-08
   -1.287751E+00   -3.660672E-05   -2.940116E-08
   -1.286271E+00   -3.674519E-05   -3.087676E-08
   -1.284791E+00   -3.688292E-05   -3.347834E-08
   -1.283310E+00   -3.701989E-05   -3.659994E-08
   -1.281830E+00   -3.715466E-05   -4.064087E-08
   -1.280350E+00   -3.728804E-05   -4.506559E-08
   -1.278870E+00   -3.741809E-05   -5.007999E-08
   -1.277390E+00   -3.754630E-05   -5.529011E-08
   -1.275910E+00   -3.767057E-05   -6.067957E-08
   -1.274429E+00   -3.779281E-05   -6.604925E-08
   -1.272949E+00   -3.791107E-05   -7.116078E-08
   -1.271469E+00   -3.802742E-05   -7.603772E-08
   -1.269989E+00   -3.814034E-05   -8.024874E-08
   -1.268509E+00   -3.825177E-05   -8.403879E-08
   -1.267029E+00   -3.836084E-05   -8.683705E-08
   -1.265548E+00   -3.846908E-05   -8.907998E-08
   -1.264068E+00   -3.857644E-05   -9.012785E-08
   -1.262588E+00   -3.868379E-05   -9.055455E-08
   -1.261108E+00   -3.879197E-05   -8.973006E-08
   -1.259628E+00   -3.890100E-05   -8.829488E-08
   -1.258147E+00   -3.901257E-05   -8.570582E-08
   -1.256667E+00   -3.912580E-05   -8.259141E-08
   -1.255187E+00   -3.924306E-05   -7.856202E-08
   -1.253707E+00   -3.936263E-05   -7.415728E-08
   -1.252227E+00   -3.948729E-05   -6.918986E-08
   -1.250747E+00   -3.961466E-05   -6.404414E-08
   -1.249266E+00   -3.974762E-05   -5.875992E-08
   -1.247786E+00   -3.988339E-05   -5.351817E-08
   -1.246306E+00   -4.002461E-05   -4.858330E-08
   -1.244826E+00   -4.016841E-05   -4.390861E-08
   -1.243346E+00   -4.031689E-05   -3.995257E-08
   -1.241866E+00   -4.046741E-05   -3.644410E-08
   -1.240385E+00   -4.062131E-05   -3.397956E-08
   -1.238905E+00   -4.077648E-05   -3.209494E-08
   -1.237425E+00   -4.093333E-05   -3.144893E-08
   -1.235945E+00   -4.109055E-05   -3.144152E-08
   -1.234465E+00   -4.124757E-05   -3.270788E-08
   -1.232985E+00   -4.140404E-05   -3.458822E-08
   -1.231504E+00   -4.155852E-05   -3.760938E-08
   -1.230024E+00   -4.171162E-05   -4.113797E-08
   -1.228544E+00   -4.186123E-05   -4.552051E-08
   -1.227064E+00   -4.200883E-05   -5.023467E-08
   -1.225584E+00   -4.215198E-05   -5.539774E-08
   -1.224103E+00   -4.229276E-05   -6.066981E-08
   -1.222623E+00   -4.242875E-05   -6.592002E-08
   -1.221143E+00   -4.256239E-05   -7.103884E-08
   -1.219663E+00   -4.269159E-05   -7.566079E-08
   -1.218183E+00   -4.281879E-05   -7.992449E-08
   -1.216703E+00   -4.294257E-05   -8.327357E-08
   -1.215222E+00   -4.306501E-05   -8.608019E-08
   -1.213742E+00   -4.318561E-05   -8.766476E-08
   -1.212262E+00   -4.330574E-05   -8.858842E-08
   -1.210782E+00   -4.342596E-05   -8.813094E-08
   -1.209302E+00   -4.354672E-05   -8.697433E-08
   -1.207822E+00   -4.366959E-05   -8.444508E-08
   -1.206341E+00   -4.379400E-05   -8.126334E-08
   -1.204861E+00   -4.392241E-05   -7.688438E-08
   -1.203381E+00   -4.405321E-05   -7.197922E-08
   -1.201901E+00   -4.418949E-05   -6.619955E-08
   -1.200421E+00   -4.432878E-05   -6.008559E-08
   -1.198941E+00   -4.447443E-05   -5.353118E-08
   -1.197460E+00   -4.462335E-05   -4.687849E-08
   -1.195980E+00   -4.477880E-05   -4.028178E-08
   -1.194500E+00   -4.493742E-05   -3.384000E-08
   -1.193020E+00   -4.510196E-05   -2.795554E-08
   -1.191540E+00   -4.526918E-05   -2.246650E-08
   -1.190060E+00   -4.544103E-05   -1.798047E-08
   -1.188579E+00   -4.561477E-05   -1.408786E-08
   -1.187099E+00   -4.579129E-05   -1.153136E-08
   -1.185619E+00   -4.596866E-05   -9.697607E-09
   -1.184139E+00   -4.614666E-05   -9.374720E-09
   -1.182659E+00   -4.632440E-05   -9.816523E-09
   -1.181178E+00   -4.650054E-05   -1.175809E-08
   -1.179698E+00   -4.667536E-05   -1.441082E-08
   -1.178218E+00   -4.684660E-05   -1.836255E-08
   -1.176738E+00   -4.701564E-05   -2.288099E-08
   -1.175258E+00   -4.717961E-05   -2.832997E-08
   -1.173778E+00   -4.734079E-05   -3.412737E-08
   -1.172297E+00   -4.749612E-05   -4.036458E-08
   -1.170817E+00   -4.764847E-05   -4.668568E-08
   -1.169337E+00   -4.779498E-05   -5.289628E-08
   -1.167857E+00   -4.793873E-05   -5.891387E-08
   -1.166377E+00   -4.807748E-05   -6.428156E-08
   -1.164897E+00   -4.821408E-05   -6.920231E-08
   -1.163416E+00   -4.834726E-05   -7.301276E-08
   -1.161936E+00   -4.847923E-05   -7.617694E-08
   -1.160456E+00   -4.860990E-05   -7.790595E-08
   -1.158976E+00   -4.874050E-05   -7.886794E-08
   -1.157496E+00   -4.887221E-05   -7.824371E-08
   -1.156016E+00   -4.900506E-05   -7.682426E-08
   -1.154535E+00   -4.914139E-05   -7.385828E-08
   -1.153055E+00   -4.928000E-05   -7.016437E-08
   -1.151575E+00   -4.942412E-05   -6.514953E-08
   -1.150095E+00   -4.957142E-05   -5.956198E-08
   -1.148615E+00   -4.972568E-05   -5.304021E-08
   -1.147134E+00   -4.988364E-05   -4.617193E-08
   -1.145654E+00   -5.004921E-05   -3.887520E-08
   -1.144174E+00   -5.021857E-05   -3.150455E-08
   -1.142694E+00   -5.039527E-05   -2.427473E-08
   -1.141214E+00   -5.057541E-05   -1.725955E-08
   -1.139734E+00   -5.076173E-05   -1.095328E-08
   -1.138253E+00   -5.095071E-05   -5.132596E-09
   -1.136773E+00   -5.114393E-05   -5.196632E-10
   -1.135293E+00   -5.133869E-05    3.387862E-09
   -1.133813E+00   -5.153524E-05    5.722031E-09
   -1.132333E+00   -5.173201E-05    7.211488E-09
   -1.130853E+00   -5.192786E-05    6.946553E-09
   -1.129372E+00   -5.212258E-05    5.799011E-09
   -1.127892E+00   -5.231378E-05    2.930874E-09
   -1.126412E+00   -5.250264E-05   -7.478042E-10
   -1.124932E+00   -5.268582E-05   -5.895645E-09
   -1.123452E+00   -5.286574E-05   -1.167806E-08
   -1.121972E+00   -5.303854E-05   -1.848761E-08
   -1.120491E+00   -5.320757E-05   -2.567248E-08
   -1.119011E+00   -5.336896E-05   -3.330590E-08
   -1.117531E+00   -5.352658E-05   -4.100458E-08
   -1.116051E+00   -5.367703E-05   -4.851005E-08
   -1.114571E+00   -5.382419E-05   -5.575937E-08
   -1.113090E+00   -5.396563E-05   -6.219203E-08
   -1.111610E+00   -5.410472E-05   -6.807627E-08
   -1.110130E+00   -5.424031E-05   -7.261624E-08
   -1.108650E+00   -5.437482E-05   -7.638042E-08
   -1.107170E+00   -5.450859E-05   -7.843183E-08
   -1.105690E+00   -5.464271E-05   -7.957158E-08
   -1.104209E+00   -5.477900E-05   -7.883105E-08
   -1.102729E+00   -5.491709E-05   -7.714944E-08
   -1.101249E+00   -5.506006E-05   -7.363870E-08
   -1.099769E+00   -5.520605E-05   -6.926663E-08
   -1.098289E+00   -5.535906E-05   -6.332888E-08
   -1.096809E+00   -5.551596E-05   -5.670997E-08
   -1.095328E+00   -5.568116E-05   -4.897310E-08
   -1.093848E+00   -5.585062E-05   -4.081674E-08
   -1.092368E+00   -5.602858E-05   -3.212771E-08
   -1.090888E+00   -5.621062E-05   -2.333502E-08
   -1.089408E+00   -5.640024E-05   -1.467055E-08
   -1.087928E+00   -5.659321E-05   -6.238320E-09
   -1.086447E+00   -5.679179E-05    1.402264E-09
   -1.084967E+00   -5.699251E-05    8.492946E-09
   -1.083487E+00   -5.719604E-05    1.420444E-08
   -1.082007E+00   -5.740018E-05    1.910567E-08
   -1.080527E+00   -5.760384E-05    2.219159E-08
   -1.079046E+00   -5.780641E-05    2.429939E-08
   -1.077566E+00   -5.800512E-05    2.436968E-08
   -1.076086E+00   -5.820110E-05    2.341243E-08
   -1.074606E+00   -5.839018E-05    2.044816E-08
   -1.073126E+00   -5.857517E-05    1.653713E-08
   -1.071646E+00   -5.875094E-05    1.090884E-08
   -1.070165E+00   -5.892170E-05    4.539086E-09
   -1.068685E+00   -5.908195E-05   -3.028271E-09
   -1.067205E+00   -5.923685E-05   -1.103065E-08
   -1.065725E+00   -5.938117E-05   -1.954366E-08
   -1.064245E+00   -5.952041E-05   -2.812214E-08
   -1.062765E+00   -5.965025E-05   -3.644363E-08
   -1.061284E+00   -5.977589E-05   -4.444477E-08
   -1.059804E+00   -5.989440E-05   -5.143776E-08
   -1.058324E+00   -6.001007E-05   -5.775674E-08
   -1.056844E+00   -6.012172E-05   -6.242568E-08
   -1.055364E+00   -6.023221E-05   -6.614191E-08
   -1.053884E+00   -6.034219E-05   -6.775133E-08
   -1.052403E+00   -6.045279E-05   -6.823633E-08
   -1.050923E+00   -6.056634E-05   -6.639363E-08
   -1.049443E+00   -6.068214E-05   -6.338018E-08
   -1.047963E+00   -6.080383E-05   -5.807665E-08
   -1.046483E+00   -6.092902E-05   -5.168574E-08
   -1.045003E+00   -6.106207E-05   -4.329630E-08
   -1.043522E+00   -6.119931E-05   -3.402398E-08
   -1.042042E+00   -6.134510E-05   -2.326966E-08
   -1.040562E+00   -6.149508E-05   -1.193821E-08
   -1.039082E+00   -6.165287E-05    1.837575E-10
   -1.037602E+00   -6.181413E-05    1.250568E-08
   -1.036121E+00   -6.198104E-05    2.482010E-08
   -1.034641E+00   -6.215000E-05    3.692416E-08
   -1.033161E+00   -6.232127E-05    4.819994E-08
   -1.031681E+00   -6.249267E-05    5.886669E-08
   -1.030201E+00   -6.266217E-05    6.795540E-08
   -1.028721E+00   -6.282959E-05    7.609595E-08
   -1.027240E+00   -6.299056E-05    8.207483E-08
   -1.025760E+00   -6.314721E-05    8.687164E-08
   -1.024280E+00   -6.329310E-05    8.917317E-08
   -1.022800E+00   -6.343265E-05    9.020038E-08
   -1.021320E+00   -6.355790E-05    8.870720E-08
   -1.019840E+00   -6.367532E-05    8.600942E-08
   -1.018359E+00   -6.377611E-05    8.109479E-08
   -1.016879E+00   -6.386828E-05    7.520620E-08
   -1.015399E+00   -6.394303E-05    6.770770E-08
   -1.013919E+00   -6.400919E-05    5.960277E-08
   -1.012439E+00   -6.405880E-05    5.072879E-08
   -1.010959E+00   -6.410064E-05    4.170865E-08
   -1.009478E+00   -6.412834E-05    3.289082E-08
   -1.007998E+00   -6.414980E-05    2.442267E-08
   -1.006518E+00   -6.416074E-05    1.713803E-08
   -1.005038E+00   -6.416746E-05    1.067350E-08
   -1.003558E+00   -6.416797E-05    6.265064E-09
   -1.002077E+00   -6.416648E-05    3.066362E-09
   -1.000597E+00   -6.416316E-05    2.588196E-09
   -9.991171E-01   -6.415991E-05    3.585839E-09
   -9.976369E-01   -6.415859E-05    7.690671E-09
   -9.961568E-01   -6.415895E-05    1.338742E-08
   -9.946766E-01   -6.416372E-05    2.226440E-08
   -9.931964E-01   -6.417102E-05    3.268979E-08
   -9.917163E-01   -6.418347E-05    4.605125E-08
   -9.902361E-01   -6.419830E-05    6.076359E-08
   -9.887559E-01   -6.421695E-05    7.787548E-08
   -9.872757E-01   -6.423678E-05    9.600552E-08
   -9.857956E-01   -6.425700E-05    1.157562E-07
   -9.843154E-01   -6.427618E-05    1.360879E-07
   -9.828352E-01   -6.429045E-05    1.570925E-07
   -9.813550E-01   -6.430065E-05    1.781794E-07
   -9.798749E-01   -6.429926E-05    1.989188E-07
   -9.783947E-01   -6.429026E-05    2.192336E-07
   -9.769145E-01   -6.426235E-05    2.382240E-07
   -9.754343E-01   -6.422317E-05    2.563361E-07
   -9.739542E-01   -6.415797E-05    2.723177E-07
   -9.724740E-01   -6.407814E-05    2.870841E-07
   -9.709938E-01   -6.396623E-05    2.992077E-07
   -9.695137E-01   -6.383708E-05    3.099528E-07
   -9.680335E-01   -6.367162E-05    3.179344E-07
   -9.665533E-01   -6.348738E-05    3.245868E-07
   -9.650731E-01   -6.326496E-05    3.287995E-07
   -9.635930E-01   -6.302347E-05    3.319567E-07
   -9.621128E-01   -6.274453E-05    3.334346E-07
   -9.606326E-01   -6.244754E-05    3.343349E-07
   -9.591524E-01   -6.211631E-05    3.346817E-07
   -9.576723E-01   -6.176916E-05    3.350827E-07
   -9.561921E-01   -6.139295E-05    3.362956E-07
   -9.547119E-01   -6.100373E-05    3.382764E-07
   -9.532317E-01   -6.059171E-05    3.425166E-07
   -9.517516E-01   -6.016990E-05    3.482383E-07
   -9.502714E-01   -5.973156E-05    3.575872E-07
   -9.487912E-01   -5.928631E-05    3.690539E-07
   -9.473110E-01   -5.882954E-05    3.852942E-07
   -9.458309E-01   -5.836784E-05    4.041495E-07
   -9.443507E-01   -5.789718E-05    4.286007E-07
   -9.428705E-01   -5.742207E-05    4.559847E-07
   -9.413904E-01   -5.693712E-05    4.894047E-07
   -9.399102E-01   -5.644626E-05    5.258783E-07
   -9.384300E-01   -5.594057E-05    5.684318E-07
   -9.369498E-01   -5.542540E-05    6.139647E-07
   -9.354697E-01   -5.488610E-05    6.652477E-07
   -9.339895E-01   -5.433167E-05    7.192612E-07
   -9.325093E-01   -5.373992E-05    7.783764E-07
   -9.310291E-01   -5.312560E-05    8.398336E-07
   -9.295490E-01   -5.245777E-05    9.055133E-07
   -9.280688E-01   -5.175880E-05    9.730597E-07
   -9.265886E-01   -5.098856E-05    1.043842E-06
   -9.251084E-01   -5.017824E-05    1.116000E-06
   -9.236283E-01   -4.927913E-05    1.190462E-06
   -9.221481E-01   -4.833158E-05    1.265883E-06
   -9.206679E-01   -4.727985E-05    1.342922E-06
   -9.191878E-01   -4.617289E-05    1.420677E-06
   -9.177076E-01   -4.495035E-05    1.499819E-06
   -9.162274E-01   -4.366817E-05    1.579712E-06
   -9.147472E-01   -4.226446E-05    1.661402E-06
   -9.132671E-01   -4.079969E-05    1.744238E-06
   -9.117869E-01   -3.921377E-05    1.830059E-06
   -9.103067E-01   -3.756860E-05    1.917827E-06
   -9.088265E-01   -3.580904E-05    2.010596E-06
   -9.073464E-01   -3.399507E-05    2.106520E-06
   -9.058662E-01   -3.207899E-05    2.210235E-06
   -9.043860E-01   -3.011571E-05    2.318668E-06
   -9.029058E-01   -2.806634E-05    2.438311E-06
   -9.014257E-01   -2.597825E-05    2.564497E-06
   -8.999455E-01   -2.382127E-05    2.705726E-06
   -8.984653E-01   -2.163387E-05    2.855475E-06
   -8.969851E-01   -1.939281E-05    3.024282E-06
   -8.955050E-01   -1.712786E-05    3.203626E-06
   -8.940248E-01   -1.481924E-05    3.406029E-06
   -8.925446E-01   -1.248981E-05    3.620937E-06
   -8.910645E-01   -1.011841E-05    3.862757E-06
   -8.895843E-01   -7.724502E-06    4.118957E-06
   -8.881041E-01   -5.279696E-06    4.405725E-06
   -8.866239E-01   -2.805016E-06    4.708657E-06
   -8.851438E-01   -2.587856E-07    5.045657E-06
   -8.836636E-01    2.330539E-06    5.400552E-06
   -8.821834E-01    5.023291E-06    5.792975E-06
   -8.807032E-01    7.777498E-06    6.205047E-06
   -8.792231E-01    1.067585E-05    6.658247E-06
   -8.777429E-01    1.365745E-05    7.132973E-06
   -8.762627E-01    1.682835E-05    7.652802E-06
   -8.747825E-01    2.010505E-05    8.196293E-06
   -8.733024E-01    2.361432E-05    8.789530E-06
   -8.718222E-01    2.724913E-05    9.408980E-06
   -8.703420E-01    3.115002E-05    1.008384E-05
   -8.688619E-01    3.518914E-05    1.078807E-05
   -8.673817E-01    3.950931E-05    1.155479E-05
   -8.659015E-01    4.396884E-05    1.235485E-05
   -8.644213E-01    4.869684E-05    1.322630E-05
   -8.629412E-01    5.354948E-05    1.413607E-05
   -8.614610E-01    5.862243E-05    1.512828E-05
   -8.599808E-01    6.378582E-05    1.616491E-05
   -8.585006E-01    6.907974E-05    1.729738E-05
   -8.570205E-01    7.440817E-05    1.848155E-05
   -8.555403E-01    7.973293E-05    1.977722E-05
   -8.540601E-01    8.501409E-05    2.113290E-05
   -8.525799E-01    9.011439E-05    2.261757E-05
   -8.510998E-01    9.507281E-05    2.417132E-05
   -8.496196E-01    9.963675E-05    2.587263E-05
   -8.481394E-01    1.039450E-04    2.765237E-05
   -8.466592E-01    1.076212E-04    2.959820E-05
   -8.451791E-01    1.109200E-04    3.163149E-05
   -8.436989E-01    1.133431E-04    3.384805E-05
   -8.422187E-01    1.152699E-04    3.616006E-05
   -8.407386E-01    1.160953E-04    3.866974E-05
   -8.392584E-01    1.163214E-04    4.128109E-05
   -8.377782E-01    1.152672E-04    4.410022E-05
   -8.362980E-01    1.135418E-04    4.702474E-05
   -8.348179E-01    1.104364E-04    5.016145E-05
   -8.333377E-01    1.066361E-04    5.340404E-05
   -8.318575E-01    1.014692E-04    5.685604E-05
   -8.303773E-01    9.564919E-05    6.041048E-05
   -8.288972E-01    8.862381E-05    6.416294E-05
   -8.274170E-01    8.106869E-05    6.800970E-05
   -8.259368E-01    7.264822E-05    7.203292E-05
   -8.244566E-01    6.391774E-05    7.613684E-05
   -8.229765E-01    5.486627E-05    8.038395E-05
   -8.214963E-01    4.583157E-05    8.469190E-05
   -8.200161E-01    3.724144E-05    8.909655E-05
   -8.185360E-01    2.910753E-05    9.353525E-05
   -8.170558E-01    2.241003E-05    9.800980E-05
   -8.155756E-01    1.671995E-05    1.024843E-04
   -8.140954E-01    1.367497E-05    1.069189E-04
   -8.126153E-01    1.229169E-05    1.113120E-04
   -8.111351E-01    1.495322E-05    1.155754E-04
   -8.096549E-01    2.001647E-05    1.197491E-04
   -8.081747E-01    3.067189E-05    1.236911E-04
   -8.066946E-01    4.452876E-05    1.274900E-04
   -8.052144E-01    6.561216E-05    1.309466E-04
   -8.037342E-01    9.072213E-05    1.342036E-04
   -8.022540E-01    1.247040E-04    1.370041E-04
   -8.007739E-01    1.635218E-04    1.395482E-04
   -7.992937E-01    2.127802E-04    1.415246E-04
   -7.978135E-01    2.676221E-04    1.431907E-04
   -7.963334E-01    3.343023E-04    1.441873E-04
   -7.948532E-01    4.072042E-04    1.448265E-04
   -7.933730E-01    4.930766E-04    1.447107E-04
   -7.918928E-01    5.856538E-04    1.442002E-04
   -7.904127E-01    6.919813E-04    1.428721E-04
   -7.889325E-01    8.053009E-04    1.411245E-04
   -7.874523E-01    9.327251E-04    1.385243E-04
   -7.859721E-01    1.067202E-03    1.354950E-04
   -7.844920E-01    1.215661E-03    1.316096E-04
   -7.830118E-01    1.370987E-03    1.273015E-04
   -7.815316E-01    1.539671E-03    1.221676E-04
   -7.800514E-01    1.714783E-03    1.166345E-04
   -7.785713E-01    1.902131E-03    1.103396E-04
   -7.770911E-01    2.095227E-03    1.036860E-04
   -7.756109E-01    2.298969E-03    9.636780E-05
   -7.741307E-01    2.507559E-03    8.874753E-05
   -7.726506E-01    2.724800E-03    8.059084E-05
   -7.711704E-01    2.945804E-03    7.220329E-05
   -7.696902E-01    3.173135E-03    6.343503E-05
   -7.682101E-01    3.403003E-03    5.451982E-05
   -7.667299E-01    3.636641E-03    4.540253E-05
   -7.652497E-01    3.871497E-03    3.623229E-05
   -7.637695E-01    4.107429E-03    2.705587E-05
   -7.622894E-01    4.343216E-03    1.792753E-05
   -7.608092E-01    4.577344E-03    8.999546E-06
   -7.593290E-01    4.809965E-03    2.242584E-07
   -7.578488E-01    5.038237E-03   -8.140623E-06
   -7.563687E-01    5.263679E-03   -1.624826E-05
   -7.548885E-01    5.482192E-03   -2.373910E-05
   -7.534083E-01    5.696626E-03   -3.087169E-05
   -7.519281E-01    5.901716E-03   -3.719130E-05
   -7.504480E-01    6.101569E-03   -4.305816E-05
   -7.489678E-01    6.289865E-03   -4.793128E-05
   -7.474876E-01    6.471873E-03   -5.226581E-05
   -7.460075E-01    6.640339E-03   -5.544459E-05
   -7.445273E-01    6.801583E-03   -5.800876E-05
   -7.430471E-01    6.947545E-03   -5.927520E-05
   -7.415669E-01    7.085480E-03   -5.986100E-05
   -7.400868E-01    7.206660E-03   -5.902666E-05
   -7.386066E-01    7.319149E-03   -5.745510E-05
   -7.371264E-01    7.413708E-03   -5.435919E-05
   -7.356462E-01    7.499072E-03   -5.047827E-05
   -7.341661E-01    7.565677E-03   -4.498597E-05
   -7.326859E-01    7.622770E-03   -3.866948E-05
   -7.312057E-01    7.660685E-03   -3.067245E-05
   -7.297255E-01    7.688995E-03   -2.182172E-05
   -7.282454E-01    7.698197E-03   -1.124290E-05
   -7.267652E-01    7.697969E-03    2.067464E-07
   -7.252850E-01    7.679286E-03    1.340311E-05
   -7.238048E-01    7.651663E-03    2.747043E-05
   -7.223247E-01    7.606914E-03    4.326333E-05
   -7.208445E-01    7.554074E-03    5.990426E-05
   -7.193643E-01    7.486197E-03    7.819677E-05
   -7.178842E-01    7.411475E-03    9.728452E-05
   -7.164040E-01    7.324622E-03    1.178836E-04
   -7.149238E-01    7.232587E-03    1.391891E-04
   -7.134436E-01    7.132165E-03    1.617883E-04
   -7.119635E-01    7.028639E-03    1.849647E-04
   -7.104833E-01    6.921278E-03    2.091342E-04
   -7.090031E-01    6.813275E-03    2.337096E-04
   -7.075229E-01    6.706706E-03    2.588960E-04
   -7.060428E-01    6.602284E-03    2.842782E-04
   -7.045626E-01    6.505128E-03    3.098169E-04
   -7.030824E-01    6.413138E-03    3.353097E-04
   -7.016022E-01    6.334600E-03    3.604511E-04
   -7.001221E-01    6.264358E-03    3.852837E-04
   -6.986419E-01    6.213836E-03    4.092285E-04
   -6.971617E-01    6.174709E-03    4.325947E-04
   -6.956816E-01    6.161347E-03    4.545382E-04
   -6.942014E-01    6.162285E-03    4.756417E-04
   -6.927212E-01    6.194481E-03    4.948201E-04
   -6.912410E-01    6.243523E-03    5.129213E-04
   -6.897609E-01    6.328435E-03    5.286578E-04
   -6.882807E-01    6.432220E-03    5.431182E-04
   -6.868005E-01    6.575298E-03    5.548641E-04
   -6.853203E-01    6.738612E-03    5.651856E-04
   -6.838402E-01    6.943192E-03    5.725546E-04
   -6.823600E-01    7.168593E-03    5.784116E-04
   -6.808798E-01    7.435584E-03    5.812076E-04
   -6.793996E-01    7.723126E-03    5.824722E-04
   -6.779195E-01    8.050828E-03    5.807094E-04
   -6.764393E-01    8.397920E-03    5.774695E-04
   -6.749591E-01    8.781973E-03    5.713869E-04
   -6.734789E-01    9.183388E-03    5.639584E-04
   -6.719988E-01    9.616886E-03    5.540278E-04
   -6.705186E-01    1.006492E-02    5.429605E-04
   -6.690384E-01    1.053868E-02    5.298865E-04
   -6.675583E-01    1.102349E-02    5.159613E-04
   -6.660781E-01    1.152647E-02    5.006724E-04
   -6.645979E-01    1.203649E-02    4.848876E-04
   -6.631177E-01    1.255634E-02    4.685131E-04
   -6.616376E-01    1.307893E-02    4.520575E-04
   -6.601574E-01    1.360261E-02    4.358892E-04
   -6.586772E-01    1.412465E-02    4.200974E-04
   -6.571970E-01    1.463915E-02    4.055343E-04
   -6.557169E-01    1.514780E-02    3.918256E-04
   -6.542367E-01    1.564081E-02    3.803028E-04
   -6.527565E-01    1.612415E-02    3.701065E-04
   -6.512763E-01    1.658475E-02    3.630130E-04
   -6.497962E-01    1.703245E-02    3.576836E-04
   -6.483160E-01    1.745167E-02    3.562767E-04
   -6.468358E-01    1.785551E-02    3.570093E-04
   -6.453557E-01    1.822677E-02    3.623344E-04
   -6.438755E-01    1.858105E-02    3.700882E-04
   -6.423953E-01    1.890044E-02    3.829126E-04
   -6.409151E-01    1.920218E-02    3.983513E-04
   -6.394350E-01    1.946862E-02    4.191198E-04
   -6.379548E-01    1.971764E-02    4.425749E-04
   -6.364746E-01    1.993276E-02    4.713896E-04
   -6.349944E-01    2.013159E-02    5.028490E-04
   -6.335143E-01    2.029956E-02    5.394736E-04
   -6.320341E-01    2.045313E-02    5.785929E-04
   -6.305539E-01    2.058027E-02    6.224772E-04
   -6.290737E-01    2.069552E-02    6.686094E-04
   -6.275936E-01    2.078988E-02    7.189268E-04
   -6.261134E-01    2.087532E-02    7.711630E-04
   -6.246332E-01    2.094613E-02    8.268552E-04
   -6.231530E-01    2.101127E-02    8.840697E-04
   -6.216729E-01    2.106845E-02    9.438915E-04
   -6.201927E-01    2.112331E-02    1.004787E-03
   -6.187125E-01    2.117692E-02    1.067352E-03
   -6.172324E-01    2.123153E-02    1.130503E-03
   -6.157522E-01    2.129134E-02    1.194325E-03
   -6.142720E-01    2.135529E-02    1.258224E-03
   -6.127918E-01    2.143045E-02    1.321764E-03
   -6.113117E-01    2.151259E-02    1.384868E-03
   -6.098315E-01    2.161129E-02    1.446589E-03
   -6.083513E-01    2.171947E-02    1.507371E-03
   -6.068711E-01    2.184884E-02    1.565798E-03
   -6.053910E-01    2.198981E-02    1.622819E-03
   -6.039108E-01    2.215581E-02    1.676606E-03
   -6.024306E-01    2.233513E-02    1.728581E-03
   -6.009504E-01    2.254259E-02    1.776587E-03
   -5.994703E-01    2.276475E-02    1.822458E-03
   -5.979901E-01    2.301744E-02    1.863812E-03
   -5.965099E-01    2.328590E-02    1.902809E-03
   -5.950298E-01    2.358672E-02    1.936955E-03
   -5.935496E-01    2.390409E-02    1.968636E-03
   -5.920694E-01    2.425516E-02    1.995360E-03
   -5.905892E-01    2.462336E-02    2.019617E-03
   -5.891091E-01    2.502625E-02    2.039018E-03
   -5.876289E-01    2.544668E-02    2.056049E-03
   -5.861487E-01    2.590250E-02    2.068488E-03
   -5.846685E-01    2.637614E-02    2.078718E-03
   -5.831884E-01    2.688565E-02    2.084719E-03
   -5.817082E-01    2.741319E-02    2.088701E-03
   -5.802280E-01    2.797689E-02    2.088832E-03
   -5.787478E-01    2.855872E-02    2.087122E-03
   -5.772677E-01    2.917680E-02    2.081871E-03
   -5.757875E-01    2.981300E-02    2.074904E-03
   -5.743073E-01    3.048530E-02    2.064570E-03
   -5.728271E-01    3.117557E-02    2.052562E-03
   -5.713470E-01    3.190148E-02    2.037180E-03
   -5.698668E-01    3.264501E-02    2.020074E-03
   -5.683866E-01    3.342330E-02    1.999400E-03
   -5.669065E-01    3.421865E-02    1.976863E-03
   -5.654263E-01    3.504735E-02    1.950414E-03
   -5.639461E-01    3.589228E-02    1.921907E-03
   -5.624659E-01    3.676856E-02    1.889071E-03
   -5.609858E-01    3.765991E-02    1.853968E-03
   -5.595056E-01    3.857997E-02    1.814155E-03
   -5.580254E-01    3.951360E-02    1.771916E-03
   -5.565452E-01    4.047265E-02    1.724743E-03
   -5.550651E-01    4.144346E-02    1.675096E-03
   -5.535849E-01    4.243578E-02    1.620569E-03
   -5.521047E-01    4.343777E-02    1.563684E-03
   -5.506245E-01    4.445685E-02    1.502350E-03
   -5.491444E-01    4.548330E-02    1.438979E-03
   -5.476642E-01    4.652211E-02    1.372015E-03
   -5.461840E-01    4.756588E-02    1.303551E-03
   -5.447039E-01    4.861717E-02    1.232778E-03
   -5.432237E-01    4.967102E-02    1.161244E-03
   -5.417435E-01    5.072773E-02    1.089048E-03
   -5.402633E-01    5.178477E-02    1.016984E-03
   -5.387832E-01    5.284047E-02    9.461547E-04
   -5.373030E-01    5.389457E-02    8.764385E-04
   -5.358228E-01    5.494390E-02    8.099412E-04
   -5.343426E-01    5.599015E-02    7.455386E-04
   -5.328625E-01    5.702923E-02    6.862499E-04
   -5.313823E-01    5.806434E-02    6.299472E-04
   -5.299021E-01    5.909114E-02    5.803867E-04
   -5.284219E-01    6.011376E-02    5.345300E-04
   -5.269418E-01    6.112837E-02    4.966260E-04
   -5.254616E-01    6.213934E-02    4.629048E-04
   -5.239814E-01    6.314411E-02    4.378228E-04
   -5.225013E-01    6.414654E-02    4.171249E-04
   -5.210211E-01    6.514613E-02    4.051799E-04
   -5.195409E-01    6.614542E-02    3.975333E-04
   -5.180607E-01    6.714668E-02    3.981933E-04
   -5.165806E-01    6.815038E-02    4.027998E-04
   -5.151004E-01    6.916214E-02    4.147750E-04
   -5.136202E-01    7.017966E-02    4.301249E-04
   -5.121400E-01    7.121239E-02    4.515272E-04
   -5.106599E-01    7.225468E-02    4.755773E-04
   -5.091797E-01    7.332012E-02    5.041260E-04
   -5.076995E-01    7.439921E-02    5.345150E-04
   -5.062193E-01    7.550986E-02    5.677634E-04
   -5.047392E-01    7.663842E-02    6.020390E-04
   -5.032590E-01    7.780710E-02    6.375952E-04
   -5.017788E-01    7.899796E-02    6.734285E-04
   -5.002986E-01    8.023732E-02    7.091497E-04
   -4.988185E-01    8.150295E-02    7.445174E-04
   -4.973383E-01    8.282503E-02    7.786631E-04
   -4.958581E-01    8.417718E-02    8.119839E-04
   -4.943780E-01    8.559300E-02    8.433175E-04
   -4.928978E-01    8.704229E-02    8.735354E-04
   -4.914176E-01    8.856157E-02    9.013707E-04
   -4.899374E-01    9.011722E-02    9.279843E-04
   -4.884573E-01    9.174812E-02    9.521795E-04
   -4.869771E-01    9.341774E-02    9.752181E-04
   -4.854969E-01    9.516673E-02    9.961209E-04
   -4.840167E-01    9.695621E-02    1.016076E-03
   -4.825366E-01    9.882802E-02    1.034431E-03
   -4.810564E-01    1.007415E-01    1.052155E-03
   -4.795762E-01    1.027392E-01    1.068985E-03
   -4.780960E-01    1.047792E-01    1.085564E-03
   -4.766159E-01    1.069043E-01    1.102043E-03
   -4.751357E-01    1.090719E-01    1.118674E-03
   -4.736555E-01    1.113245E-01    1.136005E-03
   -4.721754E-01    1.136195E-01    1.153877E-03
   -4.706952E-01    1.159988E-01    1.173199E-03
   -4.692150E-01    1.184200E-01    1.193417E-03
   -4.677348E-01    1.209244E-01    1.215747E-03
   -4.662547E-01    1.234702E-01    1.239281E-03
   -4.647745E-01    1.260978E-01    1.265503E-03
   -4.632943E-01    1.287660E-01    1.293201E-03
   -4.618141E-01    1.315149E-01    1.324099E-03
   -4.603340E-01    1.343039E-01    1.356723E-03
   -4.588538E-01    1.371725E-01    1.393046E-03
   -4.573736E-01    1.400807E-01    1.431349E-03
   -4.558934E-01    1.430680E-01    1.473884E-03
   -4.544133E-01    1.460948E-01    1.518681E-03
   -4.529331E-01    1.492008E-01    1.568316E-03
   -4.514529E-01    1.523464E-01    1.620538E-03
   -4.499727E-01    1.555719E-01    1.678288E-03
   -4.484926E-01    1.588376E-01    1.738986E-03
   -4.470124E-01    1.621847E-01    1.805957E-03
   -4.455322E-01    1.655730E-01    1.876250E-03
   -4.440521E-01    1.690449E-01    1.953543E-03
   -4.425719E-01    1.725594E-01    2.034496E-03
   -4.410917E-01    1.761605E-01    2.123044E-03
   -4.396115E-01    1.798058E-01    2.215494E-03
   -4.381314E-01    1.835415E-01    2.315867E-03
   -4.366512E-01    1.873234E-01    2.420213E-03
   -4.351710E-01    1.912001E-01    2.532403E-03
   -4.336908E-01    1.951253E-01    2.648398E-03
   -4.322107E-01    1.991500E-01    2.771627E-03
   -4.307305E-01    2.032258E-01    2.898208E-03
   -4.292503E-01    2.074064E-01    3.030802E-03
   -4.277701E-01    2.116407E-01    3.165978E-03
   -4.262900E-01    2.159853E-01    3.305318E-03
   -4.248098E-01    2.203865E-01    3.446166E-03
   -4.233296E-01    2.249035E-01    3.588748E-03
   -4.218495E-01    2.294798E-01    3.731499E-03
   -4.203693E-01    2.341775E-01    3.873096E-03
   -4.188891E-01    2.389371E-01    4.013333E-03
   -4.174089E-01    2.438233E-01    4.149243E-03
   -4.159288E-01    2.487739E-01    4.282176E-03
   -4.144486E-01    2.538556E-01    4.407541E-03
   -4.129684E-01    2.590039E-01    4.528334E-03
   -4.114882E-01    2.642871E-01    4.638475E-03
   -4.100081E-01    2.696385E-01    4.742585E-03
   -4.085279E-01    2.751274E-01    4.833333E-03
   -4.070477E-01    2.806855E-01    4.916822E-03
   -4.055675E-01    2.863824E-01    4.984786E-03
   -4.040874E-01    2.921485E-01    5.044567E-03
   -4.026072E-01    2.980529E-01    5.087319E-03
   -4.011270E-01    3.040259E-01    5.121312E-03
   -3.996468E-01    3.101345E-01    5.137475E-03
   -3.981667E-01    3.163099E-01    5.144654E-03
   -3.966865E-01    3.226160E-01    5.133889E-03
   -3.952063E-01    3.289858E-01    5.114241E-03
   -3.937262E-01    3.354791E-01    5.077146E-03
   -3.922460E-01    3.420317E-01    5.031551E-03
   -3.907658E-01    3.486977E-01    4.969518E-03
   -3.892856E-01    3.554173E-01    4.899599E-03
   -3.878055E-01    3.622376E-01    4.814668E-03
   -3.863253E-01    3.691045E-01    4.722653E-03
   -3.848451E-01    3.760564E-01    4.617397E-03
   -3.833649E-01    3.830465E-01    4.506026E-03
   -3.818848E-01    3.901035E-01    4.383515E-03
   -3.804046E-01    3.971888E-01    4.256026E-03
   -3.789244E-01    4.043203E-01    4.119858E-03
   -3.774442E-01    4.114691E-01    3.980044E-03
   -3.759641E-01    4.186411E-01    3.834441E-03
   -3.744839E-01    4.258184E-01    3.686757E-03
   -3.730037E-01    4.329939E-01    3.536670E-03
   -3.715236E-01    4.401619E-01    3.386325E-03
   -3.700434E-01    4.473018E-01    3.237482E-03
   -3.685632E-01    4.544208E-01    3.090454E-03
   -3.670830E-01    4.614844E-01    2.949277E-03
   -3.656029E-01    4.685135E-01    2.812167E-03
   -3.641227E-01    4.754601E-01    2.685500E-03
   -3.626425E-01    4.823586E-01    2.565195E-03
   -3.611623E-01    4.891480E-01    2.459817E-03
   -3.596822E-01    4.958765E-01    2.362930E-03
   -3.582020E-01    5.024708E-01    2.284873E-03
   -3.567218E-01    5.089923E-01    2.217014E-03
   -3.552416E-01    5.153571E-01    2.170773E-03
   -3.537615E-01    5.216385E-01    2.135745E-03
   -3.522813E-01    5.277440E-01    2.123491E-03
   -3.508011E-01    5.337575E-01    2.122541E-03
   -3.493209E-01    5.395797E-01    2.143498E-03
   -3.478408E-01    5.453034E-01    2.174780E-03
   -3.463606E-01    5.508252E-01    2.224907E-03
   -3.448804E-01    5.562444E-01    2.283292E-03
   -3.434003E-01    5.614560E-01    2.355384E-03
   -3.419201E-01    5.665634E-01    2.432715E-03
   -3.404399E-01    5.714627E-01    2.516959E-03
   -3.389597E-01    5.762587E-01    2.602756E-03
   -3.374796E-01    5.808510E-01    2.687715E-03
   -3.359994E-01    5.853435E-01    2.770272E-03
   -3.345192E-01    5.896412E-01    2.844157E-03
   -3.330390E-01    5.938446E-01    2.911876E-03
   -3.315589E-01    5.978660E-01    2.963926E-03
   -3.300787E-01    6.018004E-01    3.006683E-03
   -3.285985E-01    6.055687E-01    3.028431E-03
   -3.271183E-01    6.092584E-01    3.038747E-03
   -3.256382E-01    6.127999E-01    3.024948E-03
   -3.241580E-01    6.162719E-01    2.998776E-03
   -3.226778E-01    6.196142E-01    2.947848E-03
   -3.211977E-01    6.228962E-01    2.884827E-03
   -3.197175E-01    6.260667E-01    2.798732E-03
   -3.182373E-01    6.291856E-01    2.701883E-03
   -3.167571E-01    6.322092E-01    2.585470E-03
   -3.152770E-01    6.351888E-01    2.460383E-03
   -3.137968E-01    6.380866E-01    2.320331E-03
   -3.123166E-01    6.409463E-01    2.174015E-03
   -3.108364E-01    6.437338E-01    2.017557E-03
   -3.093563E-01    6.464868E-01    1.857146E-03
   -3.078761E-01    6.491727E-01    1.690821E-03
   -3.063959E-01    6.518252E-01    1.522379E-03
   -3.049157E-01    6.544103E-01    1.351012E-03
   -3.034356E-01    6.569606E-01    1.178632E-03
   -3.019554E-01    6.594377E-01    1.004706E-03
   -3.004752E-01    6.618757E-01    8.300363E-04
   -2.989950E-01    6.642294E-01    6.535389E-04
   -2.975149E-01    6.665371E-01    4.757796E-04
   -2.960347E-01    6.687443E-01    2.944970E-04
   -2.945545E-01    6.708965E-01    1.108341E-04
   -2.930744E-01    6.729278E-01   -7.899115E-05
   -2.915942E-01    6.748932E-01   -2.726424E-04
   -2.901140E-01    6.767145E-01   -4.754448E-04
   -2.886338E-01    6.784577E-01   -6.835398E-04
   -2.871537E-01    6.800322E-01   -9.035187E-04
   -2.856735E-01    6.815161E-01   -1.129991E-03
   -2.841933E-01    6.828067E-01   -1.370302E-03
   -2.827131E-01    6.839948E-01   -1.617814E-03
   -2.812330E-01    6.849669E-01   -1.879968E-03
   -2.797528E-01    6.858261E-01   -2.149392E-03
   -2.782726E-01    6.864503E-01   -2.432899E-03
   -2.767924E-01    6.869533E-01   -2.723043E-03
   -2.753123E-01    6.872075E-01   -3.025299E-03
   -2.738321E-01    6.873352E-01   -3.332860E-03
   -2.723519E-01    6.872067E-01   -3.649205E-03
   -2.708718E-01    6.869498E-01   -3.968874E-03
   -2.693916E-01    6.864366E-01   -4.292765E-03
   -2.679114E-01    6.857967E-01   -4.617417E-03
   -2.664312E-01    6.849079E-01   -4.940631E-03
   -2.649511E-01    6.838979E-01   -5.261528E-03
   -2.634709E-01    6.826535E-01   -5.574367E-03
   -2.619907E-01    6.812967E-01   -5.881359E-03
   -2.605105E-01    6.797264E-01   -6.172833E-03
   -2.590304E-01    6.780555E-01   -6.454546E-03
   -2.575502E-01    6.761970E-01   -6.712579E-03
   -2.560700E-01    6.742518E-01   -6.956627E-03
   -2.545898E-01    6.721484E-01   -7.168314E-03
   -2.531097E-01    6.699736E-01   -7.361591E-03
   -2.516295E-01    6.676716E-01   -7.513565E-03
   -2.501493E-01    6.653138E-01   -7.642655E-03
   -2.486692E-01    6.628596E-01   -7.721592E-03
   -2.471890E-01    6.603647E-01   -7.773327E-03
   -2.457088E-01    6.578023E-01   -7.766601E-03
   -2.442286E-01    6.552130E-01   -7.728750E-03
   -2.427485E-01    6.525818E-01   -7.625200E-03
   -2.412683E-01    6.499354E-01   -7.487274E-03
   -2.397881E-01    6.472683E-01   -7.278024E-03
   -2.383079E-01    6.445952E-01   -7.032091E-03
   -2.368278E-01    6.419174E-01   -6.711350E-03
   -2.353476E-01    6.392402E-01   -6.352804E-03
   -2.338674E-01    6.365688E-01   -5.918540E-03
   -2.323872E-01    6.339019E-01   -5.446723E-03
   -2.309071E-01    6.312457E-01   -4.901152E-03
   -2.294269E-01    6.285953E-01   -4.319756E-03
   -2.279467E-01    6.259556E-01   -3.669567E-03
   -2.264665E-01    6.233204E-01   -2.986773E-03
   -2.249864E-01    6.206915E-01   -2.243063E-03
   -2.235062E-01    6.180639E-01   -1.471374E-03
   -2.220260E-01    6.154345E-01   -6.492945E-04
   -2.205459E-01    6.128015E-01    1.949208E-04
   -2.190657E-01    6.101557E-01    1.076813E-03
   -2.175855E-01    6.075003E-01    1.974051E-03
   -2.161053E-01    6.048192E-01    2.894687E-03
   -2.146252E-01    6.021217E-01    3.823275E-03
   -2.131450E-01    5.993845E-01    4.760171E-03
   -2.116648E-01    5.966238E-01    5.697424E-03
   -2.101846E-01    5.938092E-01    6.627916E-03
   -2.087045E-01    5.909641E-01    7.551402E-03
   -2.072243E-01    5.880514E-01    8.453957E-03
   -2.057441E-01    5.851018E-01    9.342805E-03
   -2.042639E-01    5.820723E-01    1.019829E-02
   -2.027838E-01    5.790002E-01    1.103444E-02
   -2.013036E-01    5.758381E-01    1.182728E-02
   -1.998234E-01    5.726290E-01    1.259655E-02
   -1.983433E-01    5.693226E-01    1.331561E-02
   -1.968631E-01    5.659663E-01    1.400848E-02
   -1.953829E-01    5.625087E-01    1.464762E-02
   -1.939027E-01    5.590003E-01    1.525965E-02
   -1.924226E-01    5.553905E-01    1.581779E-02
   -1.909424E-01    5.517309E-01    1.634951E-02
   -1.894622E-01    5.479741E-01    1.683020E-02
   -1.879820E-01    5.441706E-01    1.728655E-02
   -1.865019E-01    5.402783E-01    1.769710E-02
   -1.850217E-01    5.363445E-01    1.808635E-02
   -1.835415E-01    5.323344E-01    1.843648E-02
   -1.820613E-01    5.282899E-01    1.876883E-02
   -1.805812E-01    5.241848E-01    1.906914E-02
   -1.791010E-01    5.200538E-01    1.935510E-02
   -1.776208E-01    5.158806E-01    1.961544E-02
   -1.761406E-01    5.116912E-01    1.986429E-02
   -1.746605E-01    5.074790E-01    2.009237E-02
   -1.731803E-01    5.032604E-01    2.031086E-02
   -1.717001E-01    4.990385E-01    2.051124E-02
   -1.702200E-01    4.948196E-01    2.070277E-02
   -1.687398E-01    4.906151E-01    2.087645E-02
   -1.672596E-01    4.864217E-01    2.104084E-02
   -1.657794E-01    4.822571E-01    2.118549E-02
   -1.642993E-01    4.781098E-01    2.131947E-02
   -1.628191E-01    4.740014E-01    2.143023E-02
   -1.613389E-01    4.699138E-01    2.152838E-02
   -1.598587E-01    4.658695E-01    2.159919E-02
   -1.583786E-01    4.618467E-01    2.165535E-02
   -1.568984E-01    4.578654E-01    2.168042E-02
   -1.554182E-01    4.539033E-01    2.168921E-02
   -1.539380E-01    4.499749E-01    2.166446E-02
   -1.524579E-01    4.460603E-01    2.162266E-02
   -1.509777E-01    4.421660E-01    2.154681E-02
   -1.494975E-01    4.382776E-01    2.145425E-02
   -1.480174E-01    4.343916E-01    2.132945E-02
   -1.465372E-01    4.305017E-01    2.118938E-02
   -1.450570E-01    4.265932E-01    2.102101E-02
   -1.435768E-01    4.226698E-01    2.083979E-02
   -1.420967E-01    4.187055E-01    2.063578E-02
   -1.406165E-01    4.147152E-01    2.042192E-02
   -1.391363E-01    4.106622E-01    2.019150E-02
   -1.376561E-01    4.065727E-01    1.995432E-02
   -1.361760E-01    4.024009E-01    1.970647E-02
   -1.346958E-01    3.981836E-01    1.945455E-02
   -1.332156E-01    3.938680E-01    1.919656E-02
   -1.317354E-01    3.895002E-01    1.893631E-02
   -1.302553E-01    3.850230E-01    1.867255E-02
   -1.287751E-01    3.804894E-01    1.840721E-02
   -1.272949E-01    3.758405E-01    1.813847E-02
   -1.258147E-01    3.711337E-01    1.786762E-02
   -1.243346E-01    3.663114E-01    1.759113E-02
   -1.228544E-01    3.614323E-01    1.731088E-02
   -1.213742E-01    3.564425E-01    1.702088E-02
   -1.198941E-01    3.513992E-01    1.672475E-02
   -1.184139E-01    3.462542E-01    1.641370E-02
   -1.169337E-01    3.410610E-01    1.609386E-02
   -1.154535E-01    3.357779E-01    1.575388E-02
   -1.139734E-01    3.304531E-01    1.540269E-02
   -1.124932E-01    3.250519E-01    1.502713E-02
   -1.110130E-01    3.196159E-01    1.463864E-02
   -1.095328E-01    3.141172E-01    1.422339E-02
   -1.080527E-01    3.085904E-01    1.379459E-02
   -1.065725E-01    3.030135E-01    1.333902E-02
   -1.050923E-01    2.974143E-01    1.287057E-02
   -1.036121E-01    2.917752E-01    1.237797E-02
   -1.021320E-01    2.861181E-01    1.187442E-02
   -1.006518E-01    2.804283E-01    1.135179E-02
   -9.917163E-02    2.747230E-01    1.082128E-02
   -9.769145E-02    2.689881E-01    1.027871E-02
   -9.621128E-02    2.632383E-01    9.732137E-03
   -9.473110E-02    2.574578E-01    9.181800E-03
   -9.325093E-02    2.516608E-01    8.631766E-03
   -9.177076E-02    2.458277E-01    8.086729E-03
   -9.029058E-02    2.399743E-01    7.546346E-03
   -8.881041E-02    2.340754E-01    7.019419E-03
   -8.733024E-02    2.281505E-01    6.501172E-03
   -8.585006E-02    2.221669E-01    6.003891E-03
   -8.436989E-02    2.161500E-01    5.518714E-03
   -8.288972E-02    2.100580E-01    5.060594E-03
   -8.140954E-02    2.039239E-01    4.617213E-03
   -7.992937E-02    1.976960E-01    4.205291E-03
   -7.844920E-02    1.914162E-01    3.809866E-03
   -7.696902E-02    1.850223E-01    3.448519E-03
   -7.548885E-02    1.785661E-01    3.104539E-03
   -7.400868E-02    1.719746E-01    2.795524E-03
   -7.252850E-02    1.653102E-01    2.503909E-03
   -7.104833E-02    1.584895E-01    2.246550E-03
   -6.956816E-02    1.515857E-01    2.005872E-03
   -6.808798E-02    1.445056E-01    1.797335E-03
   -6.660781E-02    1.373327E-01    1.604111E-03
   -6.512763E-02    1.299656E-01    1.439725E-03
   -6.364746E-02    1.224973E-01    1.288746E-03
   -6.216729E-02    1.148195E-01    1.162347E-03
   -6.068711E-02    1.070338E-01    1.047035E-03
   -5.920694E-02    9.902724E-02    9.513527E-04
   -5.772677E-02    9.090810E-02    8.641624E-04
   -5.624659E-02    8.256101E-02    7.912545E-04
   -5.476642E-02    7.409919E-02    7.241295E-04
   -5.328625E-02    6.540770E-02    6.658872E-04
   -5.180607E-02    5.660203E-02    6.107848E-04
   -5.032590E-02    4.757086E-02    5.594892E-04
   -4.884573E-02    3.842914E-02    5.089493E-04
   -4.736555E-02    2.907242E-02    4.578483E-04
   -4.588538E-02    1.961205E-02    4.055627E-04
   -4.440521E-02    9.953839E-03    3.494004E-04
   -4.292503E-02    2.022649E-04    2.907102E-04
   -4.144486E-02   -9.723215E-03    2.261325E-04
   -3.996468E-02   -1.972840E-02    1.583734E-04
   -3.848451E-02   -2.987687E-02    8.413101E-05
   -3.700434E-02   -4.008813E-02    6.756902E-06
   -3.552416E-02   -5.040570E-02   -7.634488E-05
   -3.404399E-02   -6.076608E-02   -1.619025E-04
   -3.256382E-02   -7.119005E-02   -2.513203E-04
   -3.108364E-02   -8.163416E-02   -3.420511E-04
   -2.960347E-02   -9.209417E-02   -4.340487E-04
   -2.812330E-02   -1.025494E-01   -5.259685E-04
   -2.664312E-02   -1.129690E-01   -6.163078E-04
   -2.516295E-02   -1.233572E-01   -7.051732E-04
   -2.368278E-02   -1.336553E-01   -7.898356E-04
   -2.220260E-02   -1.438946E-01   -8.718486E-04
   -2.072243E-02   -1.539881E-01   -9.476648E-04
   -1.924226E-02   -1.639948E-01   -1.020046E-03
   -1.776208E-02   -1.738001E-01   -1.085129E-03
   -1.628191E-02   -1.834910E-01   -1.146469E-03
   -1.480174E-02   -1.929266E-01   -1.200383E-03
   -1.332156E-02   -2.022214E-01   -1.250721E-03
   -1.184139E-02   -2.112095E-01   -1.294382E-03
   -1.036121E-02   -2.200323E-01   -1.335021E-03
   -8.881041E-03   -2.285015E-01   -1.370373E-03
   -7.400868E-03   -2.367831E-01   -1.403498E-03
   -5.920694E-03   -2.446694E-01   -1.433046E-03
   -4.440521E-03   -2.523487E-01   -1.461242E-03
   -2.960347E-03   -2.595970E-01   -1.487568E-03
   -1.480174E-03   -2.666222E-01   -1.513343E-03
   -1.665335E-16   -2.731874E-01   -1.538698E-03
    1.480174E-03   -2.795166E-01   -1.564131E-03
    2.960347E-03   -2.853639E-01   -1.590191E-03
    4.440521E-03   -2.909660E-01   -1.616745E-03
    5.920694E-03   -2.960711E-01   -1.644558E-03
    7.400868E-03   -3.009252E-01   -1.673096E-03
    8.881041E-03   -3.052739E-01   -1.703216E-03
    1.036121E-02   -3.093691E-01   -1.734179E-03
    1.184139E-02   -3.129571E-01   -1.766921E-03
    1.332156E-02   -3.162921E-01   -1.800610E-03
    1.480174E-02   -3.191236E-01   -1.836345E-03
    1.628191E-02   -3.217055E-01   -1.873211E-03
    1.776208E-02   -3.237931E-01   -1.912626E-03
    1.924226E-02   -3.256366E-01   -1.953500E-03
    2.072243E-02   -3.269995E-01   -1.997746E-03
    2.220260E-02   -3.281261E-01   -2.043941E-03
    2.368278E-02   -3.287896E-01   -2.094630E-03
    2.516295E-02   -3.292265E-01   -2.147888E-03
    2.664312E-02   -3.292210E-01   -2.206952E-03
    2.812330E-02   -3.290001E-01   -2.269254E-03
    2.960347E-02   -3.283604E-01   -2.338675E-03
    3.108364E-02   -3.275178E-01   -2.411950E-03
    3.256382E-02   -3.262823E-01   -2.493441E-03
    3.404399E-02   -3.248572E-01   -2.579240E-03
    3.552416E-02   -3.230672E-01   -2.673924E-03
    3.700434E-02   -3.211019E-01   -2.773112E-03
    3.848451E-02   -3.188010E-01   -2.881267E-03
    3.996468E-02   -3.163399E-01   -2.993800E-03
    4.144486E-02   -3.135738E-01   -3.114709E-03
    4.292503E-02   -3.106629E-01   -3.239530E-03
    4.440521E-02   -3.074783E-01   -3.371461E-03
    4.588538E-02   -3.041648E-01   -3.506516E-03
    4.736555E-02   -3.006093E-01   -3.646826E-03
    4.884573E-02   -2.969408E-01   -3.789211E-03
    5.032590E-02   -2.930620E-01   -3.934551E-03
    5.180607E-02   -2.890860E-01   -4.080740E-03
    5.328625E-02   -2.849311E-01   -4.227326E-03
    5.476642E-02   -2.806943E-01   -4.373453E-03
    5.624659E-02   -2.763089E-01   -4.517355E-03
    5.772677E-02   -2.718565E-01   -4.659504E-03
    5.920694E-02   -2.672843E-01   -4.796911E-03
    6.068711E-02   -2.626592E-01   -4.931359E-03
    6.216729E-02   -2.579412E-01   -5.058788E-03
    6.364746E-02   -2.531832E-01   -5.182195E-03
    6.512763E-02   -2.483569E-01   -5.296618E-03
    6.660781E-02   -2.435022E-01   -5.406121E-03
    6.808798E-02   -2.386012E-01   -5.505013E-03
    6.956816E-02   -2.336818E-01   -5.598255E-03
    7.104833E-02   -2.287348E-01   -5.679583E-03
    7.252850E-02   -2.237781E-01   -5.754685E-03
    7.400868E-02   -2.188091E-01   -5.816864E-03
    7.548885E-02   -2.138372E-01   -5.872384E-03
    7.696902E-02   -2.088649E-01   -5.914258E-03
    7.844920E-02   -2.038947E-01   -5.949187E-03
    7.992937E-02   -1.989324E-01   -5.970065E-03
    8.140954E-02   -1.939756E-01   -5.983888E-03
    8.288972E-02   -1.890315E-01   -5.983665E-03
    8.436989E-02   -1.840944E-01   -5.976517E-03
    8.585006E-02   -1.791716E-01   -5.955884E-03
    8.733024E-02   -1.742559E-01   -5.928780E-03
    8.881041E-02   -1.693531E-01   -5.889487E-03
    9.029058E-02   -1.644560E-01   -5.844589E-03
    9.177076E-02   -1.595680E-01   -5.789699E-03
    9.325093E-02   -1.546833E-01   -5.730547E-03
    9.473110E-02   -1.498020E-01   -5.664587E-03
    9.621128E-02   -1.449207E-01   -5.596202E-03
    9.769145E-02   -1.400358E-01   -5.525139E-03
    9.917163E-02   -1.351473E-01   -5.453918E-03
    1.006518E-01   -1.302477E-01   -5.384882E-03
    1.021320E-01   -1.253407E-01   -5.318232E-03
    1.036121E-01   -1.204155E-01   -5.258962E-03
    1.050923E-01   -1.154795E-01   -5.204659E-03
    1.065725E-01   -1.105189E-01   -5.162711E-03
    1.080527E-01   -1.055449E-01   -5.128045E-03
    1.095328E-01   -1.005416E-01   -5.109848E-03
    1.110130E-01   -9.552289E-02   -5.100654E-03
    1.124932E-01   -9.047243E-02   -5.110553E-03
    1.139734E-01   -8.540586E-02   -5.130289E-03
    1.154535E-01   -8.030726E-02   -5.169733E-03
    1.169337E-01   -7.519304E-02   -5.218756E-03
    1.184139E-01   -7.004900E-02   -5.285798E-03
    1.198941E-01   -6.489101E-02   -5.360990E-03
    1.213742E-01   -5.970763E-02   -5.450205E-03
    1.228544E-01   -5.451303E-02   -5.545043E-03
    1.243346E-01   -4.929934E-02   -5.647912E-03
    1.258147E-01   -4.407793E-02   -5.753012E-03
    1.272949E-01   -3.884500E-02   -5.858752E-03
    1.287751E-01   -3.360832E-02   -5.962827E-03
    1.302553E-01   -2.836826E-02   -6.059566E-03
    1.317354E-01   -2.312851E-02   -6.150675E-03
    1.332156E-01   -1.789330E-02   -6.226799E-03
    1.346958E-01   -1.266217E-02   -6.293719E-03
    1.361760E-01   -7.442563E-03   -6.339214E-03
    1.376561E-01   -2.230176E-03   -6.372733E-03
    1.391363E-01    2.965276E-03   -6.380329E-03
    1.406165E-01    8.151272E-03   -6.374286E-03
    1.420967E-01    1.331691E-02   -6.340248E-03
    1.435768E-01    1.847192E-02   -6.292185E-03
    1.450570E-01    2.360536E-02   -6.216656E-03
    1.465372E-01    2.872812E-02   -6.127999E-03
    1.480174E-01    3.383024E-02   -6.014866E-03
    1.494975E-01    3.892264E-02   -5.890641E-03
    1.509777E-01    4.399723E-02   -5.746963E-03
    1.524579E-01    4.906389E-02   -5.595099E-03
    1.539380E-01    5.411698E-02   -5.430198E-03
    1.554182E-01    5.916451E-02   -5.260527E-03
    1.568984E-01    6.420351E-02   -5.084870E-03
    1.583786E-01    6.923958E-02   -4.907977E-03
    1.598587E-01    7.427241E-02   -4.731996E-03
    1.613389E-01    7.930487E-02   -4.558053E-03
    1.628191E-01    8.433900E-02   -4.391052E-03
    1.642993E-01    8.937507E-02   -4.228775E-03
    1.657794E-01    9.441696E-02   -4.078033E-03
    1.672596E-01    9.946261E-02   -3.933872E-03
    1.687398E-01    1.045172E-01   -3.804021E-03
    1.702200E-01    1.095769E-01   -3.681646E-03
    1.717001E-01    1.146478E-01   -3.574368E-03
    1.731803E-01    1.197245E-01   -3.474465E-03
    1.746605E-01    1.248137E-01   -3.388504E-03
    1.761406E-01    1.299093E-01   -3.308890E-03
    1.776208E-01    1.350181E-01   -3.240338E-03
    1.791010E-01    1.401337E-01   -3.176329E-03
    1.805812E-01    1.452633E-01   -3.119143E-03
    1.820613E-01    1.504001E-01   -3.064127E-03
    1.835415E-01    1.555520E-01   -3.010800E-03
    1.850217E-01    1.607117E-01   -2.956948E-03
    1.865019E-01    1.658880E-01   -2.899268E-03
    1.879820E-01    1.710732E-01   -2.838305E-03
    1.894622E-01    1.762774E-01   -2.768135E-03
    1.909424E-01    1.814917E-01   -2.692121E-03
    1.924226E-01    1.867279E-01   -2.602150E-03
    1.939027E-01    1.919757E-01   -2.504202E-03
    1.953829E-01    1.972484E-01   -2.388613E-03
    1.968631E-01    2.025342E-01   -2.263536E-03
    1.983433E-01    2.078474E-01   -2.118540E-03
    1.998234E-01    2.131748E-01   -1.963316E-03
    2.013036E-01    2.185310E-01   -1.787532E-03
    2.027838E-01    2.239016E-01   -1.601630E-03
    2.042639E-01    2.293003E-01   -1.396253E-03
    2.057441E-01    2.347124E-01   -1.181727E-03
    2.072243E-01    2.401491E-01   -9.504768E-04
    2.087045E-01    2.455965E-01   -7.118323E-04
    2.101846E-01    2.510611E-01   -4.606566E-04
    2.116648E-01    2.565317E-01   -2.044784E-04
    2.131450E-01    2.620080E-01    5.896789E-05
    2.146252E-01    2.674833E-01    3.246071E-04
    2.161053E-01    2.729479E-01    5.916742E-04
    2.175855E-01    2.784020E-01    8.579746E-04
    2.190657E-01    2.838240E-01    1.119849E-03
    2.205459E-01    2.892237E-01    1.378135E-03
    2.220260E-01    2.945646E-01    1.626698E-03
    2.235062E-01    2.998688E-01    1.869261E-03
    2.249864E-01    3.050828E-01    2.097864E-03
    2.264665E-01    3.102432E-01    2.318688E-03
    2.279467E-01    3.152776E-01    2.522744E-03
    2.294269E-01    3.202392E-01    2.718015E-03
    2.309071E-01    3.250349E-01    2.895325E-03
    2.323872E-01    3.297369E-01    3.063659E-03
    2.338674E-01    3.342296E-01    3.214429E-03
    2.353476E-01    3.386063E-01    3.356782E-03
    2.368278E-01    3.427278E-01    3.483338E-03
    2.383079E-01    3.467099E-01    3.602635E-03
    2.397881E-01    3.503896E-01    3.708891E-03
    2.412683E-01    3.539062E-01    3.809429E-03
    2.427485E-01    3.570729E-01    3.900202E-03
    2.442286E-01    3.600530E-01    3.986934E-03
    2.457088E-01    3.626371E-01    4.067217E-03
    2.471890E-01    3.650122E-01    4.145043E-03
    2.486692E-01    3.669481E-01    4.219349E-03
    2.501493E-01    3.686544E-01    4.292503E-03
    2.516295E-01    3.698831E-01    4.364375E-03
    2.531097E-01    3.708644E-01    4.436008E-03
    2.545898E-01    3.713360E-01    4.507746E-03
    2.560700E-01    3.715462E-01    4.579723E-03
    2.575502E-01    3.712230E-01    4.652338E-03
    2.590304E-01    3.706289E-01    4.725263E-03
    2.605105E-01    3.694877E-01    4.798618E-03
    2.619907E-01    3.680716E-01    4.872026E-03
    2.634709E-01    3.661062E-01    4.945104E-03
    2.649511E-01    3.638680E-01    5.017756E-03
    2.664312E-01    3.610912E-01    5.088972E-03
    2.679114E-01    3.580504E-01    5.159158E-03
    2.693916E-01    3.544955E-01    5.226633E-03
    2.708718E-01    3.506925E-01    5.292420E-03
    2.723519E-01    3.464142E-01    5.354158E-03
    2.738321E-01    3.419108E-01    5.413528E-03
    2.753123E-01    3.369853E-01    5.467465E-03
    2.767924E-01    3.318648E-01    5.518320E-03
    2.782726E-01    3.263893E-01    5.562246E-03
    2.797528E-01    3.207555E-01    5.602296E-03
    2.812330E-01    3.148461E-01    5.633701E-03
    2.827131E-01    3.088209E-01    5.660292E-03
    2.841933E-01    3.026103E-01    5.676175E-03
    2.856735E-01    2.963311E-01    5.686109E-03
    2.871537E-01    2.899644E-01    5.682847E-03
    2.886338E-01    2.835793E-01    5.672282E-03
    2.901140E-01    2.772091E-01    5.645610E-03
    2.915942E-01    2.708722E-01    5.610091E-03
    2.930744E-01    2.646529E-01    5.555247E-03
    2.945545E-01    2.585176E-01    5.489913E-03
    2.960347E-01    2.525987E-01    5.401967E-03
    2.975149E-01    2.468111E-01    5.301932E-03
    2.989950E-01    2.413301E-01    5.176263E-03
    3.004752E-01    2.360226E-01    5.037133E-03
    3.019554E-01    2.310985E-01    4.870004E-03
    3.034356E-01    2.263824E-01    4.688466E-03
    3.049157E-01    2.221096E-01    4.477593E-03
    3.063959E-01    2.180697E-01    4.251961E-03
    3.078761E-01    2.145131E-01    3.996991E-03
    3.093563E-01    2.112038E-01    3.727631E-03
    3.108364E-01    2.083954E-01    3.430427E-03
    3.123166E-01    2.058377E-01    3.119957E-03
    3.137968E-01    2.037760E-01    2.784628E-03
    3.152770E-01    2.019571E-01    2.437870E-03
    3.167571E-01    2.006079E-01    2.070552E-03
    3.182373E-01    1.994833E-01    1.694228E-03
    3.197175E-01    1.987828E-01    1.302640E-03
    3.211977E-01    1.982800E-01    9.048725E-04
    3.226778E-01    1.981402E-01    4.977495E-04
    3.241580E-01    1.981643E-01    8.747917E-05
    3.256382E-01    1.984790E-01   -3.260127E-04
    3.271183E-01    1.989196E-01   -7.395898E-04
    3.285985E-01    1.995720E-01   -1.150336E-03
    3.300787E-01    2.003102E-01   -1.558200E-03
    3.315589E-01    2.011800E-01   -1.957442E-03
    3.330390E-01    2.020959E-01   -2.350984E-03
    3.345192E-01    2.030660E-01   -2.730420E-03
    3.359994E-01    2.040449E-01   -3.101479E-03
    3.374796E-01    2.050071E-01   -3.453192E-03
    3.389597E-01    2.059450E-01   -3.793949E-03
    3.404399E-01    2.068045E-01   -4.110260E-03
    3.419201E-01    2.076114E-01   -4.413089E-03
    3.434003E-01    2.082893E-01   -4.686457E-03
    3.448804E-01    2.088920E-01   -4.943861E-03
    3.463606E-01    2.093261E-01   -5.166928E-03
    3.478408E-01    2.096683E-01   -5.371663E-03
    3.493209E-01    2.098136E-01   -5.537533E-03
    3.508011E-01    2.098553E-01   -5.682959E-03
    3.522813E-01    2.096820E-01   -5.785700E-03
    3.537615E-01    2.093983E-01   -5.866344E-03
    3.552416E-01    2.088902E-01   -5.901634E-03
    3.567218E-01    2.082689E-01   -5.913865E-03
    3.582020E-01    2.074209E-01   -5.879659E-03
    3.596822E-01    2.064601E-01   -5.822314E-03
    3.611623E-01    2.052763E-01   -5.719354E-03
    3.626425E-01    2.039826E-01   -5.594169E-03
    3.641227E-01    2.024737E-01   -5.426196E-03
    3.656029E-01    2.008599E-01   -5.237892E-03
    3.670830E-01    1.990424E-01   -5.011472E-03
    3.685632E-01    1.971264E-01   -4.767446E-03
    3.700434E-01    1.950208E-01   -4.491401E-03
    3.715236E-01    1.928244E-01   -4.201044E-03
    3.730037E-01    1.904548E-01   -3.885576E-03
    3.744839E-01    1.880032E-01   -3.559324E-03
    3.759641E-01    1.853971E-01   -3.214989E-03
    3.774442E-01    1.827187E-01   -2.863287E-03
    3.789244E-01    1.799062E-01   -2.499999E-03
    3.804046E-01    1.770322E-01   -2.132362E-03
    3.818848E-01    1.740465E-01   -1.758612E-03
    3.833649E-01    1.710109E-01   -1.382935E-03
    3.848451E-01    1.678877E-01   -1.005324E-03
    3.863253E-01    1.647270E-01   -6.275389E-04
    3.878055E-01    1.615041E-01   -2.506746E-04
    3.892856E-01    1.582567E-01    1.252415E-04
    3.907658E-01    1.549733E-01    4.985451E-04
    3.922460E-01    1.516785E-01    8.702954E-04
    3.937262E-01    1.483740E-01    1.238631E-03
    3.952063E-01    1.450710E-01    1.605180E-03
    3.966865E-01    1.417833E-01    1.968120E-03
    3.981667E-01    1.385093E-01    2.329290E-03
    3.996468E-01    1.352733E-01    2.687073E-03
    4.011270E-01    1.320615E-01    3.043285E-03
    4.026072E-01    1.289067E-01    3.396696E-03
    4.040874E-01    1.257842E-01    3.748934E-03
    4.055675E-01    1.227323E-01    4.099428E-03
    4.070477E-01    1.197178E-01    4.449435E-03
    4.085279E-01    1.167808E-01    4.799449E-03
    4.100081E-01    1.138826E-01    5.150077E-03
    4.114882E-01    1.110607E-01    5.503421E-03
    4.129684E-01    1.082749E-01    5.859013E-03
    4.144486E-01    1.055555E-01    6.221181E-03
    4.159288E-01    1.028651E-01    6.587820E-03
    4.174089E-01    1.002223E-01    6.966040E-03
    4.188891E-01    9.759704E-02    7.351479E-03
    4.203693E-01    9.499240E-02    7.754361E-03
    4.218495E-01    9.239001E-02    8.167496E-03
    4.233296E-01    8.977442E-02    8.604140E-03
    4.248098E-01    8.714284E-02    9.053939E-03
    4.262900E-01    8.445960E-02    9.532490E-03
    4.277701E-01    8.174046E-02    1.002637E-02
    4.292503E-01    7.892936E-02    1.055206E-02
    4.307305E-01    7.606238E-02    1.109378E-02
    4.322107E-01    7.306461E-02    1.166667E-02
    4.336908E-01    6.999255E-02    1.225402E-02
    4.351710E-01    6.675577E-02    1.286659E-02
    4.366512E-01    6.342956E-02    1.348907E-02
    4.381314E-01    5.991276E-02    1.412418E-02
    4.396115E-01    5.629612E-02    1.476107E-02
    4.410917E-01    5.247363E-02    1.539053E-02
    4.425719E-01    4.854666E-02    1.600981E-02
    4.440521E-01    4.441077E-02    1.659398E-02
    4.455322E-01    4.017202E-02    1.715235E-02
    4.470124E-01    3.573379E-02    1.764109E-02
    4.484926E-01    3.120041E-02    1.808536E-02
    4.499727E-01    2.648851E-02    1.842047E-02
    4.514529E-01    2.169441E-02    1.869058E-02
    4.529331E-01    1.675190E-02    1.880974E-02
    4.544133E-01    1.174393E-02    1.884311E-02
    4.558934E-01    6.623448E-03    1.868512E-02
    4.573736E-01    1.456123E-03    1.842225E-02
    4.588538E-01   -3.786176E-03    1.793313E-02
    4.603340E-01   -9.056943E-03    1.732390E-02
    4.618141E-01   -1.436780E-02    1.646339E-02
    4.632943E-01   -1.969112E-02    1.547348E-02
    4.647745E-01   -2.502627E-02    1.422113E-02
    4.662547E-01   -3.036203E-02    1.283790E-02
    4.677348E-01   -3.569112E-02    1.119817E-02
    4.692150E-01   -4.101440E-02    9.435231E-03
    4.706952E-01   -4.632410E-02    7.440863E-03
    4.721754E-01   -5.162755E-02    5.340744E-03
    4.736555E-01   -5.692245E-02    3.053867E-03
    4.751357E-01   -6.221640E-02    6.882794E-04
    4.766159E-01   -6.751751E-02   -1.801134E-03
    4.780960E-01   -7.282774E-02   -4.333767E-03
    4.795762E-01   -7.816887E-02   -6.912218E-03
    4.810564E-01   -8.353234E-02   -9.491989E-03
    4.825366E-01   -8.895478E-02   -1.202941E-02
    4.840167E-01   -9.441389E-02   -1.452266E-02
    4.854969E-01   -9.996012E-02   -1.688153E-02
    4.869771E-01   -1.055563E-01   -1.915058E-02
    4.884573E-01   -1.112636E-01   -2.119650E-02
    4.899374E-01   -1.170310E-01   -2.311044E-02
    4.914176E-01   -1.229256E-01   -2.472318E-02
    4.928978E-01   -1.288860E-01   -2.616887E-02
    4.943780E-01   -1.349793E-01   -2.725273E-02
    4.958581E-01   -1.411382E-01   -2.814469E-02
    4.973383E-01   -1.474240E-01   -2.863714E-02
    4.988185E-01   -1.537695E-01   -2.892532E-02
    5.002986E-01   -1.602246E-01   -2.880279E-02
    5.017788E-01   -1.667281E-01   -2.847731E-02
    5.032590E-01   -1.733141E-01   -2.775753E-02
    5.047392E-01   -1.799331E-01   -2.684971E-02
    5.062193E-01   -1.866010E-01   -2.559017E-02
    5.076995E-01   -1.932842E-01   -2.416976E-02
    5.091797E-01   -1.999796E-01   -2.246252E-02
    5.106599E-01   -2.066719E-01   -2.063137E-02
    5.121400E-01   -2.133408E-01   -1.859471E-02
    5.136202E-01   -2.199898E-01   -1.647762E-02
    5.151004E-01   -2.265844E-01   -1.424565E-02
    5.165806E-01   -2.331454E-01   -1.197946E-02
    5.180607E-01   -2.396287E-01   -9.690725E-03
    5.195409E-01   -2.460690E-01   -7.412957E-03
    5.210211E-01   -2.524176E-01   -5.199373E-03
    5.225013E-01   -2.587186E-01   -3.037519E-03
    5.239814E-01   -2.649237E-01   -1.014788E-03
    5.254616E-01   -2.710816E-01    9.226160E-04
    5.269418E-01   -2.771483E-01    2.662373E-03
    5.284219E-01   -2.831721E-01    4.292223E-03
    5.299021E-01   -2.891166E-01    5.685086E-03
    5.313823E-01   -2.950253E-01    6.953393E-03
    5.328625E-01   -3.008706E-01    7.965461E-03
    5.343426E-01   -3.066884E-01    8.848272E-03
    5.358228E-01   -3.124597E-01    9.474911E-03
    5.373030E-01   -3.182116E-01    9.976793E-03
    5.387832E-01   -3.239315E-01    1.023976E-02
    5.402633E-01   -3.296381E-01    1.039034E-02
    5.417435E-01   -3.353220E-01    1.033335E-02
    5.432237E-01   -3.409957E-01    1.018246E-02
    5.447039E-01   -3.466489E-01    9.865647E-03
    5.461840E-01   -3.522909E-01    9.477573E-03
    5.476642E-01   -3.579062E-01    8.971407E-03
    5.491444E-01   -3.635051E-01    8.418651E-03
    5.506245E-01   -3.690628E-01    7.797574E-03
    5.521047E-01   -3.745946E-01    7.154482E-03
    5.535849E-01   -3.800627E-01    6.490575E-03
    5.550651E-01   -3.854922E-01    5.827087E-03
    5.565452E-01   -3.908295E-01    5.184075E-03
    5.580254E-01   -3.961126E-01    4.559903E-03
    5.595056E-01   -4.012708E-01    3.987806E-03
    5.609858E-01   -4.063579E-01    3.447385E-03
    5.624659E-01   -4.112856E-01    2.978224E-03
    5.639461E-01   -4.161251E-01    2.546877E-03
    5.654263E-01   -4.207714E-01    2.191905E-03
    5.669065E-01   -4.253132E-01    1.873686E-03
    5.683866E-01   -4.296310E-01    1.622606E-03
    5.698668E-01   -4.338299E-01    1.400272E-03
    5.713470E-01   -4.377787E-01    1.222831E-03
    5.728271E-01   -4.415970E-01    1.060277E-03
    5.743073E-01   -4.451453E-01    9.104024E-04
    5.757875E-01   -4.485548E-01    7.576412E-04
    5.772677E-01   -4.516812E-01    5.800075E-04
    5.787478E-01   -4.546642E-01    3.804462E-04
    5.802280E-01   -4.573581E-01    1.189684E-04
    5.817082E-01   -4.599074E-01   -1.816289E-04
    5.831884E-01   -4.621685E-01   -5.742454E-04
    5.846685E-01   -4.642869E-01   -1.018110E-03
    5.861487E-01   -4.661237E-01   -1.570957E-03
    5.876289E-01   -4.678223E-01   -2.179250E-03
    5.891091E-01   -4.692505E-01   -2.895315E-03
    5.905892E-01   -4.705468E-01   -3.661040E-03
    5.920694E-01   -4.715864E-01   -4.512178E-03
    5.935496E-01   -4.725014E-01   -5.396373E-03
    5.950298E-01   -4.731745E-01   -6.322257E-03
    5.965099E-01   -4.737301E-01   -7.254440E-03
    5.979901E-01   -4.740577E-01   -8.166120E-03
    5.994703E-01   -4.742743E-01   -9.049409E-03
    6.009504E-01   -4.742743E-01   -9.837454E-03
    6.024306E-01   -4.741680E-01   -1.055811E-02
    6.039108E-01   -4.738528E-01   -1.110456E-02
    6.053910E-01   -4.734342E-01   -1.154491E-02
    6.068711E-01   -4.728100E-01   -1.173768E-02
    6.083513E-01   -4.720830E-01   -1.179089E-02
    6.098315E-01   -4.711493E-01   -1.153852E-02
    6.113117E-01   -4.701113E-01   -1.112311E-02
    6.127918E-01   -4.688615E-01   -1.036807E-02
    6.142720E-01   -4.675040E-01   -9.440183E-03
    6.157522E-01   -4.659267E-01   -8.168563E-03
    6.172324E-01   -4.642373E-01   -6.730152E-03
    6.187125E-01   -4.623185E-01   -4.976493E-03
    6.201927E-01   -4.602827E-01   -3.078338E-03
    6.216729E-01   -4.580082E-01   -9.248740E-04
    6.231530E-01   -4.556121E-01    1.336031E-03
    6.246332E-01   -4.529697E-01    3.765534E-03
    6.261134E-01   -4.502027E-01    6.253782E-03
    6.275936E-01   -4.471850E-01    8.804745E-03
    6.290737E-01   -4.440416E-01    1.135847E-02
    6.305539E-01   -4.406478E-01    1.385939E-02
    6.320341E-01   -4.371299E-01    1.630487E-02
    6.335143E-01   -4.333673E-01    1.858284E-02
    6.349944E-01   -4.294850E-01    2.075017E-02
    6.364746E-01   -4.253699E-01    2.264639E-02
    6.379548E-01   -4.211423E-01    2.438472E-02
    6.394350E-01   -4.166996E-01    2.576870E-02
    6.409151E-01   -4.121548E-01    2.695973E-02
    6.423953E-01   -4.074178E-01    2.774111E-02
    6.438755E-01   -4.025916E-01    2.830993E-02
    6.453557E-01   -3.976009E-01    2.844699E-02
    6.468358E-01   -3.925358E-01    2.836932E-02
    6.483160E-01   -3.873374E-01    2.787360E-02
    6.497962E-01   -3.820807E-01    2.717900E-02
    6.512763E-01   -3.767241E-01    2.611543E-02
    6.527565E-01   -3.713262E-01    2.488579E-02
    6.542367E-01   -3.658624E-01    2.336800E-02
    6.557169E-01   -3.603740E-01    2.173129E-02
    6.571970E-01   -3.548532E-01    1.991210E-02
    6.586772E-01   -3.493241E-01    1.803129E-02
    6.601574E-01   -3.437938E-01    1.608885E-02
    6.616376E-01   -3.382702E-01    1.414681E-02
    6.631177E-01   -3.327736E-01    1.226738E-02
    6.645979E-01   -3.272968E-01    1.044899E-02
    6.660781E-01   -3.218711E-01    8.808275E-03
    6.675583E-01   -3.164761E-01    7.281568E-03
    6.690384E-01   -3.111519E-01    6.026585E-03
    6.705186E-01   -3.058671E-01    4.925457E-03
    6.719988E-01   -3.006675E-01    4.159406E-03
    6.734789E-01   -2.955133E-01    3.569952E-03
    6.749591E-01   -2.904541E-01    3.342221E-03
    6.764393E-01   -2.854438E-01    3.294795E-03
    6.779195E-01   -2.805333E-01    3.597479E-03
    6.793996E-01   -2.756730E-01    4.065542E-03
    6.808798E-01   -2.709128E-01    4.836949E-03
    6.823600E-01   -2.662019E-01    5.742802E-03
    6.838402E-01   -2.615876E-01    6.877265E-03
    6.853203E-01   -2.570199E-01    8.103643E-03
    6.868005E-01   -2.525420E-01    9.466008E-03
    6.882807E-01   -2.481067E-01    1.087163E-02
    6.897609E-01   -2.437520E-01    1.231413E-02
    6.912410E-01   -2.394350E-01    1.375082E-02
    6.927212E-01   -2.351880E-01    1.512983E-02
    6.942014E-01   -2.309733E-01    1.645871E-02
    6.956816E-01   -2.268178E-01    1.764921E-02
    6.971617E-01   -2.226894E-01    1.875402E-02
    6.986419E-01   -2.186104E-01    1.966013E-02
    7.001221E-01   -2.145538E-01    2.045622E-02
    7.016022E-01   -2.105387E-01    2.101705E-02
    7.030824E-01   -2.065428E-01    2.145568E-02
    7.045626E-01   -2.025834E-01    2.164659E-02
    7.060428E-01   -1.986417E-01    2.171475E-02
    7.075229E-01   -1.947352E-01    2.154464E-02
    7.090031E-01   -1.908467E-01    2.126127E-02
    7.104833E-01   -1.869961E-01    2.076704E-02
    7.119635E-01   -1.831659E-01    2.017683E-02
    7.134436E-01   -1.793801E-01    1.941620E-02
    7.149238E-01   -1.756189E-01    1.858212E-02
    7.164040E-01   -1.719121E-01    1.762597E-02
    7.178842E-01   -1.682354E-01    1.662158E-02
    7.193643E-01   -1.646251E-01    1.554650E-02
    7.208445E-01   -1.610514E-01    1.444880E-02
    7.223247E-01   -1.575574E-01    1.333055E-02
    7.238048E-01   -1.541065E-01    1.221376E-02
    7.252850E-01   -1.507481E-01    1.112181E-02
    7.267652E-01   -1.474388E-01    1.005233E-02
    7.282454E-01   -1.442332E-01    9.045692E-03
    7.297255E-01   -1.410817E-01    8.078290E-03
    7.312057E-01   -1.380422E-01    7.202471E-03
    7.326859E-01   -1.350602E-01    6.377704E-03
    7.341661E-01   -1.321951E-01    5.662898E-03
    7.356462E-01   -1.293889E-01    5.005662E-03
    7.371264E-01   -1.267007E-01    4.466100E-03
    7.386066E-01   -1.240709E-01    3.985359E-03
    7.400868E-01   -1.215562E-01    3.619785E-03
    7.415669E-01   -1.190977E-01    3.309420E-03
    7.430471E-01   -1.167478E-01    3.102657E-03
    7.445273E-01   -1.144501E-01    2.943378E-03
    7.460075E-01   -1.122515E-01    2.868895E-03
    7.474876E-01   -1.100997E-01    2.831106E-03
    7.489678E-01   -1.080348E-01    2.854390E-03
    7.504480E-01   -1.060100E-01    2.901768E-03
    7.519281E-01   -1.040577E-01    2.984218E-03
    7.534083E-01   -1.021376E-01    3.077699E-03
    7.548885E-01   -1.002738E-01    3.180659E-03
    7.563687E-01   -9.843353E-02    3.282426E-03
    7.578488E-01   -9.663126E-02    3.370933E-03
    7.593290E-01   -9.484313E-02    3.447975E-03
    7.608092E-01   -9.307326E-02    3.493810E-03
    7.622894E-01   -9.130735E-02    3.520662E-03
    7.637695E-01   -8.953877E-02    3.504385E-03
    7.652497E-01   -8.776349E-02    3.464777E-03
    7.667299E-01   -8.596401E-02    3.376574E-03
    7.682101E-01   -8.414708E-02    3.263880E-03
    7.696902E-01   -8.228477E-02    3.103249E-03
    7.711704E-01   -8.039473E-02    2.919826E-03
    7.726506E-01   -7.843977E-02    2.694310E-03
    7.741307E-01   -7.644800E-02    2.449981E-03
    7.756109E-01   -7.437499E-02    2.173283E-03
    7.770911E-01   -7.225817E-02    1.883336E-03
    7.785713E-01   -7.004876E-02    1.573206E-03
    7.800514E-01   -6.779142E-02    1.256280E-03
    7.815316E-01   -6.543677E-02    9.324996E-04
    7.830118E-01   -6.303373E-02    6.086625E-04
    7.844920E-01   -6.053655E-02    2.913522E-04
    7.859721E-01   -5.799468E-02   -1.947572E-05
    7.874523E-01   -5.537044E-02   -3.111882E-04
    7.889325E-01   -5.270958E-02   -5.904510E-04
    7.904127E-01   -4.998664E-02   -8.394707E-04
    7.918928E-01   -4.723923E-02   -1.070953E-03
    7.933730E-01   -4.445767E-02   -1.263112E-03
    7.948532E-01   -4.166720E-02   -1.433814E-03
    7.963334E-01   -3.887642E-02   -1.558740E-03
    7.978135E-01   -3.609467E-02   -1.659749E-03
    7.992937E-01   -3.334992E-02   -1.711729E-03
    8.007739E-01   -3.063322E-02   -1.739060E-03
    8.022540E-01   -2.799152E-02   -1.717790E-03
    8.037342E-01   -2.539648E-02   -1.673060E-03
    8.052144E-01   -2.291218E-02   -1.584071E-03
    8.066946E-01   -2.049135E-02   -1.474755E-03
    8.081747E-01   -1.821204E-02   -1.329270E-03
    8.096549E-01   -1.600989E-02   -1.168331E-03
    8.111351E-01   -1.397288E-02   -9.823858E-04
    8.126153E-01   -1.202274E-02   -7.871297E-04
    8.140954E-01   -1.025267E-02   -5.799309E-04
    8.155756E-01   -8.574610E-03   -3.701469E-04
    8.170558E-01   -7.082236E-03   -1.618489E-04
    8.185360E-01   -5.682383E-03    4.253972E-05
    8.200161E-01   -4.464756E-03    2.332954E-04
    8.214963E-01   -3.335822E-03    4.146737E-04
    8.229765E-01   -2.377599E-03    5.730127E-04
    8.244566E-01   -1.500590E-03    7.181617E-04
    8.259368E-01   -7.763630E-04    8.346008E-04
    8.274170E-01   -1.231572E-04    9.360364E-04
    8.288972E-01    3.995699E-04    1.007179E-03
    8.303773E-01    8.631112E-04    1.063508E-03
    8.318575E-01    1.220664E-03    1.091721E-03
    8.333377E-01    1.531423E-03    1.106993E-03
    8.348179E-01    1.760774E-03    1.099187E-03
    8.362980E-01    1.955295E-03    1.081448E-03
    8.377782E-01    2.091281E-03    1.047289E-03
    8.392584E-01    2.203177E-03    1.006680E-03
    8.407386E-01    2.276349E-03    9.566168E-04
    8.422187E-01    2.334396E-03    9.034449E-04
    8.436989E-01    2.369636E-03    8.469779E-04
    8.451791E-01    2.396662E-03    7.901271E-04
    8.466592E-01    2.412596E-03    7.345926E-04
    8.481394E-01    2.425142E-03    6.805248E-04
    8.496196E-01    2.434280E-03    6.305452E-04
    8.510998E-01    2.442955E-03    5.829700E-04
    8.525799E-01    2.452409E-03    5.405351E-04
    8.540601E-01    2.462761E-03    5.006715E-04
    8.555403E-01    2.475354E-03    4.656903E-04
    8.570205E-01    2.489058E-03    4.329250E-04
    8.585006E-01    2.504608E-03    4.040184E-04
    8.599808E-01    2.520767E-03    3.767262E-04
    8.614610E-01    2.537361E-03    3.520308E-04
    8.629412E-01    2.553742E-03    3.283400E-04
    8.644213E-01    2.568838E-03    3.061497E-04
    8.659015E-01    2.582892E-03    2.845057E-04
    8.673817E-01    2.594161E-03    2.636606E-04
    8.688619E-01    2.603756E-03    2.431255E-04
    8.703420E-01    2.609601E-03    2.231409E-04
    8.718222E-01    2.613448E-03    2.034449E-04
    8.733024E-01    2.613225E-03    1.844313E-04
    8.747825E-01    2.611002E-03    1.658410E-04
    8.762627E-01    2.604990E-03    1.482981E-04
    8.777429E-01    2.597243E-03    1.313874E-04
    8.792231E-01    2.586433E-03    1.159542E-04
    8.807032E-01    2.574323E-03    1.013555E-04
    8.821834E-01    2.560112E-03    8.858264E-05
    8.836636E-01    2.545101E-03    7.677769E-05
    8.851438E-01    2.528973E-03    6.696530E-05
    8.866239E-01    2.512509E-03    5.814902E-05
    8.881041E-01    2.495763E-03    5.126768E-05
    8.895843E-01    2.479037E-03    4.529830E-05
    8.910645E-01    2.462600E-03    4.099418E-05
    8.925446E-01    2.446394E-03    3.742375E-05
    8.940248E-01    2.430743E-03    3.509371E-05
    8.955050E-01    2.415382E-03    3.326146E-05
    8.969851E-01    2.400560E-03    3.217385E-05
    8.984653E-01    2.385962E-03    3.133575E-05
    8.999455E-01    2.371677E-03    3.076694E-05
    9.014257E-01    2.357468E-03    3.023050E-05
    9.029058E-01    2.343233E-03    2.958682E-05
    9.043860E-01    2.328896E-03    2.882241E-05
    9.058662E-01    2.314184E-03    2.772311E-05
    9.073464E-01    2.299210E-03    2.643032E-05
    9.088265E-01    2.283589E-03    2.473827E-05
    9.103067E-01    2.267600E-03    2.285857E-05
    9.117869E-01    2.250824E-03    2.065863E-05
    9.132671E-01    2.233650E-03    1.833846E-05
    9.147472E-01    2.215705E-03    1.587519E-05
    9.162274E-01    2.197405E-03    1.339414E-05
    9.177076E-01    2.178490E-03    1.098774E-05
    9.191878E-01    2.159327E-03    8.671718E-06
    9.206679E-01    2.139804E-03    6.632215E-06
    9.221481E-01    2.120175E-03    4.771133E-06
    9.236283E-01    2.100487E-03    3.327831E-06
    9.251084E-01    2.080842E-03    2.112871E-06
    9.265886E-01    2.061422E-03    1.370165E-06
    9.280688E-01    2.042174E-03    8.597152E-07
    9.295490E-01    2.023372E-03    7.840119E-07
    9.310291E-01    2.004830E-03    9.009907E-07
    9.325093E-01    1.986857E-03    1.337719E-06
    9.339895E-01    1.969180E-03    1.895465E-06
    9.354697E-01    1.952093E-03    2.610093E-06
    9.369498E-01    1.935286E-03    3.359308E-06
    9.384300E-01    1.918995E-03    4.092317E-06
    9.399102E-01    1.902931E-03    4.777974E-06
    9.413904E-01    1.887244E-03    5.301323E-06
    9.428705E-01    1.871705E-03    5.716778E-06
    9.443507E-01    1.856380E-03    5.879397E-06
    9.458309E-01    1.841122E-03    5.905911E-06
    9.473110E-01    1.825926E-03    5.658719E-06
    9.487912E-01    1.810730E-03    5.282434E-06
    9.502714E-01    1.795490E-03    4.678713E-06
    9.517516E-01    1.780211E-03    3.982982E-06
    9.532317E-01    1.764844E-03    3.156151E-06
    9.547119E-01    1.749433E-03    2.293213E-06
    9.561921E-01    1.733955E-03    1.419228E-06
    9.576723E-01    1.718460E-03    5.696312E-07
    9.591524E-01    1.702977E-03   -1.760770E-07
    9.606326E-01    1.687525E-03   -8.461120E-07
    9.621128E-01    1.672197E-03   -1.327382E-06
    9.635930E-01    1.656961E-03   -1.701447E-06
    9.650731E-01    1.641968E-03   -1.848247E-06
    9.665533E-01    1.627122E-03   -1.881527E-06
    9.680335E-01    1.612618E-03   -1.700627E-06
    9.695137E-01    1.598304E-03   -1.424827E-06
    9.709938E-01    1.584391E-03   -9.933967E-07
    9.724740E-01    1.570686E-03   -5.050187E-07
    9.739542E-01    1.557394E-03    5.055799E-08
    9.754343E-01    1.544301E-03    6.153168E-07
    9.769145E-01    1.531585E-03    1.150354E-06
    9.783947E-01    1.519040E-03    1.648251E-06
    9.798749E-01    1.506797E-03    2.033340E-06
    9.813550E-01    1.494683E-03    2.346821E-06
    9.828352E-01    1.482780E-03    2.496349E-06
    9.843154E-01    1.470959E-03    2.558827E-06
    9.857956E-01    1.459260E-03    2.447906E-06
    9.872757E-01    1.447603E-03    2.255858E-06
    9.887559E-01    1.436000E-03    1.922118E-06
    9.902361E-01    1.424414E-03    1.531747E-06
    9.917163E-01    1.412848E-03    1.062433E-06
    9.931964E-01    1.401290E-03    5.726338E-07
    9.946766E-01    1.389758E-03    8.110469E-08
    9.961568E-01    1.378245E-03   -3.922130E-07
    9.976369E-01    1.366795E-03   -7.942539E-07
    9.991171E-01    1.355389E-03   -1.145849E-06
    1.000597E+00    1.344104E-03   -1.373746E-06
    1.002077E+00    1.332896E-03   -1.532363E-06
    1.003558E+00    1.321874E-03   -1.546152E-06
    1.005038E+00    1.310959E-03   -1.488756E-06
    1.006518E+00    1.300285E-03   -1.299827E-06
    1.007998E+00    1.289740E-03   -1.054319E-06
    1.009478E+00    1.279466E-03   -7.203074E-07
    1.010959E+00    1.269331E-03   -3.567147E-07
    1.012439E+00    1.259470E-03    3.387329E-08
    1.013919E+00    1.249740E-03    4.214606E-07
    1.015399E+00    1.240258E-03    7.712429E-07
    1.016879E+00    1.230888E-03    1.087779E-06
    1.018359E+00    1.221717E-03    1.313949E-06
    1.019840E+00    1.212631E-03    1.486095E-06
    1.021320E+00    1.203685E-03    1.539663E-06
    1.022800E+00    1.194794E-03    1.532496E-06
    1.024280E+00    1.185989E-03    1.408603E-06
    1.025760E+00    1.177215E-03    1.232294E-06
    1.027240E+00    1.168487E-03    9.692641E-07
    1.028721E+00    1.159775E-03    6.743912E-07
    1.030201E+00    1.151092E-03    3.422269E-07
    1.031681E+00    1.142424E-03    5.428535E-09
    1.033161E+00    1.133791E-03   -3.127619E-07
    1.034641E+00    1.125182E-03   -6.086416E-07
    1.036121E+00    1.116638E-03   -8.372996E-07
    1.037602E+00    1.108136E-03   -1.023404E-06
    1.039082E+00    1.099738E-03   -1.112218E-06
    1.040562E+00    1.091402E-03   -1.149453E-06
    1.042042E+00    1.083212E-03   -1.084217E-06
    1.043522E+00    1.075104E-03   -9.712793E-07
    1.045003E+00    1.067171E-03   -7.758319E-07
    1.046483E+00    1.059332E-03   -5.480435E-07
    1.047963E+00    1.051683E-03   -2.771397E-07
    1.049443E+00    1.044127E-03    3.376213E-09
    1.050923E+00    1.036755E-03    2.784501E-07
    1.052403E+00    1.029468E-03    5.388764E-07
    1.053884E+00    1.022338E-03    7.484917E-07
    1.055364E+00    1.015278E-03    9.237912E-07
    1.056844E+00    1.008337E-03    1.017437E-06
    1.058324E+00    1.001445E-03    1.066529E-06
    1.059804E+00    9.946317E-04    1.025022E-06
    1.061284E+00    9.878486E-04    9.404441E-07
    1.062765E+00    9.811105E-04    7.797142E-07
    1.064245E+00    9.743890E-04    5.882873E-07
    1.065725E+00    9.676930E-04    3.539201E-07
    1.067205E+00    9.610081E-04    1.085125E-07
    1.068685E+00    9.543470E-04   -1.371249E-07
    1.070165E+00    9.477005E-04   -3.721785E-07
    1.071646E+00    9.410928E-04   -5.665008E-07
    1.073126E+00    9.345105E-04   -7.322071E-07
    1.074606E+00    9.279935E-04   -8.282520E-07
    1.076086E+00    9.215166E-04   -8.856512E-07
    1.077566E+00    9.151352E-04   -8.633427E-07
    1.079046E+00    9.088085E-04   -8.026165E-07
    1.080527E+00    9.026026E-04   -6.729564E-07
    1.082007E+00    8.964615E-04   -5.150038E-07
    1.083487E+00    8.904550E-04   -3.163981E-07
    1.084967E+00    8.845165E-04   -1.066763E-07
    1.086447E+00    8.787111E-04    1.056254E-07
    1.087928E+00    8.729691E-04    3.094425E-07
    1.089408E+00    8.673440E-04    4.781703E-07
    1.090888E+00    8.617711E-04    6.216193E-07
    1.092368E+00    8.562885E-04    7.027280E-07
    1.093848E+00    8.508435E-04    7.490030E-07
    1.095328E+00    8.454586E-04    7.231888E-07
    1.096809E+00    8.400967E-04    6.626215E-07
    1.098289E+00    8.347689E-04    5.398810E-07
    1.099769E+00    8.294534E-04    3.918024E-07
    1.101249E+00    8.241562E-04    2.078397E-07
    1.102729E+00    8.188669E-04    1.443799E-08
    1.104209E+00    8.135939E-04   -1.798360E-07
    1.105690E+00    8.083311E-04   -3.656721E-07
    1.107170E+00    8.030959E-04   -5.183568E-07
    1.108650E+00    7.978792E-04   -6.476092E-07
    1.110130E+00    7.927106E-04   -7.197450E-07
    1.111610E+00    7.875718E-04   -7.602528E-07
    1.113090E+00    7.825045E-04   -7.358439E-07
    1.114571E+00    7.774783E-04   -6.804173E-07
    1.116051E+00    7.725431E-04   -5.701317E-07
    1.117531E+00    7.676565E-04   -4.378849E-07
    1.119011E+00    7.628709E-04   -2.756179E-07
    1.120491E+00    7.581359E-04   -1.062748E-07
    1.121972E+00    7.534994E-04    6.052568E-08
    1.123452E+00    7.489092E-04    2.178941E-07
    1.124932E+00    7.444035E-04    3.416246E-07
    1.126412E+00    7.399349E-04    4.424536E-07
    1.127892E+00    7.355290E-04    4.887915E-07
    1.129372E+00    7.311483E-04    5.055810E-07
    1.130853E+00    7.268068E-04    4.630481E-07
    1.132333E+00    7.224797E-04    3.929154E-07
    1.133813E+00    7.181727E-04    2.756960E-07
    1.135293E+00    7.138726E-04    1.406597E-07
    1.136773E+00    7.095831E-04   -1.610718E-08
    1.138253E+00    7.052985E-04   -1.760903E-07
    1.139734E+00    7.010264E-04   -3.269521E-07
    1.141214E+00    6.967629E-04   -4.659183E-07
    1.142694E+00    6.925239E-04   -5.683620E-07
    1.144174E+00    6.883015E-04   -6.475987E-07
    1.145654E+00    6.841217E-04   -6.740546E-07
    1.147134E+00    6.799681E-04   -6.729126E-07
    1.148615E+00    6.758756E-04   -6.182514E-07
    1.150095E+00    6.718174E-04   -5.396379E-07
    1.151575E+00    6.678335E-04   -4.222331E-07
    1.153055E+00    6.638883E-04   -2.913911E-07
    1.154535E+00    6.600210E-04   -1.474892E-07
    1.156016E+00    6.561915E-04   -4.388242E-09
    1.157496E+00    6.524332E-04    1.227239E-07
    1.158976E+00    6.487069E-04    2.353374E-07
    1.160456E+00    6.450364E-04    3.083254E-07
    1.161936E+00    6.413889E-04    3.577841E-07
    1.163416E+00    6.377777E-04    3.565085E-07
    1.164897E+00    6.341800E-04    3.300370E-07
    1.166377E+00    6.306009E-04    2.574739E-07
    1.167857E+00    6.270277E-04    1.658055E-07
    1.169337E+00    6.234619E-04    4.673150E-08
    1.170817E+00    6.198988E-04   -7.962112E-08
    1.172297E+00    6.163416E-04   -2.066690E-07
    1.173778E+00    6.127887E-04   -3.271740E-07
    1.175258E+00    6.092497E-04   -4.219663E-07
    1.176738E+00    6.057209E-04   -4.986511E-07
    1.178218E+00    6.022206E-04   -5.315424E-07
    1.179698E+00    5.987385E-04   -5.404929E-07
    1.181178E+00    5.953011E-04   -5.012637E-07
    1.182659E+00    5.918896E-04   -4.396941E-07
    1.184139E+00    5.885353E-04   -3.404548E-07
    1.185619E+00    5.852114E-04   -2.273622E-07
    1.187099E+00    5.819497E-04   -9.868333E-08
    1.188579E+00    5.787184E-04    3.113696E-08
    1.190060E+00    5.755449E-04    1.498311E-07
    1.191540E+00    5.723974E-04    2.567522E-07
    1.193020E+00    5.692952E-04    3.297168E-07
    1.194500E+00    5.662115E-04    3.819314E-07
    1.195980E+00    5.631566E-04    3.885873E-07
    1.197460E+00    5.601120E-04    3.723379E-07
    1.198941E+00    5.570807E-04    3.138304E-07
    1.200421E+00    5.540532E-04    2.377088E-07
    1.201901E+00    5.510295E-04    1.362467E-07
    1.203381E+00    5.480068E-04    2.805949E-08
    1.204861E+00    5.449869E-04   -8.069878E-08
    1.206341E+00    5.419697E-04   -1.833513E-07
    1.207822E+00    5.389628E-04   -2.621711E-07
    1.209302E+00    5.359641E-04   -3.243241E-07
    1.210782E+00    5.329888E-04   -3.465397E-07
    1.212262E+00    5.300290E-04   -3.472015E-07
    1.213742E+00    5.271069E-04   -3.052722E-07
    1.215222E+00    5.242066E-04   -2.441241E-07
    1.216703E+00    5.213544E-04   -1.519758E-07
    1.218183E+00    5.185274E-04   -4.937300E-08
    1.219663E+00    5.157511E-04    6.225812E-08
    1.221143E+00    5.129994E-04    1.720813E-07
    1.222623E+00    5.102928E-04    2.659871E-07
    1.224103E+00    5.076059E-04    3.464980E-07
    1.225584E+00    5.049519E-04    3.917459E-07
    1.227064E+00    5.023105E-04    4.167045E-07
    1.228544E+00    4.996871E-04    3.994019E-07
    1.230024E+00    4.970694E-04    3.620155E-07
    1.231504E+00    4.944574E-04    2.901303E-07
    1.232985E+00    4.918464E-04    2.053532E-07
    1.234465E+00    4.892354E-04    1.057519E-07
    1.235945E+00    4.866246E-04    4.840672E-09
    1.237425E+00    4.840164E-04   -8.634340E-08
    1.238905E+00    4.814115E-04   -1.669733E-07
    1.240385E+00    4.788188E-04   -2.170932E-07
    1.241866E+00    4.762355E-04   -2.486649E-07
    1.243346E+00    4.736775E-04   -2.399544E-07
    1.244826E+00    4.711352E-04   -2.113536E-07
    1.246306E+00    4.686298E-04   -1.471219E-07
    1.247786E+00    4.661447E-04   -6.879038E-08
    1.249266E+00    4.637021E-04    2.769491E-08
    1.250747E+00    4.612808E-04    1.273854E-07
    1.252227E+00    4.588999E-04    2.211336E-07
    1.253707E+00    4.565371E-04    3.060105E-07
    1.255187E+00    4.542053E-04    3.630223E-07
    1.256667E+00    4.518856E-04    4.023672E-07
    1.258147E+00    4.495836E-04    4.022911E-07
    1.259628E+00    4.472870E-04    3.823512E-07
    1.261108E+00    4.449957E-04    3.261864E-07
    1.262588E+00    4.427049E-04    2.553922E-07
    1.264068E+00    4.404125E-04    1.650823E-07
    1.265548E+00    4.381189E-04    7.079763E-08
    1.267029E+00    4.358245E-04   -1.917591E-08
    1.268509E+00    4.335315E-04   -1.011101E-07
    1.269989E+00    4.312457E-04   -1.568276E-07
    1.271469E+00    4.289665E-04   -1.956716E-07
    1.272949E+00    4.267067E-04   -1.965765E-07
    1.274429E+00    4.244596E-04   -1.782918E-07
    1.275910E+00    4.222429E-04   -1.249981E-07
    1.277390E+00    4.200433E-04   -5.763509E-08
    1.278870E+00    4.178799E-04    2.815323E-08
    1.280350E+00    4.157345E-04    1.173510E-07
    1.281830E+00    4.136234E-04    2.010259E-07
    1.283310E+00    4.115275E-04    2.760276E-07
    1.284791E+00    4.094568E-04    3.235994E-07
    1.286271E+00    4.073956E-04    3.538132E-07
    1.287751E+00    4.053472E-04    3.455986E-07
    1.289231E+00    4.033020E-04    3.183019E-07
    1.290711E+00    4.012584E-04    2.570637E-07
    1.292191E+00    3.992138E-04    1.827260E-07
    1.293672E+00    3.971654E-04    9.263835E-08
    1.295152E+00    3.951152E-04    7.044017E-10
    1.296632E+00    3.930638E-04   -8.252051E-08
    1.298112E+00    3.913549E-04   -1.455995E-07
    1.299592E+00    3.910137E-04   -1.556670E-07
