   -2.414163E+00   -3.931099E-09    4.516109E-09
   -2.412683E+00   -2.815776E-08    2.199969E-08
   -2.411203E+00   -5.929783E-08    3.912363E-08
   -2.409722E+00   -8.999931E-08    4.901332E-08
   -2.408242E+00   -1.176324E-07    5.772561E-08
   -2.406762E+00   -1.355331E-07    6.905398E-08
   -2.405282E+00   -1.482989E-07    8.304315E-08
   -2.403802E+00   -1.535269E-07    1.016798E-07
   -2.402322E+00   -1.574791E-07    1.208694E-07
   -2.400841E+00   -1.638976E-07    1.363725E-07
   -2.399361E+00   -1.728399E-07    1.479451E-07
   -2.397881E+00   -1.857171E-07    1.495142E-07
   -2.396401E+00   -1.985685E-07    1.463244E-07
   -2.394921E+00   -2.068661E-07    1.364448E-07
   -2.393441E+00   -2.115364E-07    1.252998E-07
   -2.391960E+00   -2.090209E-07    1.157482E-07
   -2.390480E+00   -2.040754E-07    1.083731E-07
   -2.389000E+00   -1.976053E-07    1.056700E-07
   -2.387520E+00   -1.919387E-07    1.039240E-07
   -2.386040E+00   -1.900714E-07    9.848632E-08
   -2.384560E+00   -1.907019E-07    8.773392E-08
   -2.383079E+00   -1.970611E-07    6.067955E-08
   -2.381599E+00   -2.067289E-07    2.458044E-08
   -2.380119E+00   -2.241349E-07   -2.619745E-08
   -2.378639E+00   -2.457565E-07   -8.035521E-08
   -2.377159E+00   -2.751078E-07   -1.312003E-07
   -2.375678E+00   -3.069904E-07   -1.757948E-07
   -2.374198E+00   -3.395949E-07   -2.022724E-07
   -2.372718E+00   -3.701182E-07   -2.194095E-07
   -2.371238E+00   -3.925395E-07   -2.220514E-07
   -2.369758E+00   -4.100060E-07   -2.209465E-07
   -2.368278E+00   -4.183054E-07   -2.196295E-07
   -2.366797E+00   -4.234561E-07   -2.210309E-07
   -2.365317E+00   -4.263083E-07   -2.310858E-07
   -2.363837E+00   -4.299968E-07   -2.458438E-07
   -2.362357E+00   -4.383990E-07   -2.685630E-07
   -2.360877E+00   -4.500274E-07   -2.936878E-07
   -2.359397E+00   -4.686423E-07   -3.196032E-07
   -2.357916E+00   -4.905181E-07   -3.439649E-07
   -2.356436E+00   -5.174374E-07   -3.621519E-07
   -2.354956E+00   -5.455761E-07   -3.762466E-07
   -2.353476E+00   -5.726709E-07   -3.812270E-07
   -2.351996E+00   -5.974919E-07   -3.817931E-07
   -2.350516E+00   -6.153465E-07   -3.751663E-07
   -2.349035E+00   -6.293847E-07   -3.663063E-07
   -2.347555E+00   -6.367187E-07   -3.560307E-07
   -2.346075E+00   -6.415884E-07   -3.462964E-07
   -2.344595E+00   -6.433754E-07   -3.391384E-07
   -2.343115E+00   -6.443569E-07   -3.335655E-07
   -2.341634E+00   -6.446852E-07   -3.311131E-07
   -2.340154E+00   -6.448856E-07   -3.298687E-07
   -2.338674E+00   -6.446267E-07   -3.295324E-07
   -2.337194E+00   -6.437572E-07   -3.286165E-07
   -2.335714E+00   -6.405601E-07   -3.247839E-07
   -2.334234E+00   -6.356534E-07   -3.192778E-07
   -2.332753E+00   -6.266617E-07   -3.117147E-07
   -2.331273E+00   -6.156952E-07   -3.043310E-07
   -2.329793E+00   -6.019470E-07   -2.995961E-07
   -2.328313E+00   -5.878765E-07   -2.966815E-07
   -2.326833E+00   -5.757872E-07   -2.966154E-07
   -2.325353E+00   -5.658532E-07   -2.968555E-07
   -2.323872E+00   -5.615559E-07   -2.949377E-07
   -2.322392E+00   -5.601433E-07   -2.908239E-07
   -2.320912E+00   -5.638930E-07   -2.814512E-07
   -2.319432E+00   -5.699159E-07   -2.698276E-07
   -2.317952E+00   -5.802536E-07   -2.556523E-07
   -2.316472E+00   -5.926817E-07   -2.413379E-07
   -2.314991E+00   -6.085518E-07   -2.285076E-07
   -2.313511E+00   -6.252457E-07   -2.168364E-07
   -2.312031E+00   -6.410168E-07   -2.074958E-07
   -2.310551E+00   -6.550947E-07   -1.991816E-07
   -2.309071E+00   -6.643404E-07   -1.930857E-07
   -2.307591E+00   -6.711730E-07   -1.887011E-07
   -2.306110E+00   -6.745077E-07   -1.900320E-07
   -2.304630E+00   -6.771940E-07   -1.955413E-07
   -2.303150E+00   -6.811185E-07   -2.111000E-07
   -2.301670E+00   -6.868099E-07   -2.314800E-07
   -2.300190E+00   -6.974921E-07   -2.587187E-07
   -2.298709E+00   -7.107369E-07   -2.871832E-07
   -2.297229E+00   -7.277976E-07   -3.133620E-07
   -2.295749E+00   -7.455792E-07   -3.364390E-07
   -2.294269E+00   -7.621027E-07   -3.508497E-07
   -2.292789E+00   -7.768604E-07   -3.604996E-07
   -2.291309E+00   -7.866994E-07   -3.612324E-07
   -2.289828E+00   -7.938705E-07   -3.583724E-07
   -2.288348E+00   -7.961035E-07   -3.506915E-07
   -2.286868E+00   -7.963662E-07   -3.417864E-07
   -2.285388E+00   -7.940951E-07   -3.322284E-07
   -2.283908E+00   -7.913615E-07   -3.228109E-07
   -2.282428E+00   -7.892358E-07   -3.138972E-07
   -2.280947E+00   -7.879949E-07   -3.051924E-07
   -2.279467E+00   -7.891492E-07   -2.968205E-07
   -2.277987E+00   -7.915793E-07   -2.885977E-07
   -2.276507E+00   -7.964599E-07   -2.806348E-07
   -2.275027E+00   -8.024627E-07   -2.728309E-07
   -2.273547E+00   -8.103587E-07   -2.657798E-07
   -2.272066E+00   -8.188884E-07   -2.596074E-07
   -2.270586E+00   -8.277892E-07   -2.565808E-07
   -2.269106E+00   -8.364167E-07   -2.557345E-07
   -2.267626E+00   -8.439276E-07   -2.596998E-07
   -2.266146E+00   -8.508930E-07   -2.657906E-07
   -2.264665E+00   -8.573760E-07   -2.747652E-07
   -2.263185E+00   -8.640940E-07   -2.843199E-07
   -2.261705E+00   -8.722408E-07   -2.933628E-07
   -2.260225E+00   -8.814264E-07   -3.014383E-07
   -2.258745E+00   -8.928183E-07   -3.064362E-07
   -2.257265E+00   -9.051013E-07   -3.094841E-07
   -2.255784E+00   -9.183471E-07   -3.083167E-07
   -2.254304E+00   -9.316005E-07   -3.052733E-07
   -2.252824E+00   -9.440349E-07   -2.998396E-07
   -2.251344E+00   -9.557562E-07   -2.942306E-07
   -2.249864E+00   -9.656792E-07   -2.904848E-07
   -2.248384E+00   -9.746275E-07   -2.885907E-07
   -2.246903E+00   -9.817115E-07   -2.914971E-07
   -2.245423E+00   -9.880285E-07   -2.969186E-07
   -2.243943E+00   -9.933308E-07   -3.068108E-07
   -2.242463E+00   -9.984184E-07   -3.183487E-07
   -2.240983E+00   -1.003607E-06   -3.315302E-07
   -2.239503E+00   -1.009056E-06   -3.445146E-07
   -2.238022E+00   -1.015333E-06   -3.547619E-07
   -2.236542E+00   -1.022106E-06   -3.624418E-07
   -2.235062E+00   -1.029831E-06   -3.630336E-07
   -2.233582E+00   -1.037893E-06   -3.596429E-07
   -2.232102E+00   -1.046218E-06   -3.489468E-07
   -2.230621E+00   -1.054531E-06   -3.356853E-07
   -2.229141E+00   -1.062898E-06   -3.203863E-07
   -2.227661E+00   -1.071541E-06   -3.055992E-07
   -2.226181E+00   -1.081417E-06   -2.939864E-07
   -2.224701E+00   -1.092150E-06   -2.843629E-07
   -2.223221E+00   -1.104570E-06   -2.783171E-07
   -2.221740E+00   -1.117538E-06   -2.735434E-07
   -2.220260E+00   -1.130676E-06   -2.703363E-07
   -2.218780E+00   -1.143473E-06   -2.676921E-07
   -2.217300E+00   -1.155222E-06   -2.663688E-07
   -2.215820E+00   -1.166610E-06   -2.660083E-07
   -2.214340E+00   -1.178219E-06   -2.682667E-07
   -2.212859E+00   -1.190524E-06   -2.721187E-07
   -2.211379E+00   -1.205094E-06   -2.795384E-07
   -2.209899E+00   -1.220871E-06   -2.888352E-07
   -2.208419E+00   -1.238368E-06   -3.018331E-07
   -2.206939E+00   -1.256085E-06   -3.164902E-07
   -2.205459E+00   -1.272878E-06   -3.336858E-07
   -2.203978E+00   -1.288748E-06   -3.515775E-07
   -2.202498E+00   -1.302545E-06   -3.694879E-07
   -2.201018E+00   -1.315476E-06   -3.867032E-07
   -2.199538E+00   -1.327139E-06   -4.012595E-07
   -2.198058E+00   -1.338203E-06   -4.139865E-07
   -2.196577E+00   -1.347470E-06   -4.224123E-07
   -2.195097E+00   -1.355257E-06   -4.285656E-07
   -2.193617E+00   -1.358797E-06   -4.303058E-07
   -2.192137E+00   -1.359788E-06   -4.300525E-07
   -2.190657E+00   -1.355694E-06   -4.264535E-07
   -2.189177E+00   -1.349571E-06   -4.215936E-07
   -2.187696E+00   -1.341210E-06   -4.152047E-07
   -2.186216E+00   -1.332800E-06   -4.085949E-07
   -2.184736E+00   -1.326199E-06   -4.025427E-07
   -2.183256E+00   -1.321147E-06   -3.971021E-07
   -2.181776E+00   -1.319798E-06   -3.930258E-07
   -2.180296E+00   -1.320370E-06   -3.894274E-07
   -2.178815E+00   -1.324724E-06   -3.859974E-07
   -2.177335E+00   -1.330901E-06   -3.822117E-07
   -2.175855E+00   -1.340403E-06   -3.770024E-07
   -2.174375E+00   -1.351218E-06   -3.708744E-07
   -2.172895E+00   -1.363504E-06   -3.627865E-07
   -2.171415E+00   -1.375798E-06   -3.537575E-07
   -2.169934E+00   -1.386677E-06   -3.430021E-07
   -2.168454E+00   -1.396326E-06   -3.314387E-07
   -2.166974E+00   -1.403074E-06   -3.182323E-07
   -2.165494E+00   -1.408467E-06   -3.041170E-07
   -2.164014E+00   -1.411817E-06   -2.879665E-07
   -2.162534E+00   -1.414597E-06   -2.707726E-07
   -2.161053E+00   -1.417139E-06   -2.518465E-07
   -2.159573E+00   -1.419944E-06   -2.325135E-07
   -2.158093E+00   -1.423906E-06   -2.138174E-07
   -2.156613E+00   -1.428746E-06   -1.963013E-07
   -2.155133E+00   -1.436007E-06   -1.827200E-07
   -2.153652E+00   -1.444824E-06   -1.716021E-07
   -2.152172E+00   -1.457274E-06   -1.655236E-07
   -2.150692E+00   -1.471584E-06   -1.615533E-07
   -2.149212E+00   -1.489062E-06   -1.602590E-07
   -2.147732E+00   -1.507536E-06   -1.594034E-07
   -2.146252E+00   -1.526436E-06   -1.579437E-07
   -2.144771E+00   -1.544773E-06   -1.558430E-07
   -2.143291E+00   -1.560858E-06   -1.527791E-07
   -2.141811E+00   -1.575613E-06   -1.497934E-07
   -2.140331E+00   -1.588099E-06   -1.483775E-07
   -2.138851E+00   -1.599975E-06   -1.482966E-07
   -2.137371E+00   -1.612015E-06   -1.512224E-07
   -2.135890E+00   -1.624815E-06   -1.553802E-07
   -2.134410E+00   -1.640153E-06   -1.608219E-07
   -2.132930E+00   -1.657018E-06   -1.662262E-07
   -2.131450E+00   -1.676960E-06   -1.704721E-07
   -2.129970E+00   -1.698256E-06   -1.738702E-07
   -2.128490E+00   -1.721599E-06   -1.756109E-07
   -2.127009E+00   -1.745521E-06   -1.767515E-07
   -2.125529E+00   -1.769499E-06   -1.773411E-07
   -2.124049E+00   -1.792882E-06   -1.779781E-07
   -2.122569E+00   -1.813869E-06   -1.792404E-07
   -2.121089E+00   -1.833215E-06   -1.809960E-07
   -2.119608E+00   -1.848999E-06   -1.838871E-07
   -2.118128E+00   -1.863242E-06   -1.872875E-07
   -2.116648E+00   -1.875570E-06   -1.912888E-07
   -2.115168E+00   -1.887714E-06   -1.952443E-07
   -2.113688E+00   -1.900993E-06   -1.982227E-07
   -2.112208E+00   -1.915352E-06   -2.002257E-07
   -2.110727E+00   -1.932154E-06   -1.993299E-07
   -2.109247E+00   -1.949915E-06   -1.965988E-07
   -2.107767E+00   -1.968396E-06   -1.898163E-07
   -2.106287E+00   -1.986441E-06   -1.811316E-07
   -2.104807E+00   -2.001953E-06   -1.696507E-07
   -2.103327E+00   -2.015480E-06   -1.576086E-07
   -2.101846E+00   -2.024059E-06   -1.464136E-07
   -2.100366E+00   -2.029974E-06   -1.365079E-07
   -2.098886E+00   -2.030812E-06   -1.301986E-07
   -2.097406E+00   -2.029519E-06   -1.257360E-07
   -2.095926E+00   -2.025194E-06   -1.242817E-07
   -2.094446E+00   -2.020073E-06   -1.237880E-07
   -2.092965E+00   -2.014796E-06   -1.241463E-07
   -2.091485E+00   -2.010060E-06   -1.245494E-07
   -2.090005E+00   -2.007285E-06   -1.246827E-07
   -2.088525E+00   -2.005701E-06   -1.246739E-07
   -2.087045E+00   -2.006426E-06   -1.245851E-07
   -2.085564E+00   -2.008063E-06   -1.246070E-07
   -2.084084E+00   -2.010785E-06   -1.251777E-07
   -2.082604E+00   -2.013677E-06   -1.261806E-07
   -2.081124E+00   -2.016373E-06   -1.283091E-07
   -2.079644E+00   -2.018882E-06   -1.310635E-07
   -2.078164E+00   -2.021181E-06   -1.349668E-07
   -2.076683E+00   -2.023559E-06   -1.392555E-07
   -2.075203E+00   -2.026437E-06   -1.437123E-07
   -2.073723E+00   -2.029629E-06   -1.479126E-07
   -2.072243E+00   -2.033301E-06   -1.510288E-07
   -2.070763E+00   -2.037052E-06   -1.534547E-07
   -2.069283E+00   -2.040692E-06   -1.545609E-07
   -2.067802E+00   -2.044280E-06   -1.552048E-07
   -2.066322E+00   -2.048161E-06   -1.555311E-07
   -2.064842E+00   -2.052560E-06   -1.560209E-07
   -2.063362E+00   -2.058879E-06   -1.573525E-07
   -2.061882E+00   -2.066539E-06   -1.592436E-07
   -2.060402E+00   -2.077313E-06   -1.622775E-07
   -2.058921E+00   -2.089638E-06   -1.658026E-07
   -2.057441E+00   -2.104635E-06   -1.700801E-07
   -2.055961E+00   -2.120607E-06   -1.746340E-07
   -2.054481E+00   -2.137679E-06   -1.796095E-07
   -2.053001E+00   -2.154886E-06   -1.847536E-07
   -2.051520E+00   -2.171650E-06   -1.901606E-07
   -2.050040E+00   -2.187909E-06   -1.956647E-07
   -2.048560E+00   -2.202716E-06   -2.013344E-07
   -2.047080E+00   -2.216622E-06   -2.071115E-07
   -2.045600E+00   -2.228451E-06   -2.132370E-07
   -2.044120E+00   -2.239146E-06   -2.196216E-07
   -2.042639E+00   -2.247494E-06   -2.266372E-07
   -2.041159E+00   -2.254707E-06   -2.339346E-07
   -2.039679E+00   -2.259913E-06   -2.414388E-07
   -2.038199E+00   -2.264338E-06   -2.487001E-07
   -2.036719E+00   -2.267791E-06   -2.545149E-07
   -2.035239E+00   -2.271073E-06   -2.590847E-07
   -2.033758E+00   -2.274553E-06   -2.603051E-07
   -2.032278E+00   -2.278290E-06   -2.596474E-07
   -2.030798E+00   -2.282564E-06   -2.554689E-07
   -2.029318E+00   -2.286990E-06   -2.499910E-07
   -2.027838E+00   -2.291382E-06   -2.433921E-07
   -2.026358E+00   -2.295624E-06   -2.371116E-07
   -2.024877E+00   -2.299527E-06   -2.331581E-07
   -2.023397E+00   -2.303375E-06   -2.310190E-07
   -2.021917E+00   -2.307515E-06   -2.332110E-07
   -2.020437E+00   -2.312015E-06   -2.375885E-07
   -2.018957E+00   -2.317523E-06   -2.457962E-07
   -2.017476E+00   -2.323576E-06   -2.554512E-07
   -2.015996E+00   -2.330620E-06   -2.668930E-07
   -2.014516E+00   -2.338071E-06   -2.786856E-07
   -2.013036E+00   -2.346183E-06   -2.902470E-07
   -2.011556E+00   -2.354583E-06   -3.013330E-07
   -2.010076E+00   -2.363503E-06   -3.109730E-07
   -2.008595E+00   -2.372625E-06   -3.197424E-07
   -2.007115E+00   -2.381897E-06   -3.266254E-07
   -2.005635E+00   -2.391046E-06   -3.325421E-07
   -2.004155E+00   -2.399514E-06   -3.365624E-07
   -2.002675E+00   -2.407493E-06   -3.397113E-07
   -2.001195E+00   -2.414500E-06   -3.414497E-07
   -1.999714E+00   -2.421204E-06   -3.427493E-07
   -1.998234E+00   -2.427949E-06   -3.438346E-07
   -1.996754E+00   -2.435078E-06   -3.451285E-07
   -1.995274E+00   -2.443538E-06   -3.472452E-07
   -1.993794E+00   -2.452777E-06   -3.497953E-07
   -1.992314E+00   -2.463405E-06   -3.528934E-07
   -1.990833E+00   -2.474480E-06   -3.559981E-07
   -1.989353E+00   -2.485816E-06   -3.586021E-07
   -1.987873E+00   -2.496998E-06   -3.608178E-07
   -1.986393E+00   -2.507548E-06   -3.623159E-07
   -1.984913E+00   -2.517789E-06   -3.636210E-07
   -1.983433E+00   -2.527729E-06   -3.649650E-07
   -1.981952E+00   -2.537760E-06   -3.664841E-07
   -1.980472E+00   -2.548445E-06   -3.684032E-07
   -1.978992E+00   -2.559598E-06   -3.703964E-07
   -1.977512E+00   -2.571711E-06   -3.720598E-07
   -1.976032E+00   -2.584188E-06   -3.732852E-07
   -1.974551E+00   -2.596988E-06   -3.732020E-07
   -1.973071E+00   -2.609705E-06   -3.723739E-07
   -1.971591E+00   -2.621736E-06   -3.701660E-07
   -1.970111E+00   -2.633159E-06   -3.674332E-07
   -1.968631E+00   -2.642830E-06   -3.640517E-07
   -1.967151E+00   -2.651359E-06   -3.605025E-07
   -1.965670E+00   -2.657132E-06   -3.567439E-07
   -1.964190E+00   -2.661355E-06   -3.528553E-07
   -1.962710E+00   -2.662342E-06   -3.485950E-07
   -1.961230E+00   -2.661787E-06   -3.441432E-07
   -1.959750E+00   -2.658611E-06   -3.395180E-07
   -1.958270E+00   -2.654516E-06   -3.350313E-07
   -1.956789E+00   -2.649618E-06   -3.314252E-07
   -1.955309E+00   -2.644913E-06   -3.285650E-07
   -1.953829E+00   -2.641782E-06   -3.276750E-07
   -1.952349E+00   -2.639961E-06   -3.278971E-07
   -1.950869E+00   -2.641542E-06   -3.303473E-07
   -1.949389E+00   -2.645061E-06   -3.338057E-07
   -1.947908E+00   -2.652638E-06   -3.389276E-07
   -1.946428E+00   -2.662212E-06   -3.446732E-07
   -1.944948E+00   -2.675509E-06   -3.512344E-07
   -1.943468E+00   -2.690434E-06   -3.579794E-07
   -1.941988E+00   -2.707936E-06   -3.646011E-07
   -1.940507E+00   -2.726279E-06   -3.708860E-07
   -1.939027E+00   -2.745228E-06   -3.759203E-07
   -1.937547E+00   -2.763897E-06   -3.800735E-07
   -1.936067E+00   -2.780892E-06   -3.821530E-07
   -1.934587E+00   -2.796596E-06   -3.832061E-07
   -1.933107E+00   -2.809167E-06   -3.826295E-07
   -1.931626E+00   -2.820124E-06   -3.816290E-07
   -1.930146E+00   -2.828259E-06   -3.807536E-07
   -1.928666E+00   -2.835409E-06   -3.803976E-07
   -1.927186E+00   -2.841737E-06   -3.816968E-07
   -1.925706E+00   -2.848266E-06   -3.839120E-07
   -1.924226E+00   -2.856260E-06   -3.876973E-07
   -1.922745E+00   -2.865335E-06   -3.919814E-07
   -1.921265E+00   -2.876821E-06   -3.965809E-07
   -1.919785E+00   -2.889430E-06   -4.010418E-07
   -1.918305E+00   -2.903843E-06   -4.048636E-07
   -1.916825E+00   -2.918897E-06   -4.083266E-07
   -1.915345E+00   -2.934798E-06   -4.112453E-07
   -1.913864E+00   -2.950997E-06   -4.140599E-07
   -1.912384E+00   -2.967743E-06   -4.170511E-07
   -1.910904E+00   -2.984806E-06   -4.202888E-07
   -1.909424E+00   -3.002644E-06   -4.241662E-07
   -1.907944E+00   -3.020919E-06   -4.283246E-07
   -1.906463E+00   -3.040080E-06   -4.327614E-07
   -1.904983E+00   -3.059640E-06   -4.371455E-07
   -1.903503E+00   -3.079832E-06   -4.410918E-07
   -1.902023E+00   -3.100237E-06   -4.447449E-07
   -1.900543E+00   -3.120867E-06   -4.478898E-07
   -1.899063E+00   -3.141515E-06   -4.509001E-07
   -1.897582E+00   -3.162020E-06   -4.539005E-07
   -1.896102E+00   -3.182351E-06   -4.569645E-07
   -1.894622E+00   -3.202090E-06   -4.600962E-07
   -1.893142E+00   -3.221401E-06   -4.631477E-07
   -1.891662E+00   -3.239637E-06   -4.657544E-07
   -1.890182E+00   -3.257301E-06   -4.680352E-07
   -1.888701E+00   -3.273982E-06   -4.696172E-07
   -1.887221E+00   -3.290386E-06   -4.708982E-07
   -1.885741E+00   -3.306863E-06   -4.717106E-07
   -1.884261E+00   -3.323714E-06   -4.723015E-07
   -1.882781E+00   -3.341847E-06   -4.722485E-07
   -1.881301E+00   -3.360724E-06   -4.716385E-07
   -1.879820E+00   -3.380873E-06   -4.692327E-07
   -1.878340E+00   -3.401339E-06   -4.655563E-07
   -1.876860E+00   -3.421494E-06   -4.587385E-07
   -1.875380E+00   -3.440964E-06   -4.502265E-07
   -1.873900E+00   -3.458115E-06   -4.385769E-07
   -1.872419E+00   -3.473776E-06   -4.257473E-07
   -1.870939E+00   -3.486200E-06   -4.117678E-07
   -1.869459E+00   -3.497085E-06   -3.979416E-07
   -1.867979E+00   -3.505397E-06   -3.858981E-07
   -1.866499E+00   -3.512784E-06   -3.753898E-07
   -1.865019E+00   -3.519137E-06   -3.689002E-07
   -1.863538E+00   -3.525368E-06   -3.646913E-07
   -1.862058E+00   -3.532049E-06   -3.651956E-07
   -1.860578E+00   -3.539241E-06   -3.679720E-07
   -1.859098E+00   -3.547899E-06   -3.748868E-07
   -1.857618E+00   -3.557452E-06   -3.835837E-07
   -1.856138E+00   -3.568993E-06   -3.951410E-07
   -1.854657E+00   -3.581554E-06   -4.077219E-07
   -1.853177E+00   -3.596049E-06   -4.214402E-07
   -1.851697E+00   -3.611376E-06   -4.352313E-07
   -1.850217E+00   -3.627975E-06   -4.481208E-07
   -1.848737E+00   -3.644991E-06   -4.600323E-07
   -1.847257E+00   -3.662452E-06   -4.690061E-07
   -1.845776E+00   -3.680012E-06   -4.761082E-07
   -1.844296E+00   -3.697699E-06   -4.789425E-07
   -1.842816E+00   -3.715491E-06   -4.795592E-07
   -1.841336E+00   -3.733656E-06   -4.759503E-07
   -1.839856E+00   -3.752069E-06   -4.705003E-07
   -1.838376E+00   -3.770965E-06   -4.621421E-07
   -1.836895E+00   -3.789992E-06   -4.527634E-07
   -1.835415E+00   -3.808851E-06   -4.421703E-07
   -1.833935E+00   -3.827325E-06   -4.313177E-07
   -1.832455E+00   -3.844370E-06   -4.204894E-07
   -1.830975E+00   -3.860402E-06   -4.098879E-07
   -1.829494E+00   -3.874012E-06   -4.001215E-07
   -1.828014E+00   -3.886369E-06   -3.909645E-07
   -1.826534E+00   -3.896489E-06   -3.834235E-07
   -1.825054E+00   -3.905783E-06   -3.768786E-07
   -1.823574E+00   -3.914215E-06   -3.726213E-07
   -1.822094E+00   -3.922629E-06   -3.695832E-07
   -1.820613E+00   -3.931715E-06   -3.689512E-07
   -1.819133E+00   -3.941373E-06   -3.694165E-07
   -1.817653E+00   -3.952371E-06   -3.717302E-07
   -1.816173E+00   -3.964014E-06   -3.747612E-07
   -1.814693E+00   -3.976744E-06   -3.787998E-07
   -1.813213E+00   -3.989881E-06   -3.831353E-07
   -1.811732E+00   -4.003564E-06   -3.876639E-07
   -1.810252E+00   -4.017405E-06   -3.920927E-07
   -1.808772E+00   -4.031344E-06   -3.959446E-07
   -1.807292E+00   -4.045213E-06   -3.993402E-07
   -1.805812E+00   -4.058640E-06   -4.015670E-07
   -1.804332E+00   -4.071661E-06   -4.031388E-07
   -1.802851E+00   -4.083496E-06   -4.033940E-07
   -1.801371E+00   -4.094591E-06   -4.030495E-07
   -1.799891E+00   -4.104124E-06   -4.016993E-07
   -1.798411E+00   -4.112973E-06   -3.999447E-07
   -1.796931E+00   -4.120940E-06   -3.975096E-07
   -1.795450E+00   -4.128812E-06   -3.947435E-07
   -1.793970E+00   -4.137248E-06   -3.912316E-07
   -1.792490E+00   -4.146288E-06   -3.872767E-07
   -1.791010E+00   -4.156932E-06   -3.823072E-07
   -1.789530E+00   -4.168425E-06   -3.768037E-07
   -1.788050E+00   -4.181434E-06   -3.703016E-07
   -1.786569E+00   -4.195022E-06   -3.634049E-07
   -1.785089E+00   -4.209379E-06   -3.560534E-07
   -1.783609E+00   -4.223967E-06   -3.486811E-07
   -1.782129E+00   -4.238862E-06   -3.416965E-07
   -1.780649E+00   -4.253910E-06   -3.350961E-07
   -1.779169E+00   -4.269336E-06   -3.295451E-07
   -1.777688E+00   -4.284975E-06   -3.245921E-07
   -1.776208E+00   -4.300957E-06   -3.208360E-07
   -1.774728E+00   -4.316977E-06   -3.176139E-07
   -1.773248E+00   -4.332631E-06   -3.152543E-07
   -1.771768E+00   -4.347837E-06   -3.132239E-07
   -1.770288E+00   -4.361661E-06   -3.117291E-07
   -1.768807E+00   -4.374642E-06   -3.105057E-07
   -1.767327E+00   -4.385927E-06   -3.099581E-07
   -1.765847E+00   -4.396524E-06   -3.098533E-07
   -1.764367E+00   -4.406354E-06   -3.108473E-07
   -1.762887E+00   -4.416184E-06   -3.124639E-07
   -1.761406E+00   -4.426779E-06   -3.153627E-07
   -1.759926E+00   -4.438053E-06   -3.188615E-07
   -1.758446E+00   -4.450999E-06   -3.233779E-07
   -1.756966E+00   -4.464778E-06   -3.282758E-07
   -1.755486E+00   -4.479946E-06   -3.336295E-07
   -1.754006E+00   -4.495587E-06   -3.390311E-07
   -1.752525E+00   -4.511697E-06   -3.441085E-07
   -1.751045E+00   -4.527840E-06   -3.487865E-07
   -1.749565E+00   -4.543788E-06   -3.521712E-07
   -1.748085E+00   -4.559587E-06   -3.546831E-07
   -1.746605E+00   -4.575104E-06   -3.551128E-07
   -1.745125E+00   -4.590524E-06   -3.544237E-07
   -1.743644E+00   -4.605853E-06   -3.515719E-07
   -1.742164E+00   -4.621183E-06   -3.478035E-07
   -1.740684E+00   -4.636595E-06   -3.427748E-07
   -1.739204E+00   -4.652093E-06   -3.374930E-07
   -1.737724E+00   -4.667884E-06   -3.325209E-07
   -1.736244E+00   -4.683909E-06   -3.280625E-07
   -1.734763E+00   -4.700613E-06   -3.250909E-07
   -1.733283E+00   -4.717763E-06   -3.229040E-07
   -1.731803E+00   -4.735966E-06   -3.219602E-07
   -1.730323E+00   -4.754721E-06   -3.213033E-07
   -1.728843E+00   -4.774476E-06   -3.203667E-07
   -1.727362E+00   -4.794602E-06   -3.188783E-07
   -1.725882E+00   -4.815099E-06   -3.157082E-07
   -1.724402E+00   -4.835581E-06   -3.116070E-07
   -1.722922E+00   -4.855700E-06   -3.059050E-07
   -1.721442E+00   -4.875553E-06   -2.997181E-07
   -1.719962E+00   -4.894908E-06   -2.933962E-07
   -1.718481E+00   -4.914118E-06   -2.874248E-07
   -1.717001E+00   -4.933345E-06   -2.828046E-07
   -1.715521E+00   -4.952716E-06   -2.790306E-07
   -1.714041E+00   -4.972499E-06   -2.769436E-07
   -1.712561E+00   -4.992447E-06   -2.755504E-07
   -1.711081E+00   -5.012451E-06   -2.750616E-07
   -1.709600E+00   -5.032292E-06   -2.747549E-07
   -1.708120E+00   -5.051443E-06   -2.743157E-07
   -1.706640E+00   -5.070134E-06   -2.736084E-07
   -1.705160E+00   -5.087886E-06   -2.720620E-07
   -1.703680E+00   -5.105258E-06   -2.699858E-07
   -1.702200E+00   -5.122195E-06   -2.666913E-07
   -1.700719E+00   -5.139095E-06   -2.627332E-07
   -1.699239E+00   -5.156226E-06   -2.573926E-07
   -1.697759E+00   -5.173567E-06   -2.513709E-07
   -1.696279E+00   -5.191406E-06   -2.441248E-07
   -1.694799E+00   -5.209498E-06   -2.364159E-07
   -1.693318E+00   -5.228110E-06   -2.282624E-07
   -1.691838E+00   -5.247026E-06   -2.202050E-07
   -1.690358E+00   -5.266736E-06   -2.130551E-07
   -1.688878E+00   -5.286975E-06   -2.066980E-07
   -1.687398E+00   -5.308534E-06   -2.024494E-07
   -1.685918E+00   -5.330824E-06   -1.993923E-07
   -1.684437E+00   -5.354486E-06   -1.987016E-07
   -1.682957E+00   -5.378638E-06   -1.990494E-07
   -1.681477E+00   -5.403090E-06   -2.009901E-07
   -1.679997E+00   -5.427252E-06   -2.034471E-07
   -1.678517E+00   -5.449933E-06   -2.064229E-07
   -1.677037E+00   -5.471504E-06   -2.094694E-07
   -1.675556E+00   -5.490460E-06   -2.124441E-07
   -1.674076E+00   -5.508121E-06   -2.153410E-07
   -1.672596E+00   -5.523614E-06   -2.180490E-07
   -1.671116E+00   -5.538377E-06   -2.206281E-07
   -1.669636E+00   -5.552481E-06   -2.227841E-07
   -1.668156E+00   -5.566611E-06   -2.245934E-07
   -1.666675E+00   -5.581272E-06   -2.253890E-07
   -1.665195E+00   -5.596288E-06   -2.255452E-07
   -1.663715E+00   -5.611935E-06   -2.243312E-07
   -1.662235E+00   -5.627768E-06   -2.225141E-07
   -1.660755E+00   -5.643659E-06   -2.199179E-07
   -1.659275E+00   -5.659447E-06   -2.172414E-07
   -1.657794E+00   -5.674874E-06   -2.150875E-07
   -1.656314E+00   -5.690102E-06   -2.135008E-07
   -1.654834E+00   -5.704970E-06   -2.134827E-07
   -1.653354E+00   -5.719685E-06   -2.143495E-07
   -1.651874E+00   -5.734109E-06   -2.169587E-07
   -1.650393E+00   -5.748364E-06   -2.203386E-07
   -1.648913E+00   -5.762185E-06   -2.249704E-07
   -1.647433E+00   -5.775745E-06   -2.300824E-07
   -1.645953E+00   -5.788770E-06   -2.359207E-07
   -1.644473E+00   -5.801584E-06   -2.420413E-07
   -1.642993E+00   -5.814229E-06   -2.486118E-07
   -1.641512E+00   -5.826970E-06   -2.553503E-07
   -1.640032E+00   -5.840290E-06   -2.622676E-07
   -1.638552E+00   -5.854054E-06   -2.691608E-07
   -1.637072E+00   -5.868860E-06   -2.757109E-07
   -1.635592E+00   -5.884162E-06   -2.819250E-07
   -1.634112E+00   -5.900247E-06   -2.871673E-07
   -1.632631E+00   -5.916581E-06   -2.918266E-07
   -1.631151E+00   -5.933182E-06   -2.952940E-07
   -1.629671E+00   -5.949887E-06   -2.982468E-07
   -1.628191E+00   -5.966973E-06   -3.004881E-07
   -1.626711E+00   -5.984438E-06   -3.025695E-07
   -1.625231E+00   -6.003133E-06   -3.046998E-07
   -1.623750E+00   -6.022647E-06   -3.069858E-07
   -1.622270E+00   -6.043969E-06   -3.096926E-07
   -1.620790E+00   -6.066109E-06   -3.125867E-07
   -1.619310E+00   -6.089348E-06   -3.156954E-07
   -1.617830E+00   -6.112730E-06   -3.188092E-07
   -1.616349E+00   -6.135473E-06   -3.217606E-07
   -1.614869E+00   -6.157483E-06   -3.245866E-07
   -1.613389E+00   -6.177484E-06   -3.271680E-07
   -1.611909E+00   -6.196407E-06   -3.296587E-07
   -1.610429E+00   -6.213433E-06   -3.320225E-07
   -1.608949E+00   -6.229801E-06   -3.343102E-07
   -1.607468E+00   -6.245608E-06   -3.362887E-07
   -1.605988E+00   -6.261507E-06   -3.379597E-07
   -1.604508E+00   -6.278186E-06   -3.385885E-07
   -1.603028E+00   -6.295435E-06   -3.384574E-07
   -1.601548E+00   -6.313934E-06   -3.363821E-07
   -1.600068E+00   -6.333021E-06   -3.332003E-07
   -1.598587E+00   -6.353116E-06   -3.277617E-07
   -1.597107E+00   -6.373631E-06   -3.212879E-07
   -1.595627E+00   -6.394890E-06   -3.131026E-07
   -1.594147E+00   -6.416510E-06   -3.042796E-07
   -1.592667E+00   -6.438858E-06   -2.945961E-07
   -1.591187E+00   -6.461549E-06   -2.846438E-07
   -1.589706E+00   -6.484754E-06   -2.743566E-07
   -1.588226E+00   -6.508038E-06   -2.639530E-07
   -1.586746E+00   -6.530950E-06   -2.533740E-07
   -1.585266E+00   -6.553365E-06   -2.427535E-07
   -1.583786E+00   -6.574206E-06   -2.322476E-07
   -1.582305E+00   -6.594065E-06   -2.219693E-07
   -1.580825E+00   -6.611887E-06   -2.126101E-07
   -1.579345E+00   -6.628839E-06   -2.039680E-07
   -1.577865E+00   -6.644698E-06   -1.972203E-07
   -1.576385E+00   -6.660444E-06   -1.915672E-07
   -1.574905E+00   -6.676882E-06   -1.881463E-07
   -1.573424E+00   -6.694057E-06   -1.857168E-07
   -1.571944E+00   -6.713211E-06   -1.847510E-07
   -1.570464E+00   -6.733431E-06   -1.841687E-07
   -1.568984E+00   -6.755603E-06   -1.836255E-07
   -1.567504E+00   -6.778545E-06   -1.828038E-07
   -1.566024E+00   -6.802538E-06   -1.810895E-07
   -1.564543E+00   -6.826843E-06   -1.789176E-07
   -1.563063E+00   -6.851517E-06   -1.760797E-07
   -1.561583E+00   -6.876347E-06   -1.731117E-07
   -1.560103E+00   -6.901582E-06   -1.702952E-07
   -1.558623E+00   -6.927082E-06   -1.676936E-07
   -1.557143E+00   -6.953150E-06   -1.655806E-07
   -1.555662E+00   -6.979424E-06   -1.636278E-07
   -1.554182E+00   -7.005749E-06   -1.616717E-07
   -1.552702E+00   -7.031845E-06   -1.595379E-07
   -1.551222E+00   -7.056965E-06   -1.568034E-07
   -1.549742E+00   -7.081410E-06   -1.537451E-07
   -1.548261E+00   -7.104412E-06   -1.502088E-07
   -1.546781E+00   -7.126810E-06   -1.465978E-07
   -1.545301E+00   -7.148511E-06   -1.432202E-07
   -1.543821E+00   -7.170190E-06   -1.401208E-07
   -1.542341E+00   -7.192443E-06   -1.377537E-07
   -1.540861E+00   -7.215182E-06   -1.357463E-07
   -1.539380E+00   -7.238974E-06   -1.342752E-07
   -1.537900E+00   -7.263166E-06   -1.329328E-07
   -1.536420E+00   -7.287656E-06   -1.315833E-07
   -1.534940E+00   -7.312002E-06   -1.301610E-07
   -1.533460E+00   -7.335573E-06   -1.286553E-07
   -1.531980E+00   -7.358637E-06   -1.272439E-07
   -1.530499E+00   -7.380771E-06   -1.264451E-07
   -1.529019E+00   -7.402635E-06   -1.261877E-07
   -1.527539E+00   -7.424523E-06   -1.274074E-07
   -1.526059E+00   -7.446711E-06   -1.294727E-07
   -1.524579E+00   -7.469901E-06   -1.332020E-07
   -1.523099E+00   -7.493642E-06   -1.376284E-07
   -1.521618E+00   -7.518241E-06   -1.430002E-07
   -1.520138E+00   -7.543012E-06   -1.485844E-07
   -1.518658E+00   -7.567499E-06   -1.541202E-07
   -1.517178E+00   -7.591579E-06   -1.594630E-07
   -1.515698E+00   -7.614589E-06   -1.642534E-07
   -1.514218E+00   -7.637131E-06   -1.687616E-07
   -1.512737E+00   -7.659254E-06   -1.727978E-07
   -1.511257E+00   -7.681554E-06   -1.766675E-07
   -1.509777E+00   -7.705025E-06   -1.803393E-07
   -1.508297E+00   -7.729395E-06   -1.839619E-07
   -1.506817E+00   -7.755810E-06   -1.875411E-07
   -1.505336E+00   -7.783139E-06   -1.911144E-07
   -1.503856E+00   -7.811656E-06   -1.947299E-07
   -1.502376E+00   -7.840321E-06   -1.984307E-07
   -1.500896E+00   -7.868368E-06   -2.025353E-07
   -1.499416E+00   -7.895760E-06   -2.070031E-07
   -1.497936E+00   -7.921540E-06   -2.125432E-07
   -1.496455E+00   -7.946590E-06   -2.187548E-07
   -1.494975E+00   -7.970716E-06   -2.264039E-07
   -1.493495E+00   -7.994751E-06   -2.346959E-07
   -1.492015E+00   -8.019341E-06   -2.438627E-07
   -1.490535E+00   -8.044468E-06   -2.531591E-07
   -1.489055E+00   -8.070859E-06   -2.620135E-07
   -1.487574E+00   -8.097808E-06   -2.703317E-07
   -1.486094E+00   -8.125490E-06   -2.771643E-07
   -1.484614E+00   -8.153319E-06   -2.832003E-07
   -1.483134E+00   -8.181118E-06   -2.878376E-07
   -1.481654E+00   -8.208869E-06   -2.919767E-07
   -1.480174E+00   -8.236741E-06   -2.955766E-07
   -1.478693E+00   -8.264889E-06   -2.990836E-07
   -1.477213E+00   -8.294076E-06   -3.025340E-07
   -1.475733E+00   -8.323963E-06   -3.058851E-07
   -1.474253E+00   -8.355328E-06   -3.086642E-07
   -1.472773E+00   -8.387294E-06   -3.109144E-07
   -1.471292E+00   -8.419870E-06   -3.116767E-07
   -1.469812E+00   -8.452370E-06   -3.115918E-07
   -1.468332E+00   -8.483984E-06   -3.099388E-07
   -1.466852E+00   -8.514911E-06   -3.077388E-07
   -1.465372E+00   -8.544369E-06   -3.051802E-07
   -1.463892E+00   -8.573266E-06   -3.028610E-07
   -1.462411E+00   -8.601743E-06   -3.017769E-07
   -1.460931E+00   -8.630450E-06   -3.015677E-07
   -1.459451E+00   -8.660429E-06   -3.032758E-07
   -1.457971E+00   -8.691310E-06   -3.058395E-07
   -1.456491E+00   -8.724095E-06   -3.095904E-07
   -1.455011E+00   -8.757656E-06   -3.135791E-07
   -1.453530E+00   -8.792077E-06   -3.173158E-07
   -1.452050E+00   -8.826511E-06   -3.206373E-07
   -1.450570E+00   -8.860241E-06   -3.228082E-07
   -1.449090E+00   -8.893405E-06   -3.243848E-07
   -1.447610E+00   -8.925419E-06   -3.249569E-07
   -1.446130E+00   -8.957042E-06   -3.251725E-07
   -1.444649E+00   -8.988484E-06   -3.249438E-07
   -1.443169E+00   -9.020151E-06   -3.245648E-07
   -1.441689E+00   -9.052696E-06   -3.238600E-07
   -1.440209E+00   -9.085725E-06   -3.229116E-07
   -1.438729E+00   -9.119436E-06   -3.212793E-07
   -1.437248E+00   -9.153207E-06   -3.192575E-07
   -1.435768E+00   -9.186442E-06   -3.165771E-07
   -1.434288E+00   -9.219155E-06   -3.137568E-07
   -1.432808E+00   -9.250655E-06   -3.112374E-07
   -1.431328E+00   -9.281686E-06   -3.091889E-07
   -1.429848E+00   -9.312470E-06   -3.086052E-07
   -1.428367E+00   -9.343604E-06   -3.088760E-07
   -1.426887E+00   -9.376393E-06   -3.107255E-07
   -1.425407E+00   -9.410356E-06   -3.131082E-07
   -1.423927E+00   -9.446880E-06   -3.157489E-07
   -1.422447E+00   -9.484505E-06   -3.180475E-07
   -1.420967E+00   -9.523459E-06   -3.187870E-07
   -1.419486E+00   -9.562487E-06   -3.184369E-07
   -1.418006E+00   -9.600448E-06   -3.156659E-07
   -1.416526E+00   -9.637406E-06   -3.117644E-07
   -1.415046E+00   -9.671910E-06   -3.060862E-07
   -1.413566E+00   -9.705248E-06   -2.998507E-07
   -1.412086E+00   -9.736865E-06   -2.931659E-07
   -1.410605E+00   -9.768065E-06   -2.865156E-07
   -1.409125E+00   -9.799319E-06   -2.802129E-07
   -1.407645E+00   -9.830911E-06   -2.741002E-07
   -1.406165E+00   -9.863366E-06   -2.682370E-07
   -1.404685E+00   -9.896117E-06   -2.624287E-07
   -1.403204E+00   -9.928844E-06   -2.567542E-07
   -1.401724E+00   -9.961186E-06   -2.513059E-07
   -1.400244E+00   -9.992130E-06   -2.469553E-07
   -1.398764E+00   -1.002222E-05   -2.435979E-07
   -1.397284E+00   -1.005070E-05   -2.431821E-07
   -1.395804E+00   -1.007860E-05   -2.446392E-07
   -1.394323E+00   -1.010602E-05   -2.502958E-07
   -1.392843E+00   -1.013354E-05   -2.580399E-07
   -1.391363E+00   -1.016163E-05   -2.694307E-07
   -1.389883E+00   -1.019004E-05   -2.821736E-07
   -1.388403E+00   -1.021872E-05   -2.964503E-07
   -1.386923E+00   -1.024723E-05   -3.109131E-07
   -1.385442E+00   -1.027478E-05   -3.248149E-07
   -1.383962E+00   -1.030164E-05   -3.381515E-07
   -1.382482E+00   -1.032721E-05   -3.501682E-07
   -1.381002E+00   -1.035245E-05   -3.615717E-07
   -1.379522E+00   -1.037816E-05   -3.719562E-07
   -1.378042E+00   -1.040481E-05   -3.819023E-07
   -1.376561E+00   -1.043471E-05   -3.909093E-07
   -1.375081E+00   -1.046674E-05   -3.992856E-07
   -1.373601E+00   -1.050338E-05   -4.058603E-07
   -1.372121E+00   -1.054213E-05   -4.112235E-07
   -1.370641E+00   -1.058407E-05   -4.136557E-07
   -1.369160E+00   -1.062689E-05   -4.145207E-07
   -1.367680E+00   -1.066993E-05   -4.124733E-07
   -1.366200E+00   -1.071246E-05   -4.092959E-07
   -1.364720E+00   -1.075331E-05   -4.048245E-07
   -1.363240E+00   -1.079330E-05   -4.002443E-07
   -1.361760E+00   -1.083210E-05   -3.964072E-07
   -1.360279E+00   -1.087072E-05   -3.932675E-07
   -1.358799E+00   -1.090983E-05   -3.917529E-07
   -1.357319E+00   -1.094942E-05   -3.909502E-07
   -1.355839E+00   -1.099001E-05   -3.910354E-07
   -1.354359E+00   -1.103082E-05   -3.912189E-07
   -1.352879E+00   -1.107113E-05   -3.909679E-07
   -1.351398E+00   -1.111069E-05   -3.903092E-07
   -1.349918E+00   -1.114789E-05   -3.888078E-07
   -1.348438E+00   -1.118376E-05   -3.870431E-07
   -1.346958E+00   -1.121729E-05   -3.852971E-07
   -1.345478E+00   -1.125012E-05   -3.838565E-07
   -1.343998E+00   -1.128289E-05   -3.834709E-07
   -1.342517E+00   -1.131632E-05   -3.836811E-07
   -1.341037E+00   -1.135217E-05   -3.848288E-07
   -1.339557E+00   -1.138948E-05   -3.861339E-07
   -1.338077E+00   -1.142954E-05   -3.868970E-07
   -1.336597E+00   -1.147054E-05   -3.869530E-07
   -1.335117E+00   -1.151220E-05   -3.849535E-07
   -1.333636E+00   -1.155356E-05   -3.818178E-07
   -1.332156E+00   -1.159335E-05   -3.766949E-07
   -1.330676E+00   -1.163218E-05   -3.709405E-07
   -1.329196E+00   -1.166942E-05   -3.649039E-07
   -1.327716E+00   -1.170633E-05   -3.592212E-07
   -1.326235E+00   -1.174375E-05   -3.550026E-07
   -1.324755E+00   -1.178200E-05   -3.516905E-07
   -1.323275E+00   -1.182264E-05   -3.500721E-07
   -1.321795E+00   -1.186450E-05   -3.490451E-07
   -1.320315E+00   -1.190829E-05   -3.484907E-07
   -1.318835E+00   -1.195252E-05   -3.478443E-07
   -1.317354E+00   -1.199647E-05   -3.466415E-07
   -1.315874E+00   -1.203980E-05   -3.451810E-07
   -1.314394E+00   -1.208148E-05   -3.436468E-07
   -1.312914E+00   -1.212246E-05   -3.424227E-07
   -1.311434E+00   -1.216294E-05   -3.425333E-07
   -1.309954E+00   -1.220381E-05   -3.435551E-07
   -1.308473E+00   -1.224674E-05   -3.464626E-07
   -1.306993E+00   -1.229116E-05   -3.500869E-07
   -1.305513E+00   -1.233880E-05   -3.542225E-07
   -1.304033E+00   -1.238778E-05   -3.580089E-07
   -1.302553E+00   -1.243819E-05   -3.598837E-07
   -1.301073E+00   -1.248850E-05   -3.603466E-07
   -1.299592E+00   -1.253691E-05   -3.576080E-07
   -1.298112E+00   -1.258376E-05   -3.533905E-07
   -1.296632E+00   -1.262695E-05   -3.469966E-07
   -1.295152E+00   -1.266847E-05   -3.400627E-07
   -1.293672E+00   -1.270773E-05   -3.331665E-07
   -1.292191E+00   -1.274663E-05   -3.267173E-07
   -1.290711E+00   -1.278637E-05   -3.215552E-07
   -1.289231E+00   -1.282712E-05   -3.169652E-07
   -1.287751E+00   -1.287032E-05   -3.129204E-07
   -1.286271E+00   -1.291456E-05   -3.087260E-07
   -1.284791E+00   -1.295987E-05   -3.034326E-07
   -1.283310E+00   -1.300503E-05   -2.973501E-07
   -1.281830E+00   -1.304862E-05   -2.897073E-07
   -1.280350E+00   -1.309106E-05   -2.815528E-07
   -1.278870E+00   -1.313127E-05   -2.732946E-07
   -1.277390E+00   -1.317083E-05   -2.655132E-07
   -1.275910E+00   -1.321064E-05   -2.595988E-07
   -1.274429E+00   -1.325149E-05   -2.548811E-07
   -1.272949E+00   -1.329598E-05   -2.525521E-07
   -1.271469E+00   -1.334274E-05   -2.511472E-07
   -1.269989E+00   -1.339404E-05   -2.506545E-07
   -1.268509E+00   -1.344715E-05   -2.500803E-07
   -1.267029E+00   -1.350224E-05   -2.484311E-07
   -1.265548E+00   -1.355739E-05   -2.459976E-07
   -1.264068E+00   -1.361102E-05   -2.420547E-07
   -1.262588E+00   -1.366340E-05   -2.376509E-07
   -1.261108E+00   -1.371319E-05   -2.332748E-07
   -1.259628E+00   -1.376208E-05   -2.294419E-07
   -1.258147E+00   -1.381053E-05   -2.275901E-07
   -1.256667E+00   -1.385955E-05   -2.269800E-07
   -1.255187E+00   -1.391091E-05   -2.288310E-07
   -1.253707E+00   -1.396369E-05   -2.316399E-07
   -1.252227E+00   -1.401897E-05   -2.354359E-07
   -1.250747E+00   -1.407492E-05   -2.391939E-07
   -1.249266E+00   -1.413061E-05   -2.419614E-07
   -1.247786E+00   -1.418538E-05   -2.439668E-07
   -1.246306E+00   -1.423728E-05   -2.444015E-07
   -1.244826E+00   -1.428765E-05   -2.442513E-07
   -1.243346E+00   -1.433580E-05   -2.436121E-07
   -1.241866E+00   -1.438365E-05   -2.430904E-07
   -1.240385E+00   -1.443291E-05   -2.433277E-07
   -1.238905E+00   -1.448380E-05   -2.440126E-07
   -1.237425E+00   -1.453909E-05   -2.452605E-07
   -1.235945E+00   -1.459666E-05   -2.464186E-07
   -1.234465E+00   -1.465780E-05   -2.464403E-07
   -1.232985E+00   -1.471983E-05   -2.454506E-07
   -1.231504E+00   -1.478147E-05   -2.419095E-07
   -1.230024E+00   -1.484192E-05   -2.371055E-07
   -1.228544E+00   -1.489883E-05   -2.303925E-07
   -1.227064E+00   -1.495390E-05   -2.232651E-07
   -1.225584E+00   -1.500629E-05   -2.165989E-07
   -1.224103E+00   -1.505823E-05   -2.107603E-07
   -1.222623E+00   -1.511136E-05   -2.073926E-07
   -1.221143E+00   -1.516598E-05   -2.053852E-07
   -1.219663E+00   -1.522451E-05   -2.057360E-07
   -1.218183E+00   -1.528490E-05   -2.068377E-07
   -1.216703E+00   -1.534780E-05   -2.083471E-07
   -1.215222E+00   -1.541096E-05   -2.095556E-07
   -1.213742E+00   -1.547246E-05   -2.095252E-07
   -1.212262E+00   -1.553226E-05   -2.088231E-07
   -1.210782E+00   -1.558790E-05   -2.071916E-07
   -1.209302E+00   -1.564167E-05   -2.054764E-07
   -1.207822E+00   -1.569329E-05   -2.044340E-07
   -1.206341E+00   -1.574501E-05   -2.040431E-07
   -1.204861E+00   -1.579938E-05   -2.051405E-07
   -1.203381E+00   -1.585606E-05   -2.067931E-07
   -1.201901E+00   -1.591824E-05   -2.086504E-07
   -1.200421E+00   -1.598295E-05   -2.099928E-07
   -1.198941E+00   -1.605102E-05   -2.090644E-07
   -1.197460E+00   -1.611953E-05   -2.065579E-07
   -1.195980E+00   -1.618624E-05   -2.006544E-07
   -1.194500E+00   -1.625101E-05   -1.933169E-07
   -1.193020E+00   -1.631092E-05   -1.843341E-07
   -1.191540E+00   -1.636862E-05   -1.753600E-07
   -1.190060E+00   -1.642359E-05   -1.681458E-07
   -1.188579E+00   -1.647846E-05   -1.625317E-07
   -1.187099E+00   -1.653577E-05   -1.609409E-07
   -1.185619E+00   -1.659532E-05   -1.613756E-07
   -1.184139E+00   -1.666019E-05   -1.651072E-07
   -1.182659E+00   -1.672746E-05   -1.698265E-07
   -1.181178E+00   -1.679772E-05   -1.750012E-07
   -1.179698E+00   -1.686822E-05   -1.797549E-07
   -1.178218E+00   -1.693666E-05   -1.829363E-07
   -1.176738E+00   -1.700316E-05   -1.853336E-07
   -1.175258E+00   -1.706519E-05   -1.868492E-07
   -1.173778E+00   -1.712542E-05   -1.884860E-07
   -1.172297E+00   -1.718409E-05   -1.915639E-07
   -1.170817E+00   -1.724331E-05   -1.958064E-07
   -1.169337E+00   -1.730617E-05   -2.026428E-07
   -1.167857E+00   -1.737168E-05   -2.105191E-07
   -1.166377E+00   -1.744270E-05   -2.192440E-07
   -1.164897E+00   -1.751582E-05   -2.275591E-07
   -1.163416E+00   -1.759061E-05   -2.333843E-07
   -1.161936E+00   -1.766466E-05   -2.373596E-07
   -1.160456E+00   -1.773442E-05   -2.372285E-07
   -1.158976E+00   -1.780114E-05   -2.353022E-07
   -1.157496E+00   -1.786167E-05   -2.310866E-07
   -1.156016E+00   -1.791989E-05   -2.265970E-07
   -1.154535E+00   -1.797644E-05   -2.232874E-07
   -1.153055E+00   -1.803394E-05   -2.212018E-07
   -1.151575E+00   -1.809661E-05   -2.220436E-07
   -1.150095E+00   -1.816290E-05   -2.241323E-07
   -1.148615E+00   -1.823680E-05   -2.274926E-07
   -1.147134E+00   -1.831376E-05   -2.306593E-07
   -1.145654E+00   -1.839394E-05   -2.318298E-07
   -1.144174E+00   -1.847398E-05   -2.314592E-07
   -1.142694E+00   -1.855051E-05   -2.277578E-07
   -1.141214E+00   -1.862433E-05   -2.227185E-07
   -1.139734E+00   -1.869250E-05   -2.163690E-07
   -1.138253E+00   -1.875869E-05   -2.102120E-07
   -1.136773E+00   -1.882395E-05   -2.059978E-07
   -1.135293E+00   -1.889051E-05   -2.032470E-07
   -1.133813E+00   -1.896279E-05   -2.035339E-07
   -1.132333E+00   -1.903879E-05   -2.049191E-07
   -1.130853E+00   -1.912203E-05   -2.068942E-07
   -1.129372E+00   -1.920787E-05   -2.081887E-07
   -1.127892E+00   -1.929540E-05   -2.063782E-07
   -1.126412E+00   -1.938182E-05   -2.025064E-07
   -1.124932E+00   -1.946266E-05   -1.945472E-07
   -1.123452E+00   -1.953983E-05   -1.851071E-07
   -1.121972E+00   -1.960988E-05   -1.746691E-07
   -1.120491E+00   -1.967752E-05   -1.648992E-07
   -1.119011E+00   -1.974416E-05   -1.586100E-07
   -1.117531E+00   -1.981242E-05   -1.547786E-07
   -1.116051E+00   -1.988752E-05   -1.562287E-07
   -1.114571E+00   -1.996702E-05   -1.599184E-07
   -1.113090E+00   -2.005504E-05   -1.663214E-07
   -1.111610E+00   -2.014609E-05   -1.729523E-07
   -1.110130E+00   -2.023924E-05   -1.779076E-07
   -1.108650E+00   -2.033121E-05   -1.813129E-07
   -1.107170E+00   -2.041714E-05   -1.812748E-07
   -1.105690E+00   -2.049912E-05   -1.799174E-07
   -1.104209E+00   -2.057365E-05   -1.776331E-07
   -1.102729E+00   -2.064583E-05   -1.759591E-07
   -1.101249E+00   -2.071764E-05   -1.775106E-07
   -1.099769E+00   -2.079160E-05   -1.813319E-07
   -1.098289E+00   -2.087372E-05   -1.899285E-07
   -1.096809E+00   -2.096083E-05   -2.004315E-07
   -1.095328E+00   -2.105724E-05   -2.127906E-07
   -1.093848E+00   -2.115676E-05   -2.248493E-07
   -1.092368E+00   -2.125777E-05   -2.340014E-07
   -1.090888E+00   -2.135698E-05   -2.409315E-07
   -1.089408E+00   -2.144849E-05   -2.430455E-07
   -1.087928E+00   -2.153517E-05   -2.431853E-07
   -1.086447E+00   -2.161296E-05   -2.412289E-07
   -1.084967E+00   -2.168800E-05   -2.393921E-07
   -1.083487E+00   -2.176260E-05   -2.399948E-07
   -1.082007E+00   -2.183973E-05   -2.425532E-07
   -1.080527E+00   -2.192631E-05   -2.493447E-07
   -1.079046E+00   -2.201869E-05   -2.577720E-07
   -1.077566E+00   -2.212187E-05   -2.674487E-07
   -1.076086E+00   -2.222868E-05   -2.764760E-07
   -1.074606E+00   -2.233743E-05   -2.818377E-07
   -1.073126E+00   -2.244427E-05   -2.846056E-07
   -1.071646E+00   -2.254275E-05   -2.819348E-07
   -1.070165E+00   -2.263600E-05   -2.770899E-07
   -1.068685E+00   -2.271971E-05   -2.700482E-07
   -1.067205E+00   -2.280057E-05   -2.632405E-07
   -1.065725E+00   -2.288137E-05   -2.594066E-07
   -1.064245E+00   -2.296513E-05   -2.579109E-07
   -1.062765E+00   -2.305942E-05   -2.615357E-07
   -1.061284E+00   -2.315998E-05   -2.672440E-07
   -1.059804E+00   -2.327176E-05   -2.750160E-07
   -1.058324E+00   -2.338703E-05   -2.824869E-07
   -1.056844E+00   -2.350317E-05   -2.868931E-07
   -1.055364E+00   -2.361659E-05   -2.889926E-07
   -1.053884E+00   -2.371989E-05   -2.862863E-07
   -1.052403E+00   -2.381724E-05   -2.817883E-07
   -1.050923E+00   -2.390453E-05   -2.760211E-07
   -1.049443E+00   -2.398931E-05   -2.710210E-07
   -1.047963E+00   -2.407606E-05   -2.701160E-07
   -1.046483E+00   -2.416736E-05   -2.720714E-07
   -1.045003E+00   -2.427310E-05   -2.799530E-07
   -1.043522E+00   -2.438711E-05   -2.901232E-07
   -1.042042E+00   -2.451575E-05   -3.022567E-07
   -1.040562E+00   -2.464902E-05   -3.137635E-07
   -1.039082E+00   -2.478394E-05   -3.210563E-07
   -1.037602E+00   -2.491579E-05   -3.252894E-07
   -1.036121E+00   -2.503558E-05   -3.230572E-07
   -1.034641E+00   -2.514812E-05   -3.182394E-07
   -1.033161E+00   -2.524801E-05   -3.108383E-07
   -1.031681E+00   -2.534438E-05   -3.037519E-07
   -1.030201E+00   -2.544166E-05   -3.003025E-07
   -1.028721E+00   -2.554349E-05   -2.996697E-07
   -1.027240E+00   -2.566054E-05   -3.050690E-07
   -1.025760E+00   -2.578636E-05   -3.127889E-07
   -1.024280E+00   -2.592753E-05   -3.222642E-07
   -1.022800E+00   -2.607325E-05   -3.307960E-07
   -1.021320E+00   -2.621936E-05   -3.340238E-07
   -1.019840E+00   -2.636123E-05   -3.334695E-07
   -1.018359E+00   -2.648807E-05   -3.248576E-07
   -1.016879E+00   -2.660619E-05   -3.129165E-07
   -1.015399E+00   -2.670937E-05   -2.972463E-07
   -1.013919E+00   -2.680856E-05   -2.815731E-07
   -1.012439E+00   -2.690933E-05   -2.694803E-07
   -1.010959E+00   -2.701574E-05   -2.604468E-07
   -1.009478E+00   -2.714060E-05   -2.583450E-07
   -1.007998E+00   -2.727603E-05   -2.591300E-07
   -1.006518E+00   -2.742985E-05   -2.628465E-07
   -1.005038E+00   -2.758915E-05   -2.661533E-07
   -1.003558E+00   -2.774906E-05   -2.650301E-07
   -1.002077E+00   -2.790408E-05   -2.604599E-07
   -1.000597E+00   -2.804166E-05   -2.483472E-07
   -9.991171E-01   -2.816915E-05   -2.331284E-07
   -9.976369E-01   -2.827954E-05   -2.146512E-07
   -9.961568E-01   -2.838550E-05   -1.964564E-07
   -9.946766E-01   -2.849382E-05   -1.825492E-07
   -9.931964E-01   -2.860893E-05   -1.721102E-07
   -9.917163E-01   -2.874577E-05   -1.694384E-07
   -9.902361E-01   -2.889479E-05   -1.700071E-07
   -9.887559E-01   -2.906447E-05   -1.739282E-07
   -9.872757E-01   -2.923981E-05   -1.774497E-07
   -9.857956E-01   -2.941396E-05   -1.761399E-07
   -9.843154E-01   -2.958128E-05   -1.710197E-07
   -9.828352E-01   -2.972603E-05   -1.575039E-07
   -9.813550E-01   -2.985809E-05   -1.405187E-07
   -9.798749E-01   -2.996904E-05   -1.199249E-07
   -9.783947E-01   -3.007468E-05   -9.971854E-08
   -9.769145E-01   -3.018375E-05   -8.463754E-08
   -9.754343E-01   -3.030149E-05   -7.371970E-08
   -9.739542E-01   -3.044652E-05   -7.229096E-08
   -9.724740E-01   -3.060680E-05   -7.496577E-08
   -9.709938E-01   -3.079287E-05   -8.236423E-08
   -9.695137E-01   -3.098610E-05   -8.972255E-08
   -9.680335E-01   -3.117826E-05   -9.216342E-08
   -9.665533E-01   -3.136229E-05   -9.036526E-08
   -9.650731E-01   -3.151932E-05   -7.875151E-08
   -9.635930E-01   -3.166122E-05   -6.284152E-08
   -9.621128E-01   -3.177832E-05   -4.180451E-08
   -9.606326E-01   -3.188950E-05   -2.062836E-08
   -9.591524E-01   -3.200600E-05   -4.212821E-09
   -9.576723E-01   -3.213354E-05    7.844864E-09
   -9.561921E-01   -3.229487E-05    9.382888E-09
   -9.547119E-01   -3.247471E-05    6.119261E-09
   -9.532317E-01   -3.268505E-05   -3.251641E-09
   -9.517516E-01   -3.290324E-05   -1.307359E-08
   -9.502714E-01   -3.311776E-05   -1.825663E-08
   -9.487912E-01   -3.332109E-05   -1.891459E-08
   -9.473110E-01   -3.348915E-05   -8.366220E-09
   -9.458309E-01   -3.363799E-05    7.488516E-09
   -9.443507E-01   -3.375619E-05    3.082602E-08
   -9.428705E-01   -3.386765E-05    5.548243E-08
   -9.413904E-01   -3.398778E-05    7.744568E-08
   -9.399102E-01   -3.412287E-05    9.584474E-08
   -9.384300E-01   -3.430226E-05    1.048059E-07
   -9.369498E-01   -3.450541E-05    1.093287E-07
   -9.354697E-01   -3.474674E-05    1.083991E-07
   -9.339895E-01   -3.499724E-05    1.074699E-07
   -9.325093E-01   -3.524075E-05    1.125764E-07
   -9.310291E-01   -3.546876E-05    1.231966E-07
   -9.295490E-01   -3.564988E-05    1.474822E-07
   -9.280688E-01   -3.580607E-05    1.784189E-07
   -9.265886E-01   -3.592389E-05    2.194224E-07
   -9.251084E-01   -3.603424E-05    2.628138E-07
   -9.236283E-01   -3.615911E-05    3.049364E-07
   -9.221481E-01   -3.630497E-05    3.437852E-07
   -9.206679E-01   -3.651049E-05    3.729898E-07
   -9.191878E-01   -3.674703E-05    3.973825E-07
   -9.177076E-01   -3.703111E-05    4.154181E-07
   -9.162274E-01   -3.732489E-05    4.331304E-07
   -9.147472E-01   -3.760337E-05    4.568095E-07
   -9.132671E-01   -3.785833E-05    4.863256E-07
   -9.117869E-01   -3.804649E-05    5.307983E-07
   -9.103067E-01   -3.820061E-05    5.827726E-07
   -9.088265E-01   -3.830532E-05    6.466088E-07
   -9.073464E-01   -3.840268E-05    7.136245E-07
   -9.058662E-01   -3.852729E-05    7.805249E-07
   -9.043860E-01   -3.868444E-05    8.444838E-07
   -9.029058E-01   -3.892941E-05    8.991160E-07
   -9.014257E-01   -3.921835E-05    9.490968E-07
   -8.999455E-01   -3.957126E-05    9.935393E-07
   -8.984653E-01   -3.993471E-05    1.038573E-06
   -8.969851E-01   -4.026825E-05    1.092787E-06
   -8.955050E-01   -4.056433E-05    1.155201E-06
   -8.940248E-01   -4.075967E-05    1.238645E-06
   -8.925446E-01   -4.090580E-05    1.333112E-06
   -8.910645E-01   -4.098542E-05    1.446946E-06
   -8.895843E-01   -4.105921E-05    1.567699E-06
   -8.881041E-01   -4.118530E-05    1.695400E-06
   -8.866239E-01   -4.136528E-05    1.823390E-06
   -8.851438E-01   -4.168350E-05    1.947965E-06
   -8.836636E-01   -4.206815E-05    2.070727E-06
   -8.821834E-01   -4.254304E-05    2.193898E-06
   -8.807032E-01   -4.302771E-05    2.321040E-06
   -8.792231E-01   -4.345129E-05    2.465338E-06
   -8.777429E-01   -4.381030E-05    2.622488E-06
   -8.762627E-01   -4.400592E-05    2.811119E-06
   -8.747825E-01   -4.412639E-05    3.016362E-06
   -8.733024E-01   -4.415834E-05    3.252425E-06
   -8.718222E-01   -4.419507E-05    3.501102E-06
   -8.703420E-01   -4.435170E-05    3.768004E-06
   -8.688619E-01   -4.461450E-05    4.040915E-06
   -8.673817E-01   -4.513618E-05    4.322655E-06
   -8.659015E-01   -4.577869E-05    4.609568E-06
   -8.644213E-01   -4.658063E-05    4.913625E-06
   -8.629412E-01   -4.739742E-05    5.231862E-06
   -8.614610E-01   -4.809988E-05    5.591886E-06
   -8.599808E-01   -4.868672E-05    5.979191E-06
   -8.585006E-01   -4.899115E-05    6.430551E-06
   -8.570205E-01   -4.917403E-05    6.916273E-06
   -8.555403E-01   -4.924551E-05    7.470493E-06
   -8.540601E-01   -4.936139E-05    8.057091E-06
   -8.525799E-01   -4.978817E-05    8.703638E-06
   -8.510998E-01   -5.046317E-05    9.378739E-06
   -8.496196E-01   -5.172834E-05    1.011305E-05
   -8.481394E-01   -5.327173E-05    1.088159E-05
   -8.466592E-01   -5.520760E-05    1.173561E-05
   -8.451791E-01   -5.721029E-05    1.264413E-05
   -8.436989E-01   -5.906191E-05    1.368858E-05
   -8.422187E-01   -6.072672E-05    1.481416E-05
   -8.407386E-01   -6.194236E-05    1.612406E-05
   -8.392584E-01   -6.299795E-05    1.753403E-05
   -8.377782E-01   -6.407715E-05    1.915405E-05
   -8.362980E-01   -6.542370E-05    2.088246E-05
   -8.348179E-01   -6.788331E-05    2.283604E-05
   -8.333377E-01   -7.115634E-05    2.491022E-05
   -8.318575E-01   -7.637464E-05    2.725508E-05
   -8.303773E-01   -8.258202E-05    2.975896E-05
   -8.288972E-01   -9.049965E-05    3.264758E-05
   -8.274170E-01   -9.902782E-05    3.577049E-05
   -8.259368E-01   -1.082379E-04    3.945759E-05
   -8.244566E-01   -1.176114E-04    4.347689E-05
   -8.229765E-01   -1.273880E-04    4.825873E-05
   -8.214963E-01   -1.377177E-04    5.346812E-05
   -8.200161E-01   -1.505708E-04    5.962084E-05
   -8.185360E-01   -1.657195E-04    6.629097E-05
   -8.170558E-01   -1.879610E-04    7.410427E-05
   -8.155756E-01   -2.150532E-04    8.256114E-05
   -8.140954E-01   -2.542093E-04    9.250509E-05
   -8.126153E-01   -3.003264E-04    1.033293E-04
   -8.111351E-01   -3.616806E-04    1.162702E-04
   -8.096549E-01   -4.311796E-04    1.304880E-04
   -8.081747E-01   -5.183991E-04    1.477625E-04
   -8.066946E-01   -6.158613E-04    1.668365E-04
   -8.052144E-01   -7.390389E-04    1.900568E-04
   -8.037342E-01   -8.794597E-04    2.156071E-04
   -8.022540E-01   -1.067422E-03    2.462610E-04
   -8.007739E-01   -1.287888E-03    2.796369E-04
   -7.992937E-01   -1.594537E-03    3.186717E-04
   -7.978135E-01   -1.955928E-03    3.605717E-04
   -7.963334E-01   -2.449888E-03    4.081071E-04
   -7.948532E-01   -3.020186E-03    4.583059E-04
   -7.933730E-01   -3.757584E-03    5.132219E-04
   -7.918928E-01   -4.581835E-03    5.699809E-04
   -7.904127E-01   -5.577400E-03    6.288535E-04
   -7.889325E-01   -6.652888E-03    6.877029E-04
   -7.874523E-01   -7.868580E-03    7.438563E-04
   -7.859721E-01   -9.141233E-03    7.972349E-04
   -7.844920E-01   -1.049664E-02    8.424526E-04
   -7.830118E-01   -1.187622E-02    8.826586E-04
   -7.815316E-01   -1.326801E-02    9.121495E-04
   -7.800514E-01   -1.464769E-02    9.366246E-04
   -7.785713E-01   -1.596818E-02    9.530498E-04
   -7.770911E-01   -1.724342E-02    9.669260E-04
   -7.756109E-01   -1.840325E-02    9.791559E-04
   -7.741307E-01   -1.949764E-02    9.922983E-04
   -7.726506E-01   -2.045801E-02    1.010377E-03
   -7.711704E-01   -2.135696E-02    1.032182E-03
   -7.696902E-01   -2.215941E-02    1.063273E-03
   -7.682101E-01   -2.293394E-02    1.099589E-03
   -7.667299E-01   -2.370518E-02    1.146932E-03
   -7.652497E-01   -2.450498E-02    1.199844E-03
   -7.637695E-01   -2.542515E-02    1.263650E-03
   -7.622894E-01   -2.643555E-02    1.332634E-03
   -7.608092E-01   -2.767729E-02    1.411116E-03
   -7.593290E-01   -2.905261E-02    1.493675E-03
   -7.578488E-01   -3.071126E-02    1.582323E-03
   -7.563687E-01   -3.250833E-02    1.672504E-03
   -7.548885E-01   -3.455235E-02    1.761703E-03
   -7.534083E-01   -3.669417E-02    1.847962E-03
   -7.519281E-01   -3.896265E-02    1.923088E-03
   -7.504480E-01   -4.125400E-02    1.990199E-03
   -7.489678E-01   -4.350414E-02    2.037513E-03
   -7.474876E-01   -4.568982E-02    2.073916E-03
   -7.460075E-01   -4.766193E-02    2.088503E-03
   -7.445273E-01   -4.948747E-02    2.093157E-03
   -7.430471E-01   -5.094588E-02    2.081392E-03
   -7.415669E-01   -5.218638E-02    2.063551E-03
   -7.400868E-01   -5.292757E-02    2.037905E-03
   -7.386066E-01   -5.339024E-02    2.010234E-03
   -7.371264E-01   -5.324562E-02    1.981168E-03
   -7.356462E-01   -5.277713E-02    1.952024E-03
   -7.341661E-01   -5.163276E-02    1.922446E-03
   -7.326859E-01   -5.014356E-02    1.891802E-03
   -7.312057E-01   -4.796659E-02    1.856189E-03
   -7.297255E-01   -4.545479E-02    1.816323E-03
   -7.282454E-01   -4.230809E-02    1.764288E-03
   -7.267652E-01   -3.886996E-02    1.704583E-03
   -7.252850E-01   -3.491935E-02    1.627443E-03
   -7.238048E-01   -3.075743E-02    1.541304E-03
   -7.223247E-01   -2.628249E-02    1.438368E-03
   -7.208445E-01   -2.171486E-02    1.328490E-03
   -7.193643E-01   -1.710279E-02    1.209045E-03
   -7.178842E-01   -1.254170E-02    1.087423E-03
   -7.164040E-01   -8.224080E-03    9.669402E-04
   -7.149238E-01   -4.090828E-03    8.496234E-04
   -7.134436E-01   -4.251564E-04    7.430642E-04
   -7.119635E-01    2.974071E-03    6.435730E-04
   -7.104833E-01    5.811374E-03    5.604613E-04
   -7.090031E-01    8.370354E-03    4.861310E-04
   -7.075229E-01    1.040628E-02    4.296644E-04
   -7.060428E-01    1.220733E-02    3.819497E-04
   -7.045626E-01    1.360199E-02    3.509275E-04
   -7.030824E-01    1.482568E-02    3.277013E-04
   -7.016022E-01    1.576572E-02    3.187786E-04
   -7.001221E-01    1.658752E-02    3.162901E-04
   -6.986419E-01    1.720672E-02    3.250908E-04
   -6.971617E-01    1.773506E-02    3.386673E-04
   -6.956816E-01    1.809190E-02    3.598919E-04
   -6.942014E-01    1.836479E-02    3.839079E-04
   -6.927212E-01    1.847122E-02    4.112916E-04
   -6.912410E-01    1.849626E-02    4.391831E-04
   -6.897609E-01    1.836752E-02    4.656191E-04
   -6.882807E-01    1.816980E-02    4.900570E-04
   -6.868005E-01    1.785633E-02    5.080104E-04
   -6.853203E-01    1.749834E-02    5.216153E-04
   -6.838402E-01    1.707983E-02    5.249009E-04
   -6.823600E-01    1.664487E-02    5.226804E-04
   -6.808798E-01    1.620168E-02    5.099439E-04
   -6.793996E-01    1.576476E-02    4.928276E-04
   -6.779195E-01    1.535725E-02    4.697869E-04
   -6.764393E-01    1.497127E-02    4.455323E-04
   -6.749591E-01    1.463959E-02    4.224430E-04
   -6.734789E-01    1.433975E-02    4.014967E-04
   -6.719988E-01    1.411104E-02    3.870482E-04
   -6.705186E-01    1.392025E-02    3.763996E-04
   -6.690384E-01    1.380599E-02    3.734073E-04
   -6.675583E-01    1.372755E-02    3.738969E-04
   -6.660781E-01    1.370895E-02    3.803479E-04
   -6.645979E-01    1.371056E-02    3.893592E-04
   -6.631177E-01    1.372556E-02    4.031999E-04
   -6.616376E-01    1.373045E-02    4.196897E-04
   -6.601574E-01    1.367678E-02    4.426745E-04
   -6.586772E-01    1.357348E-02    4.697196E-04
   -6.571970E-01    1.333050E-02    5.064014E-04
   -6.557169E-01    1.299898E-02    5.482655E-04
   -6.542367E-01    1.245843E-02    5.997907E-04
   -6.527565E-01    1.180128E-02    6.548912E-04
   -6.512763E-01    1.089653E-02    7.129457E-04
   -6.497962E-01    9.866667E-03    7.699026E-04
   -6.483160E-01    8.597495E-03    8.198144E-04
   -6.468358E-01    7.221763E-03    8.646454E-04
   -6.453557E-01    5.675501E-03    8.990350E-04
   -6.438755E-01    4.073545E-03    9.296248E-04
   -6.423953E-01    2.434409E-03    9.577954E-04
   -6.409151E-01    8.194992E-04    9.876659E-04
   -6.394350E-01   -6.559555E-04    1.025320E-03
   -6.379548E-01   -2.017597E-03    1.067490E-03
   -6.364746E-01   -3.075802E-03    1.116149E-03
   -6.349944E-01   -3.955347E-03    1.165224E-03
   -6.335143E-01   -4.453750E-03    1.208223E-03
   -6.320341E-01   -4.767386E-03    1.245341E-03
   -6.305539E-01   -4.760297E-03    1.268532E-03
   -6.290737E-01   -4.634819E-03    1.286166E-03
   -6.275936E-01   -4.386088E-03    1.300657E-03
   -6.261134E-01   -4.143116E-03    1.319592E-03
   -6.246332E-01   -4.057353E-03    1.361442E-03
   -6.231530E-01   -4.122714E-03    1.421530E-03
   -6.216729E-01   -4.622535E-03    1.528947E-03
   -6.201927E-01   -5.393270E-03    1.663321E-03
   -6.187125E-01   -6.777446E-03    1.853293E-03
   -6.172324E-01   -8.482040E-03    2.069546E-03
   -6.157522E-01   -1.080609E-02    2.331340E-03
   -6.142720E-01   -1.340515E-02    2.610875E-03
   -6.127918E-01   -1.644334E-02    2.913749E-03
   -6.113117E-01   -1.963103E-02    3.221652E-03
   -6.098315E-01   -2.296446E-02    3.526263E-03
   -6.083513E-01   -2.629637E-02    3.823157E-03
   -6.068711E-01   -2.949670E-02    4.095084E-03
   -6.053910E-01   -3.258266E-02    4.351698E-03
   -6.039108E-01   -3.537875E-02    4.576643E-03
   -6.024306E-01   -3.801592E-02    4.787504E-03
   -6.009504E-01   -4.033121E-02    4.977360E-03
   -5.994703E-01   -4.248874E-02    5.161386E-03
   -5.979901E-01   -4.433241E-02    5.343597E-03
   -5.965099E-01   -4.601075E-02    5.529295E-03
   -5.950298E-01   -4.731357E-02    5.728420E-03
   -5.935496E-01   -4.839014E-02    5.935806E-03
   -5.920694E-01   -4.890737E-02    6.158550E-03
   -5.905892E-01   -4.908090E-02    6.385856E-03
   -5.891091E-01   -4.843132E-02    6.610412E-03
   -5.876289E-01   -4.730709E-02    6.824828E-03
   -5.861487E-01   -4.513553E-02    6.996763E-03
   -5.846685E-01   -4.241418E-02    7.135186E-03
   -5.831884E-01   -3.860113E-02    7.183441E-03
   -5.817082E-01   -3.428052E-02    7.178124E-03
   -5.802280E-01   -2.909124E-02    7.059786E-03
   -5.787478E-01   -2.357208E-02    6.889459E-03
   -5.772677E-01   -1.764903E-02    6.640517E-03
   -5.757875E-01   -1.166448E-02    6.372129E-03
   -5.743073E-01   -5.837518E-03    6.113500E-03
   -5.728271E-01   -2.169067E-04    5.884543E-03
   -5.713470E-01    4.782147E-03    5.756588E-03
   -5.698668E-01    9.395931E-03    5.692155E-03
   -5.683866E-01    1.315460E-02    5.760325E-03
   -5.669065E-01    1.647342E-02    5.886675E-03
   -5.654263E-01    1.893634E-02    6.093271E-03
   -5.639461E-01    2.099938E-02    6.314026E-03
   -5.624659E-01    2.233423E-02    6.500206E-03
   -5.609858E-01    2.334099E-02    6.634543E-03
   -5.595056E-01    2.375317E-02    6.594242E-03
   -5.580254E-01    2.389075E-02    6.432438E-03
   -5.565452E-01    2.350758E-02    5.966981E-03
   -5.550651E-01    2.287143E-02    5.326295E-03
   -5.535849E-01    2.173684E-02    4.308828E-03
   -5.521047E-01    2.035711E-02    3.102946E-03
   -5.506245E-01    1.850425E-02    1.549513E-03
   -5.491444E-01    1.643150E-02   -1.490985E-04
   -5.476642E-01    1.397358E-02   -2.059648E-03
   -5.461840E-01    1.136178E-02   -4.031953E-03
   -5.447039E-01    8.540005E-03   -6.042811E-03
   -5.432237E-01    5.669034E-03   -8.038411E-03
   -5.417435E-01    2.815502E-03   -9.958496E-03
   -5.402633E-01    2.530318E-05   -1.183130E-02
   -5.387832E-01   -2.545437E-03   -1.361205E-02
   -5.373030E-01   -4.971606E-03   -1.535439E-02
   -5.358228E-01   -7.064257E-03   -1.703790E-02
   -5.343426E-01   -8.979372E-03   -1.869840E-02
   -5.328625E-01   -1.053459E-02   -2.031655E-02
   -5.313823E-01   -1.191192E-02   -2.191087E-02
   -5.299021E-01   -1.293942E-02   -2.344585E-02
   -5.284219E-01   -1.379351E-02   -2.494344E-02
   -5.269418E-01   -1.429971E-02   -2.634744E-02
   -5.254616E-01   -1.463048E-02   -2.769234E-02
   -5.239814E-01   -1.461020E-02   -2.888444E-02
   -5.225013E-01   -1.441846E-02   -2.997611E-02
   -5.210211E-01   -1.390494E-02   -3.080577E-02
   -5.195409E-01   -1.324899E-02   -3.147031E-02
   -5.180607E-01   -1.236088E-02   -3.174094E-02
   -5.165806E-01   -1.138968E-02   -3.179228E-02
   -5.151004E-01   -1.032689E-02   -3.139261E-02
   -5.136202E-01   -9.257061E-03   -3.078080E-02
   -5.121400E-01   -8.247251E-03   -2.980816E-02
   -5.106599E-01   -7.299858E-03   -2.869915E-02
   -5.091797E-01   -6.527577E-03   -2.741109E-02
   -5.076995E-01   -5.858703E-03   -2.607285E-02
   -5.062193E-01   -5.407363E-03   -2.468174E-02
   -5.047392E-01   -5.059493E-03   -2.326868E-02
   -5.032590E-01   -4.888823E-03   -2.178549E-02
   -5.017788E-01   -4.784662E-03   -2.024288E-02
   -5.002986E-01   -4.761774E-03   -1.852847E-02
   -4.988185E-01   -4.753934E-03   -1.670919E-02
   -4.973383E-01   -4.733589E-03   -1.467329E-02
   -4.958581E-01   -4.693204E-03   -1.254588E-02
   -4.943780E-01   -4.603811E-03   -1.031132E-02
   -4.928978E-01   -4.494794E-03   -8.079011E-03
   -4.914176E-01   -4.371371E-03   -5.985095E-03
   -4.899374E-01   -4.257339E-03   -4.029141E-03
   -4.884573E-01   -4.194730E-03   -2.469387E-03
   -4.869771E-01   -4.168945E-03   -1.149415E-03
   -4.854969E-01   -4.218923E-03   -3.404389E-04
   -4.840167E-01   -4.293532E-03    2.271329E-04
   -4.825366E-01   -4.355846E-03    3.988064E-04
   -4.810564E-01   -4.361859E-03    4.408489E-04
   -4.795762E-01   -4.115953E-03    3.948353E-04
   -4.780960E-01   -3.656760E-03    3.983750E-04
   -4.766159E-01   -2.569060E-03    6.846843E-04
   -4.751357E-01   -1.058741E-03    1.193260E-03
   -4.736555E-01    1.511846E-03    2.269947E-03
   -4.721754E-01    4.709554E-03    3.666612E-03
   -4.706952E-01    9.314072E-03    5.713321E-03
   -4.692150E-01    1.466818E-02    8.056728E-03
   -4.677348E-01    2.153918E-02    1.087230E-02
   -4.662547E-01    2.913647E-02    1.383666E-02
   -4.647745E-01    3.804140E-02    1.689134E-02
   -4.632943E-01    4.749289E-02    1.988541E-02
   -4.618141E-01    5.777306E-02    2.257352E-02
   -4.603340E-01    6.832335E-02    2.504340E-02
   -4.588538E-01    7.912981E-02    2.701793E-02
   -4.573736E-01    8.993792E-02    2.875290E-02
   -4.558934E-01    1.005485E-01    3.008901E-02
   -4.544133E-01    1.109918E-01    3.128678E-02
   -4.529331E-01    1.210292E-01    3.234405E-02
   -4.514529E-01    1.308561E-01    3.339228E-02
   -4.499727E-01    1.402882E-01    3.450831E-02
   -4.484926E-01    1.495464E-01    3.567555E-02
   -4.470124E-01    1.585049E-01    3.692388E-02
   -4.455322E-01    1.673311E-01    3.817709E-02
   -4.440521E-01    1.759051E-01    3.933514E-02
   -4.425719E-01    1.843472E-01    4.038892E-02
   -4.410917E-01    1.924941E-01    4.114187E-02
   -4.396115E-01    2.004717E-01    4.172304E-02
   -4.381314E-01    2.080644E-01    4.198798E-02
   -4.366512E-01    2.154446E-01    4.214698E-02
   -4.351710E-01    2.223729E-01    4.226667E-02
   -4.336908E-01    2.290706E-01    4.247512E-02
   -4.322107E-01    2.353176E-01    4.308839E-02
   -4.307305E-01    2.413540E-01    4.400432E-02
   -4.292503E-01    2.470140E-01    4.566624E-02
   -4.277701E-01    2.525121E-01    4.773011E-02
   -4.262900E-01    2.577382E-01    5.056389E-02
   -4.248098E-01    2.628478E-01    5.372204E-02
   -4.233296E-01    2.677417E-01    5.733668E-02
   -4.218495E-01    2.725221E-01    6.105938E-02
   -4.203693E-01    2.770352E-01    6.473434E-02
   -4.188891E-01    2.813835E-01    6.825336E-02
   -4.174089E-01    2.853305E-01    7.121629E-02
   -4.159288E-01    2.890448E-01    7.379761E-02
   -4.144486E-01    2.922540E-01    7.545983E-02
   -4.129684E-01    2.952092E-01    7.661498E-02
   -4.114882E-01    2.976950E-01    7.672400E-02
   -4.100081E-01    2.999845E-01    7.632189E-02
   -4.085279E-01    3.019851E-01    7.496146E-02
   -4.070477E-01    3.038984E-01    7.316449E-02
   -4.055675E-01    3.057465E-01    7.058726E-02
   -4.040874E-01    3.076084E-01    6.766933E-02
   -4.026072E-01    3.095700E-01    6.418714E-02
   -4.011270E-01    3.116089E-01    6.050061E-02
   -3.996468E-01    3.138514E-01    5.661586E-02
   -3.981667E-01    3.162236E-01    5.276524E-02
   -3.966865E-01    3.189303E-01    4.928553E-02
   -3.952063E-01    3.218541E-01    4.614184E-02
   -3.937262E-01    3.253344E-01    4.392541E-02
   -3.922460E-01    3.291600E-01    4.225858E-02
   -3.907658E-01    3.338036E-01    4.175928E-02
   -3.892856E-01    3.389073E-01    4.182608E-02
   -3.878055E-01    3.449904E-01    4.290188E-02
   -3.863253E-01    3.515652E-01    4.438863E-02
   -3.848451E-01    3.590685E-01    4.647135E-02
   -3.833649E-01    3.669811E-01    4.873092E-02
   -3.818848E-01    3.755577E-01    5.110559E-02
   -3.804046E-01    3.843743E-01    5.342970E-02
   -3.789244E-01    3.934751E-01    5.547661E-02
   -3.774442E-01    4.026240E-01    5.732423E-02
   -3.759641E-01    4.117072E-01    5.871409E-02
   -3.744839E-01    4.206989E-01    5.987561E-02
   -3.730037E-01    4.294491E-01    6.063055E-02
   -3.715236E-01    4.380828E-01    6.122403E-02
   -3.700434E-01    4.465592E-01    6.159898E-02
   -3.685632E-01    4.550232E-01    6.192529E-02
   -3.670830E-01    4.636319E-01    6.229840E-02
   -3.656029E-01    4.724033E-01    6.278362E-02
   -3.641227E-01    4.816638E-01    6.370813E-02
   -3.626425E-01    4.912301E-01    6.497215E-02
   -3.611623E-01    5.014742E-01    6.714375E-02
   -3.596822E-01    5.120598E-01    6.985041E-02
   -3.582020E-01    5.232800E-01    7.366261E-02
   -3.567218E-01    5.347739E-01    7.795669E-02
   -3.552416E-01    5.467079E-01    8.287185E-02
   -3.537615E-01    5.588072E-01    8.783062E-02
   -3.522813E-01    5.711379E-01    9.219388E-02
   -3.508011E-01    5.835430E-01    9.587689E-02
   -3.493209E-01    5.960292E-01    9.743343E-02
   -3.478408E-01    6.085258E-01    9.758653E-02
   -3.463606E-01    6.209781E-01    9.442112E-02
   -3.448804E-01    6.333656E-01    8.946034E-02
   -3.434003E-01    6.455015E-01    8.092239E-02
   -3.419201E-01    6.574245E-01    7.075145E-02
   -3.404399E-01    6.686822E-01    5.789493E-02
   -3.389597E-01    6.794512E-01    4.408857E-02
   -3.374796E-01    6.888589E-01    2.928956E-02
   -3.359994E-01    6.973646E-01    1.446599E-02
   -3.345192E-01    7.035915E-01    5.051550E-04
   -3.330390E-01    7.084456E-01   -1.260703E-02
   -3.315589E-01    7.101451E-01   -2.329343E-02
   -3.300787E-01    7.101201E-01   -3.246813E-02
   -3.285985E-01    7.065186E-01   -3.818352E-02
   -3.271183E-01    7.011696E-01   -4.205078E-02
   -3.256382E-01    6.926397E-01   -4.221634E-02
   -3.241580E-01    6.827925E-01   -4.064981E-02
   -3.226778E-01    6.710610E-01   -3.607744E-02
   -3.211977E-01    6.588385E-01   -3.031370E-02
   -3.197175E-01    6.466117E-01   -2.287744E-02
   -3.182373E-01    6.348644E-01   -1.496437E-02
   -3.167571E-01    6.249282E-01   -6.765269E-03
   -3.152770E-01    6.162229E-01    1.284920E-03
   -3.137968E-01    6.103570E-01    8.545189E-03
   -3.123166E-01    6.059429E-01    1.520890E-02
   -3.108364E-01    6.041814E-01    2.036631E-02
   -3.093563E-01    6.034838E-01    2.466573E-02
   -3.078761E-01    6.041952E-01    2.716598E-02
   -3.063959E-01    6.052089E-01    2.879769E-02
   -3.049157E-01    6.060574E-01    2.889753E-02
   -3.034356E-01    6.065125E-01    2.838834E-02
   -3.019554E-01    6.057984E-01    2.701824E-02
   -3.004752E-01    6.044548E-01    2.537819E-02
   -2.989950E-01    6.020666E-01    2.341554E-02
   -2.975149E-01    5.994004E-01    2.133287E-02
   -2.960347E-01    5.968774E-01    1.897647E-02
   -2.945545E-01    5.948380E-01    1.643949E-02
   -2.930744E-01    5.946211E-01    1.348391E-02
   -2.915942E-01    5.957137E-01    1.034269E-02
   -2.901140E-01    6.000868E-01    7.021652E-03
   -2.886338E-01    6.063356E-01    3.774714E-03
   -2.871537E-01    6.165806E-01    1.092258E-03
   -2.856735E-01    6.288259E-01   -1.090046E-03
   -2.841933E-01    6.448374E-01   -1.880599E-03
   -2.827131E-01    6.625029E-01   -1.821281E-03
   -2.812330E-01    6.828196E-01    1.562383E-04
   -2.797528E-01    7.040515E-01    3.168192E-03
   -2.782726E-01    7.261706E-01    8.366424E-03
   -2.767924E-01    7.482263E-01    1.471425E-02
   -2.753123E-01    7.691273E-01    2.347726E-02
   -2.738321E-01    7.889612E-01    3.349708E-02
   -2.723519E-01    8.057923E-01    4.606512E-02
   -2.708718E-01    8.207707E-01    5.986293E-02
   -2.693916E-01    8.315510E-01    7.585231E-02
   -2.679114E-01    8.401037E-01    9.269608E-02
   -2.664312E-01    8.441842E-01    1.105481E-01
   -2.649511E-01    8.461315E-01    1.284618E-01
   -2.634709E-01    8.442052E-01    1.454967E-01
   -2.619907E-01    8.406073E-01    1.615772E-01
   -2.605105E-01    8.342770E-01    1.747916E-01
   -2.590304E-01    8.268983E-01    1.861789E-01
   -2.575502E-01    8.180317E-01    1.933729E-01
   -2.560700E-01    8.086917E-01    1.983501E-01
   -2.545898E-01    7.988495E-01    1.989631E-01
   -2.531097E-01    7.889212E-01    1.975685E-01
   -2.516295E-01    7.790323E-01    1.927189E-01
   -2.501493E-01    7.692131E-01    1.864811E-01
   -2.486692E-01    7.595398E-01    1.781670E-01
   -2.471890E-01    7.499101E-01    1.691330E-01
   -2.457088E-01    7.402801E-01    1.591727E-01
   -2.442286E-01    7.306109E-01    1.489294E-01
   -2.427485E-01    7.208308E-01    1.383204E-01
   -2.412683E-01    7.110153E-01    1.275536E-01
   -2.397881E-01    7.012543E-01    1.163925E-01
   -2.383079E-01    6.916227E-01    1.049481E-01
   -2.368278E-01    6.825079E-01    9.272289E-02
   -2.353476E-01    6.737879E-01    8.001461E-02
   -2.338674E-01    6.660982E-01    6.626687E-02
   -2.323872E-01    6.590049E-01    5.205827E-02
   -2.309071E-01    6.531571E-01    3.728803E-02
   -2.294269E-01    6.478963E-01    2.253907E-02
   -2.279467E-01    6.436265E-01    8.621125E-03
   -2.264665E-01    6.397218E-01   -4.453180E-03
   -2.249864E-01    6.362606E-01   -1.506642E-02
   -2.235062E-01    6.328936E-01   -2.417797E-02
   -2.220260E-01    6.295423E-01   -3.008398E-02
   -2.205459E-01    6.261700E-01   -3.447486E-02
   -2.190657E-01    6.228217E-01   -3.633946E-02
   -2.175855E-01    6.195712E-01   -3.729370E-02
   -2.161053E-01    6.167580E-01   -3.715820E-02
   -2.146252E-01    6.142970E-01   -3.676525E-02
   -2.131450E-01    6.127925E-01   -3.613633E-02
   -2.116648E-01    6.118722E-01   -3.535053E-02
   -2.101846E-01    6.122846E-01   -3.385080E-02
   -2.087045E-01    6.134261E-01   -3.169336E-02
   -2.072243E-01    6.161279E-01   -2.759408E-02
   -2.057441E-01    6.196551E-01   -2.229207E-02
   -2.042639E-01    6.249093E-01   -1.443848E-02
   -2.027838E-01    6.310475E-01   -5.438684E-03
   -2.013036E-01    6.389242E-01    5.184061E-03
   -1.998234E-01    6.475992E-01    1.611556E-02
   -1.983433E-01    6.575852E-01    2.645810E-02
   -1.968631E-01    6.680063E-01    3.588578E-02
   -1.953829E-01    6.787210E-01    4.237637E-02
   -1.939027E-01    6.892504E-01    4.698205E-02
   -1.924226E-01    6.987265E-01    4.735616E-02
   -1.909424E-01    7.073637E-01    4.559072E-02
   -1.894622E-01    7.138234E-01    3.990514E-02
   -1.879820E-01    7.190292E-01    3.261703E-02
   -1.865019E-01    7.215807E-01    2.311309E-02
   -1.850217E-01    7.228171E-01    1.308091E-02
   -1.835415E-01    7.215837E-01    3.203274E-03
   -1.820613E-01    7.192428E-01   -6.028038E-03
   -1.805812E-01    7.149976E-01   -1.302073E-02
   -1.791010E-01    7.099701E-01   -1.856560E-02
   -1.776208E-01    7.037355E-01   -2.090122E-02
   -1.761406E-01    6.970844E-01   -2.164522E-02
   -1.746605E-01    6.899917E-01   -1.950533E-02
   -1.731803E-01    6.828805E-01   -1.615203E-02
   -1.717001E-01    6.761306E-01   -1.085126E-02
   -1.702200E-01    6.697407E-01   -4.768808E-03
   -1.687398E-01    6.643440E-01    2.653630E-03
   -1.672596E-01    6.595136E-01    1.071199E-02
   -1.657794E-01    6.557830E-01    2.005593E-02
   -1.642993E-01    6.524911E-01    3.003170E-02
   -1.628191E-01    6.496774E-01    4.108869E-02
   -1.613389E-01    6.468365E-01    5.246848E-02
   -1.598587E-01    6.433465E-01    6.377549E-02
   -1.583786E-01    6.392474E-01    7.456980E-02
   -1.568984E-01    6.334758E-01    8.327341E-02
   -1.554182E-01    6.267359E-01    9.042813E-02
   -1.539380E-01    6.180340E-01    9.371850E-02
   -1.524579E-01    6.084638E-01    9.488906E-02
   -1.509777E-01    5.976060E-01    9.191767E-02
   -1.494975E-01    5.864102E-01    8.715615E-02
   -1.480174E-01    5.752251E-01    7.974207E-02
   -1.465372E-01    5.643775E-01    7.156733E-02
   -1.450570E-01    5.547513E-01    6.301936E-02
   -1.435768E-01    5.459133E-01    5.478330E-02
   -1.420967E-01    5.387729E-01    4.790051E-02
   -1.406165E-01    5.324236E-01    4.189945E-02
   -1.391363E-01    5.273413E-01    3.775993E-02
   -1.376561E-01    5.226689E-01    3.446782E-02
   -1.361760E-01    5.183227E-01    3.250625E-02
   -1.346958E-01    5.139132E-01    3.096528E-02
   -1.332156E-01    5.090367E-01    2.972336E-02
   -1.317354E-01    5.038349E-01    2.836909E-02
   -1.302553E-01    4.979705E-01    2.635335E-02
   -1.287751E-01    4.918460E-01    2.386149E-02
   -1.272949E-01    4.854589E-01    2.031070E-02
   -1.258147E-01    4.791012E-01    1.627217E-02
   -1.243346E-01    4.731320E-01    1.150140E-02
   -1.228544E-01    4.675008E-01    6.535470E-03
   -1.213742E-01    4.627516E-01    1.543355E-03
   -1.198941E-01    4.584942E-01   -3.304996E-03
   -1.184139E-01    4.552105E-01   -7.653702E-03
   -1.169337E-01    4.523589E-01   -1.170692E-02
   -1.154535E-01    4.501898E-01   -1.518421E-02
   -1.139734E-01    4.482533E-01   -1.841346E-02
   -1.124932E-01    4.465685E-01   -2.123551E-02
   -1.110130E-01    4.449214E-01   -2.387567E-02
   -1.095328E-01    4.432287E-01   -2.611272E-02
   -1.080527E-01    4.414799E-01   -2.808262E-02
   -1.065725E-01    4.395869E-01   -2.931764E-02
   -1.050923E-01    4.376062E-01   -3.007421E-02
   -1.036121E-01    4.353848E-01   -2.968904E-02
   -1.021320E-01    4.329800E-01   -2.868528E-02
   -1.006518E-01    4.300160E-01   -2.647017E-02
   -9.917163E-02    4.266523E-01   -2.372622E-02
   -9.769145E-02    4.222437E-01   -2.019126E-02
   -9.621128E-02    4.172144E-01   -1.643700E-02
   -9.473110E-02    4.108487E-01   -1.265036E-02
   -9.325093E-02    4.038356E-01   -9.060086E-03
   -9.177076E-02    3.957092E-01   -6.265599E-03
   -9.029058E-02    3.871710E-01   -4.034126E-03
   -8.881041E-02    3.781426E-01   -3.127736E-03
   -8.733024E-02    3.690144E-01   -2.890681E-03
   -8.585006E-02    3.598469E-01   -3.788844E-03
   -8.436989E-02    3.506382E-01   -5.049104E-03
   -8.288972E-02    3.410605E-01   -6.474354E-03
   -8.140954E-02    3.310359E-01   -7.679832E-03
   -7.992937E-02    3.194019E-01   -7.920559E-03
   -7.844920E-02    3.065547E-01   -7.513953E-03
   -7.696902E-02    2.904744E-01   -5.755849E-03
   -7.548885E-02    2.724385E-01   -3.440302E-03
   -7.400868E-02    2.500473E-01   -4.989450E-04
   -7.252850E-02    2.254103E-01    2.430023E-03
   -7.104833E-02    1.964867E-01    4.641015E-03
   -6.956816E-02    1.656870E-01    6.185620E-03
   -6.808798E-02    1.319454E-01    5.961107E-03
   -6.660781E-02    9.723325E-02    4.754759E-03
   -6.512763E-02    6.166759E-02    1.652080E-03
   -6.364746E-02    2.620965E-02   -2.244651E-03
   -6.216729E-02   -8.075301E-03   -7.233842E-03
   -6.068711E-02   -4.138435E-02   -1.246453E-02
   -5.920694E-02   -7.217609E-02   -1.753520E-02
   -5.772677E-02   -1.015337E-01   -2.222507E-02
   -5.624659E-02   -1.278605E-01   -2.565336E-02
   -5.476642E-02   -1.526635E-01   -2.827185E-02
   -5.328625E-02   -1.745027E-01   -2.907436E-02
   -5.180607E-02   -1.949341E-01   -2.895253E-02
   -5.032590E-02   -2.127438E-01   -2.710319E-02
   -4.884573E-02   -2.293601E-01   -2.452005E-02
   -4.736555E-02   -2.438707E-01   -2.085160E-02
   -4.588538E-02   -2.574936E-01   -1.688483E-02
   -4.440521E-02   -2.697118E-01   -1.289839E-02
   -4.292503E-02   -2.814201E-01   -9.222476E-03
   -4.144486E-02   -2.924674E-01   -6.836524E-03
   -3.996468E-02   -3.033277E-01   -5.419727E-03
   -3.848451E-02   -3.139909E-01   -6.508839E-03
   -3.700434E-02   -3.245809E-01   -9.061600E-03
   -3.552416E-02   -3.349602E-01   -1.475623E-02
   -3.404399E-02   -3.451646E-01   -2.200402E-02
   -3.256382E-02   -3.548639E-01   -3.205892E-02
   -3.108364E-02   -3.642570E-01   -4.324875E-02
   -2.960347E-02   -3.730300E-01   -5.600062E-02
   -2.812330E-02   -3.815526E-01   -6.914586E-02
   -2.664312E-02   -3.898166E-01   -8.235686E-02
   -2.516295E-02   -3.981162E-01   -9.532555E-02
   -2.368278E-02   -4.068483E-01   -1.075132E-01
   -2.220260E-02   -4.159601E-01   -1.193029E-01
   -2.072243E-02   -4.260612E-01   -1.305263E-01
   -1.924226E-02   -4.366998E-01   -1.416529E-01
   -1.776208E-02   -4.483285E-01   -1.529637E-01
   -1.628191E-02   -4.603234E-01   -1.644829E-01
   -1.480174E-02   -4.726426E-01   -1.763856E-01
   -1.332156E-02   -4.848669E-01   -1.882976E-01
   -1.184139E-02   -4.963459E-01   -1.995416E-01
   -1.036121E-02   -5.071932E-01   -2.099884E-01
   -8.881041E-03   -5.163813E-01   -2.178156E-01
   -7.400868E-03   -5.246420E-01   -2.238528E-01
   -5.920694E-03   -5.311049E-01   -2.255683E-01
   -4.440521E-03   -5.368306E-01   -2.249166E-01
   -2.960347E-03   -5.416303E-01   -2.194922E-01
   -1.480174E-03   -5.463079E-01   -2.118396E-01
   -1.665335E-16   -5.514235E-01   -2.003292E-01
    1.480174E-03   -5.570268E-01   -1.872804E-01
    2.960347E-03   -5.638722E-01   -1.720156E-01
    4.440521E-03   -5.713004E-01   -1.560717E-01
    5.920694E-03   -5.794731E-01   -1.395642E-01
    7.400868E-03   -5.876721E-01   -1.231230E-01
    8.881041E-03   -5.950921E-01   -1.073917E-01
    1.036121E-02   -6.017148E-01   -9.223794E-02
    1.184139E-02   -6.060860E-01   -7.854545E-02
    1.332156E-02   -6.091311E-01   -6.566827E-02
    1.480174E-02   -6.094124E-01   -5.447032E-02
    1.628191E-02   -6.083843E-01   -4.409324E-02
    1.776208E-02   -6.050561E-01   -3.528461E-02
    1.924226E-02   -6.007713E-01   -2.723395E-02
    2.072243E-02   -5.949292E-01   -2.071506E-02
    2.220260E-02   -5.884342E-01   -1.501543E-02
    2.368278E-02   -5.807493E-01   -1.113876E-02
    2.516295E-02   -5.724635E-01   -8.279496E-03
    2.664312E-02   -5.628737E-01   -7.618023E-03
    2.812330E-02   -5.525624E-01   -8.071497E-03
    2.960347E-02   -5.406873E-01   -1.059250E-02
    3.108364E-02   -5.280027E-01   -1.395644E-02
    3.256382E-02   -5.137433E-01   -1.842934E-02
    3.404399E-02   -4.987792E-01   -2.310552E-02
    3.552416E-02   -4.826993E-01   -2.746103E-02
    3.700434E-02   -4.662688E-01   -3.133474E-02
    3.848451E-02   -4.496492E-01   -3.378100E-02
    3.996468E-02   -4.332188E-01   -3.540198E-02
    4.144486E-02   -4.177325E-01   -3.540836E-02
    4.292503E-02   -4.029667E-01   -3.474198E-02
    4.440521E-02   -3.900071E-01   -3.317017E-02
    4.588538E-02   -3.780438E-01   -3.140935E-02
    4.736555E-02   -3.680608E-01   -2.979811E-02
    4.884573E-02   -3.589705E-01   -2.848858E-02
    5.032590E-02   -3.513316E-01   -2.811373E-02
    5.180607E-02   -3.442134E-01   -2.830054E-02
    5.328625E-02   -3.377153E-01   -2.966118E-02
    5.476642E-02   -3.313363E-01   -3.157452E-02
    5.624659E-02   -3.248789E-01   -3.442892E-02
    5.772677E-02   -3.182565E-01   -3.763361E-02
    5.920694E-02   -3.110962E-01   -4.123753E-02
    6.068711E-02   -3.035711E-01   -4.486741E-02
    6.216729E-02   -2.951215E-01   -4.817714E-02
    6.364746E-02   -2.861097E-01   -5.114425E-02
    6.512763E-02   -2.757920E-01   -5.310904E-02
    6.660781E-02   -2.647589E-01   -5.445938E-02
    6.808798E-02   -2.522708E-01   -5.447723E-02
    6.956816E-02   -2.391094E-01   -5.384444E-02
    7.104833E-02   -2.248498E-01   -5.206297E-02
    7.252850E-02   -2.102238E-01   -4.982689E-02
    7.400868E-02   -1.952989E-01   -4.696405E-02
    7.548885E-02   -1.804451E-01   -4.393135E-02
    7.696902E-02   -1.661259E-01   -4.082787E-02
    7.844920E-02   -1.522269E-01   -3.781238E-02
    7.992937E-02   -1.393781E-01   -3.520467E-02
    8.140954E-02   -1.271193E-01   -3.291285E-02
    8.288972E-02   -1.161232E-01   -3.146549E-02
    8.436989E-02   -1.057934E-01   -3.053224E-02
    8.585006E-02   -9.687785E-02   -3.075506E-02
    8.733024E-02   -8.871957E-02   -3.157858E-02
    8.881041E-02   -8.218291E-02   -3.354964E-02
    9.029058E-02   -7.650158E-02   -3.601674E-02
    9.177076E-02   -7.257257E-02   -3.922916E-02
    9.325093E-02   -6.950447E-02   -4.265352E-02
    9.473110E-02   -6.804172E-02   -4.612237E-02
    9.621128E-02   -6.728065E-02   -4.940151E-02
    9.769145E-02   -6.764993E-02   -5.184403E-02
    9.917163E-02   -6.842482E-02   -5.362954E-02
    1.006518E-01   -6.967549E-02   -5.362423E-02
    1.021320E-01   -7.100192E-02   -5.250175E-02
    1.036121E-01   -7.218546E-02   -4.878033E-02
    1.050923E-01   -7.316800E-02   -4.364399E-02
    1.065725E-01   -7.351699E-02   -3.563547E-02
    1.080527E-01   -7.343906E-02   -2.628491E-02
    1.095328E-01   -7.228285E-02   -1.468392E-02
    1.110130E-01   -7.047094E-02   -2.286740E-03
    1.124932E-01   -6.711965E-02    1.087868E-02
    1.139734E-01   -6.290394E-02    2.397587E-02
    1.154535E-01   -5.685492E-02    3.604623E-02
    1.169337E-01   -4.990290E-02    4.720712E-02
    1.184139E-01   -4.133696E-02    5.591195E-02
    1.198941E-01   -3.214647E-02    6.315935E-02
    1.213742E-01   -2.222306E-02    6.720485E-02
    1.228544E-01   -1.224349E-02    6.957915E-02
    1.243346E-01   -2.813973E-03    6.858751E-02
    1.258147E-01    6.021875E-03    6.594876E-02
    1.272949E-01    1.311907E-02    6.017687E-02
    1.287751E-01    1.913898E-02    5.296931E-02
    1.302553E-01    2.275990E-02    4.327692E-02
    1.317354E-01    2.515635E-02    3.261060E-02
    1.332156E-01    2.525794E-02    2.069648E-02
    1.346958E-01    2.438824E-02    8.582276E-03
    1.361760E-01    2.210207E-02   -2.990900E-03
    1.376561E-01    1.943503E-02   -1.382203E-02
    1.391363E-01    1.672462E-02   -2.233967E-02
    1.406165E-01    1.434438E-02   -2.939974E-02
    1.420967E-01    1.323159E-02   -3.325361E-02
    1.435768E-01    1.297154E-02   -3.552828E-02
    1.450570E-01    1.463360E-02   -3.499612E-02
    1.465372E-01    1.724228E-02   -3.334437E-02
    1.480174E-01    2.147636E-02   -3.012359E-02
    1.494975E-01    2.628750E-02   -2.645144E-02
    1.509777E-01    3.163715E-02   -2.246782E-02
    1.524579E-01    3.691408E-02   -1.857418E-02
    1.539380E-01    4.137838E-02   -1.526543E-02
    1.554182E-01    4.515389E-02   -1.242183E-02
    1.568984E-01    4.716494E-02   -1.080614E-02
    1.583786E-01    4.821699E-02   -9.917548E-03
    1.598587E-01    4.745448E-02   -1.057924E-02
    1.613389E-01    4.595703E-02   -1.196285E-02
    1.628191E-01    4.351844E-02   -1.443149E-02
    1.642993E-01    4.092002E-02   -1.714052E-02
    1.657794E-01    3.860672E-02   -1.956057E-02
    1.672596E-01    3.667783E-02   -2.143866E-02
    1.687398E-01    3.580544E-02   -2.157443E-02
    1.702200E-01    3.549396E-02   -2.064460E-02
    1.717001E-01    3.617721E-02   -1.752661E-02
    1.731803E-01    3.723768E-02   -1.344096E-02
    1.746605E-01    3.880686E-02   -7.892884E-03
    1.761406E-01    4.055865E-02   -1.901566E-03
    1.776208E-01    4.271271E-02    4.399025E-03
    1.791010E-01    4.519090E-02    1.059507E-02
    1.805812E-01    4.874395E-02    1.613996E-02
    1.820613E-01    5.309974E-02    2.117346E-02
    1.835415E-01    5.959219E-02    2.487799E-02
    1.850217E-01    6.736674E-02    2.780252E-02
    1.865019E-01    7.794905E-02    2.903203E-02
    1.879820E-01    8.994498E-02    2.940305E-02
    1.894622E-01    1.045681E-01    2.814689E-02
    1.909424E-01    1.203166E-01    2.616705E-02
    1.924226E-01    1.378303E-01    2.297858E-02
    1.939027E-01    1.559673E-01    1.932227E-02
    1.953829E-01    1.748652E-01    1.502822E-02
    1.968631E-01    1.939409E-01    1.057682E-02
    1.983433E-01    2.130670E-01    6.151262E-03
    1.998234E-01    2.321121E-01    1.901668E-03
    2.013036E-01    2.508445E-01   -1.743615E-03
    2.027838E-01    2.693529E-01   -5.032796E-03
    2.042639E-01    2.872427E-01   -7.700642E-03
    2.057441E-01    3.046989E-01   -1.020816E-02
    2.072243E-01    3.209371E-01   -1.286185E-02
    2.087045E-01    3.363420E-01   -1.586030E-02
    2.101846E-01    3.495684E-01   -2.005705E-02
    2.116648E-01    3.614488E-01   -2.503813E-02
    2.131450E-01    3.701998E-01   -3.174516E-02
    2.146252E-01    3.772458E-01   -3.927011E-02
    2.161053E-01    3.808229E-01   -4.809915E-02
    2.175855E-01    3.827646E-01   -5.731389E-02
    2.190657E-01    3.818888E-01   -6.663311E-02
    2.205459E-01    3.799377E-01   -7.564512E-02
    2.220260E-01    3.766440E-01   -8.335566E-02
    2.235062E-01    3.731092E-01   -9.012288E-02
    2.249864E-01    3.699158E-01   -9.456282E-02
    2.264665E-01    3.672492E-01   -9.769597E-02
    2.279467E-01    3.661876E-01   -9.806539E-02
    2.294269E-01    3.661137E-01   -9.703018E-02
    2.309071E-01    3.682091E-01   -9.321684E-02
    2.323872E-01    3.714118E-01   -8.806184E-02
    2.338674E-01    3.767655E-01   -8.038620E-02
    2.353476E-01    3.831319E-01   -7.157219E-02
    2.368278E-01    3.913834E-01   -6.081856E-02
    2.383079E-01    4.005201E-01   -4.931161E-02
    2.397881E-01    4.113655E-01   -3.681869E-02
    2.412683E-01    4.230631E-01   -2.412914E-02
    2.427485E-01    4.364985E-01   -1.169132E-02
    2.442286E-01    4.508146E-01    2.839659E-04
    2.457088E-01    4.668410E-01    1.066542E-02
    2.471890E-01    4.836261E-01    1.994107E-02
    2.486692E-01    5.015419E-01    2.649808E-02
    2.501493E-01    5.197249E-01    3.153008E-02
    2.516295E-01    5.376665E-01    3.341104E-02
    2.531097E-01    5.550471E-01    3.379503E-02
    2.545898E-01    5.704298E-01    3.158874E-02
    2.560700E-01    5.844382E-01    2.838577E-02
    2.575502E-01    5.951791E-01    2.389224E-02
    2.590304E-01    6.041776E-01    1.910560E-02
    2.605105E-01    6.097938E-01    1.433853E-02
    2.619907E-01    6.139109E-01    9.797750E-03
    2.634709E-01    6.156118E-01    5.937326E-03
    2.649511E-01    6.164371E-01    2.436236E-03
    2.664312E-01    6.161402E-01   -4.391016E-04
    2.679114E-01    6.155280E-01   -3.072003E-03
    2.693916E-01    6.145729E-01   -5.324811E-03
    2.708718E-01    6.134794E-01   -7.391375E-03
    2.723519E-01    6.119796E-01   -8.973826E-03
    2.738321E-01    6.101451E-01   -1.020935E-02
    2.753123E-01    6.073249E-01   -1.049993E-02
    2.767924E-01    6.038659E-01   -1.021010E-02
    2.782726E-01    5.989191E-01   -8.656073E-03
    2.797528E-01    5.931745E-01   -6.503521E-03
    2.812330E-01    5.858137E-01   -3.413997E-03
    2.827131E-01    5.776524E-01   -7.020972E-05
    2.841933E-01    5.678732E-01    3.257977E-03
    2.856735E-01    5.572280E-01    6.322857E-03
    2.871537E-01    5.445989E-01    8.482650E-03
    2.886338E-01    5.307812E-01    1.011519E-02
    2.901140E-01    5.140937E-01    1.081495E-02
    2.915942E-01    4.957122E-01    1.122966E-02
    2.930744E-01    4.734915E-01    1.157796E-02
    2.945545E-01    4.492022E-01    1.214265E-02
    2.960347E-01    4.206956E-01    1.348194E-02
    2.975149E-01    3.901644E-01    1.524111E-02
    2.989950E-01    3.559983E-01    1.757635E-02
    3.004752E-01    3.203310E-01    1.991856E-02
    3.019554E-01    2.824694E-01    2.152217E-02
    3.034356E-01    2.439792E-01    2.236546E-02
    3.049157E-01    2.052515E-01    2.105180E-02
    3.063959E-01    1.669340E-01    1.848851E-02
    3.078761E-01    1.304849E-01    1.346531E-02
    3.093563E-01    9.546217E-02    7.427686E-03
    3.108364E-01    6.414958E-02    1.185372E-04
    3.123166E-01    3.502234E-02   -7.346097E-03
    3.137968E-01    1.066102E-02   -1.411103E-02
    3.152770E-01   -1.128000E-02   -2.007266E-02
    3.167571E-01   -2.865445E-02   -2.375233E-02
    3.182373E-01   -4.405214E-02   -2.610940E-02
    3.197175E-01   -5.639528E-02   -2.579139E-02
    3.211977E-01   -6.775737E-02   -2.426824E-02
    3.226778E-01   -7.832328E-02   -2.081033E-02
    3.241580E-01   -8.904692E-02   -1.667638E-02
    3.256382E-01   -1.010296E-01   -1.178708E-02
    3.271183E-01   -1.139900E-01   -6.794720E-03
    3.285985E-01   -1.293219E-01   -2.073070E-03
    3.300787E-01   -1.459157E-01    2.312017E-03
    3.315589E-01   -1.649741E-01    5.696953E-03
    3.330390E-01   -1.851629E-01    8.464854E-03
    3.345192E-01   -2.073172E-01    9.894613E-03
    3.359994E-01   -2.302672E-01    1.068873E-02
    3.374796E-01   -2.543170E-01    1.047075E-02
    3.389597E-01   -2.785705E-01    9.963002E-03
    3.404399E-01   -3.022384E-01    9.415203E-03
    3.419201E-01   -3.249306E-01    9.118977E-03
    3.434003E-01   -3.439315E-01    9.758066E-03
    3.448804E-01   -3.600795E-01    1.097783E-02
    3.463606E-01   -3.684340E-01    1.333064E-02
    3.478408E-01   -3.719484E-01    1.611515E-02
    3.493209E-01   -3.643896E-01    1.932275E-02
    3.508011E-01   -3.509689E-01    2.248984E-02
    3.522813E-01   -3.260651E-01    2.511984E-02
    3.537615E-01   -2.959958E-01    2.732019E-02
    3.552416E-01   -2.575457E-01    2.851507E-02
    3.567218E-01   -2.161705E-01    2.922112E-02
    3.582020E-01   -1.717720E-01    2.911887E-02
    3.596822E-01   -1.272749E-01    2.874578E-02
    3.611623E-01   -8.513399E-02    2.815047E-02
    3.626425E-01   -4.520655E-02    2.760969E-02
    3.641227E-01   -1.116123E-02    2.748110E-02
    3.656029E-01    1.954820E-02    2.767660E-02
    3.670830E-01    4.343462E-02    2.865707E-02
    3.685632E-01    6.410771E-02    3.004030E-02
    3.700434E-01    7.916056E-02    3.213523E-02
    3.715236E-01    9.192863E-02    3.448966E-02
    3.730037E-01    1.012470E-01    3.708964E-02
    3.744839E-01    1.093522E-01    3.964158E-02
    3.759641E-01    1.158219E-01    4.169723E-02
    3.774442E-01    1.217074E-01    4.328511E-02
    3.789244E-01    1.265378E-01    4.350167E-02
    3.804046E-01    1.307379E-01    4.285030E-02
    3.818848E-01    1.332455E-01    4.024712E-02
    3.833649E-01    1.346447E-01    3.666397E-02
    3.848451E-01    1.333564E-01    3.133593E-02
    3.863253E-01    1.305792E-01    2.533499E-02
    3.878055E-01    1.247995E-01    1.848881E-02
    3.892856E-01    1.176518E-01    1.147139E-02
    3.907658E-01    1.082918E-01    4.530956E-03
    3.922460E-01    9.817295E-02   -2.227943E-03
    3.937262E-01    8.728332E-02   -8.479620E-03
    3.952063E-01    7.634370E-02   -1.446408E-02
    3.966865E-01    6.578679E-02   -1.996091E-02
    3.981667E-01    5.553217E-02   -2.525189E-02
    3.996468E-01    4.582718E-02   -3.019992E-02
    4.011270E-01    3.625461E-02   -3.499572E-02
    4.026072E-01    2.653449E-02   -3.948489E-02
    4.040874E-01    1.653889E-02   -4.379941E-02
    4.055675E-01    5.738393E-03   -4.769046E-02
    4.070477E-01   -5.460688E-03   -5.132548E-02
    4.085279E-01   -1.712888E-02   -5.436970E-02
    4.100081E-01   -2.871086E-02   -5.709860E-02
    4.114882E-01   -3.923359E-02   -5.922606E-02
    4.129684E-01   -4.871597E-02   -6.111420E-02
    4.144486E-01   -5.508661E-02   -6.275125E-02
    4.159288E-01   -5.943537E-02   -6.442290E-02
    4.174089E-01   -5.897415E-02   -6.653193E-02
    4.188891E-01   -5.581354E-02   -6.902652E-02
    4.203693E-01   -4.680245E-02   -7.247736E-02
    4.218495E-01   -3.467293E-02   -7.636250E-02
    4.233296E-01   -1.591660E-02   -8.065779E-02
    4.248098E-01    6.364223E-03   -8.472863E-02
    4.262900E-01    3.610758E-02   -8.716188E-02
    4.277701E-01    6.972554E-02   -8.810762E-02
    4.292503E-01    1.110765E-01   -8.486159E-02
    4.307305E-01    1.560403E-01   -7.912621E-02
    4.322107E-01    2.070899E-01   -6.833861E-02
    4.336908E-01    2.602760E-01   -5.543997E-02
    4.351710E-01    3.153433E-01   -4.009254E-02
    4.366512E-01    3.699761E-01   -2.480489E-02
    4.381314E-01    4.209399E-01   -1.265787E-02
    4.396115E-01    4.688084E-01   -3.565420E-03
    4.410917E-01    5.085172E-01   -2.903318E-03
    4.425719E-01    5.435205E-01   -7.006638E-03
    4.440521E-01    5.686130E-01   -2.010024E-02
    4.455322E-01    5.888327E-01   -3.652605E-02
    4.470124E-01    5.999782E-01   -5.571546E-02
    4.484926E-01    6.070831E-01   -7.383220E-02
    4.499727E-01    6.072540E-01   -8.471851E-02
    4.514529E-01    6.045436E-01   -8.982096E-02
    4.529331E-01    5.971629E-01   -8.056679E-02
    4.544133E-01    5.879098E-01   -6.375424E-02
    4.558934E-01    5.755820E-01   -3.313604E-02
    4.573736E-01    5.618831E-01    2.891898E-03
    4.588538E-01    5.453793E-01    4.579675E-02
    4.603340E-01    5.272414E-01    9.011465E-02
    4.618141E-01    5.050318E-01    1.338665E-01
    4.632943E-01    4.802760E-01    1.762274E-01
    4.647745E-01    4.493498E-01    2.149484E-01
    4.662547E-01    4.148536E-01    2.520222E-01
    4.677348E-01    3.725000E-01    2.869412E-01
    4.692150E-01    3.260392E-01    3.214780E-01
    4.706952E-01    2.714426E-01    3.563498E-01
    4.721754E-01    2.130586E-01    3.915781E-01
    4.736555E-01    1.481605E-01    4.269255E-01
    4.751357E-01    8.077519E-02    4.615223E-01
    4.766159E-01    1.036437E-02    4.920924E-01
    4.780960E-01   -6.044219E-02    5.190655E-01
    4.795762E-01   -1.296859E-01    5.354072E-01
    4.810564E-01   -1.969996E-01    5.448052E-01
    4.825366E-01   -2.583703E-01    5.377347E-01
    4.840167E-01   -3.158886E-01    5.217140E-01
    4.854969E-01   -3.643130E-01    4.878753E-01
    4.869771E-01   -4.076850E-01    4.460081E-01
    4.884573E-01   -4.403027E-01    3.914251E-01
    4.899374E-01   -4.673920E-01    3.327649E-01
    4.914176E-01   -4.834655E-01    2.711753E-01
    4.928978E-01   -4.942243E-01    2.107448E-01
    4.943780E-01   -4.950729E-01    1.572952E-01
    4.958581E-01   -4.914665E-01    1.091340E-01
    4.973383E-01   -4.801275E-01    7.377626E-02
    4.988185E-01   -4.655240E-01    4.519452E-02
    5.002986E-01   -4.454515E-01    2.950861E-02
    5.017788E-01   -4.230289E-01    1.935504E-02
    5.032590E-01   -3.963055E-01    1.760459E-02
    5.047392E-01   -3.674575E-01    1.851183E-02
    5.062193E-01   -3.341947E-01    2.161844E-02
    5.076995E-01   -2.986392E-01    2.441576E-02
    5.091797E-01   -2.585737E-01    2.428482E-02
    5.106599E-01   -2.165259E-01    2.183095E-02
    5.121400E-01   -1.716778E-01    1.359124E-02
    5.136202E-01   -1.263405E-01    2.148297E-03
    5.151004E-01   -8.242655E-02   -1.584848E-02
    5.165806E-01   -4.062697E-02   -3.695901E-02
    5.180607E-01   -6.021781E-03   -6.345321E-02
    5.195409E-01    2.356111E-02   -9.193397E-02
    5.210211E-01    4.064331E-02   -1.224146E-01
    5.225013E-01    5.057323E-02   -1.526825E-01
    5.239814E-01    4.526412E-02   -1.798902E-01
    5.254616E-01    3.237999E-02   -2.043235E-01
    5.269418E-01    5.523758E-03   -2.212685E-01
    5.284219E-01   -2.720919E-02   -2.339487E-01
    5.299021E-01   -6.861360E-02   -2.381473E-01
    5.313823E-01   -1.125325E-01   -2.386560E-01
    5.328625E-01   -1.576740E-01   -2.336655E-01
    5.343426E-01   -2.016594E-01   -2.270326E-01
    5.358228E-01   -2.404659E-01   -2.191665E-01
    5.373030E-01   -2.757286E-01   -2.114208E-01
    5.387832E-01   -3.030787E-01   -2.045817E-01
    5.402633E-01   -3.265749E-01   -1.981210E-01
    5.417435E-01   -3.433893E-01   -1.916349E-01
    5.432237E-01   -3.576349E-01   -1.845781E-01
    5.447039E-01   -3.684816E-01   -1.752446E-01
    5.461840E-01   -3.784583E-01   -1.643220E-01
    5.476642E-01   -3.880892E-01   -1.496944E-01
    5.491444E-01   -3.980682E-01   -1.331511E-01
    5.506245E-01   -4.094230E-01   -1.129925E-01
    5.521047E-01   -4.216425E-01   -9.126404E-02
    5.535849E-01   -4.356793E-01   -6.708126E-02
    5.550651E-01   -4.505714E-01   -4.212663E-02
    5.565452E-01   -4.669575E-01   -1.682899E-02
    5.580254E-01   -4.839731E-01    7.869841E-03
    5.595056E-01   -5.020804E-01    2.954113E-02
    5.609858E-01   -5.207090E-01    4.874466E-02
    5.624659E-01   -5.404351E-01    6.138874E-02
    5.639461E-01   -5.607438E-01    7.029194E-02
    5.654263E-01   -5.821500E-01    7.181434E-02
    5.669065E-01   -6.039258E-01    7.024971E-02
    5.683866E-01   -6.256941E-01    6.460386E-02
    5.698668E-01   -6.468995E-01    5.817316E-02
    5.713470E-01   -6.656344E-01    5.254128E-02
    5.728271E-01   -6.824729E-01    4.818596E-02
    5.743073E-01   -6.944989E-01    4.727535E-02
    5.757875E-01   -7.038748E-01    4.810305E-02
    5.772677E-01   -7.081031E-01    5.176319E-02
    5.787478E-01   -7.101314E-01    5.630374E-02
    5.802280E-01   -7.089214E-01    6.132824E-02
    5.817082E-01   -7.067511E-01    6.593896E-02
    5.831884E-01   -7.038700E-01    6.853026E-02
    5.846685E-01   -7.010842E-01    6.966993E-02
    5.861487E-01   -6.989808E-01    6.756702E-02
    5.876289E-01   -6.972587E-01    6.406344E-02
    5.891091E-01   -6.960387E-01    5.912126E-02
    5.905892E-01   -6.948195E-01    5.457747E-02
    5.920694E-01   -6.929564E-01    5.365879E-02
    5.935496E-01   -6.904094E-01    5.602779E-02
    5.950298E-01   -6.857340E-01    6.749125E-02
    5.965099E-01   -6.796084E-01    8.429621E-02
    5.979901E-01   -6.698335E-01    1.121060E-01
    5.994703E-01   -6.578979E-01    1.448847E-01
    6.009504E-01   -6.411241E-01    1.852305E-01
    6.024306E-01   -6.217968E-01    2.276518E-01
    6.039108E-01   -5.974236E-01    2.701606E-01
    6.053910E-01   -5.707460E-01    3.106155E-01
    6.068711E-01   -5.402579E-01    3.432341E-01
    6.083513E-01   -5.084037E-01    3.706079E-01
    6.098315E-01   -4.750401E-01    3.864050E-01
    6.113117E-01   -4.415266E-01    3.967659E-01
    6.127918E-01   -4.087725E-01    3.985963E-01
    6.142720E-01   -3.768108E-01    3.978738E-01
    6.157522E-01   -3.470209E-01    3.956986E-01
    6.172324E-01   -3.185252E-01    3.942656E-01
    6.187125E-01   -2.929827E-01    3.957572E-01
    6.201927E-01   -2.691395E-01    3.984871E-01
    6.216729E-01   -2.493274E-01    4.014798E-01
    6.231530E-01   -2.319661E-01    4.029152E-01
    6.246332E-01   -2.205863E-01    3.975936E-01
    6.261134E-01   -2.127865E-01    3.873975E-01
    6.275936E-01   -2.132352E-01    3.657565E-01
    6.290737E-01   -2.181874E-01    3.382943E-01
    6.305539E-01   -2.323218E-01    3.002384E-01
    6.320341E-01   -2.507394E-01    2.577558E-01
    6.335143E-01   -2.762115E-01    2.082427E-01
    6.349944E-01   -3.040335E-01    1.559527E-01
    6.364746E-01   -3.335898E-01    9.913332E-02
    6.379548E-01   -3.624218E-01    4.044446E-02
    6.394350E-01   -3.868911E-01   -2.101200E-02
    6.409151E-01   -4.080969E-01   -8.307254E-02
    6.423953E-01   -4.217254E-01   -1.439930E-01
    6.438755E-01   -4.316765E-01   -2.028342E-01
    6.453557E-01   -4.356804E-01   -2.542409E-01
    6.468358E-01   -4.378483E-01   -3.004407E-01
    6.483160E-01   -4.390130E-01   -3.340291E-01
    6.497962E-01   -4.409437E-01   -3.607314E-01
    6.512763E-01   -4.463457E-01   -3.735189E-01
    6.527565E-01   -4.540006E-01   -3.796826E-01
    6.542367E-01   -4.661865E-01   -3.738151E-01
    6.557169E-01   -4.801947E-01   -3.627159E-01
    6.571970E-01   -4.963028E-01   -3.429668E-01
    6.586772E-01   -5.125262E-01   -3.198986E-01
    6.601574E-01   -5.271214E-01   -2.923494E-01
    6.616376E-01   -5.401140E-01   -2.636638E-01
    6.631177E-01   -5.487771E-01   -2.348285E-01
    6.645979E-01   -5.549692E-01   -2.068638E-01
    6.660781E-01   -5.560827E-01   -1.821837E-01
    6.675583E-01   -5.547741E-01   -1.597187E-01
    6.690384E-01   -5.490866E-01   -1.424521E-01
    6.705186E-01   -5.414862E-01   -1.280075E-01
    6.719988E-01   -5.305803E-01   -1.193472E-01
    6.734789E-01   -5.182251E-01   -1.134536E-01
    6.749591E-01   -5.032305E-01   -1.122558E-01
    6.764393E-01   -4.869776E-01   -1.125882E-01
    6.779195E-01   -4.682410E-01   -1.134701E-01
    6.793996E-01   -4.482685E-01   -1.130266E-01
    6.808798E-01   -4.258923E-01   -1.065124E-01
    6.823600E-01   -4.024093E-01   -9.545791E-02
    6.838402E-01   -3.770644E-01   -7.331776E-02
    6.853203E-01   -3.510440E-01   -4.532662E-02
    6.868005E-01   -3.242968E-01   -6.497339E-03
    6.882807E-01   -2.975156E-01    3.666856E-02
    6.897609E-01   -2.712735E-01    8.541346E-02
    6.912410E-01   -2.455485E-01    1.351727E-01
    6.927212E-01   -2.212274E-01    1.834414E-01
    6.942014E-01   -1.977502E-01    2.294277E-01
    6.956816E-01   -1.762298E-01    2.684810E-01
    6.971617E-01   -1.558495E-01    3.032725E-01
    6.986419E-01   -1.381610E-01    3.286367E-01
    7.001221E-01   -1.220582E-01    3.490995E-01
    7.016022E-01   -1.096028E-01    3.597816E-01
    7.030824E-01   -9.915457E-02    3.657563E-01
    7.045626E-01   -9.286558E-02    3.630138E-01
    7.060428E-01   -8.857013E-02    3.564037E-01
    7.075229E-01   -8.771679E-02    3.431875E-01
    7.090031E-01   -8.812886E-02    3.272003E-01
    7.104833E-01   -8.988173E-02    3.064644E-01
    7.119635E-01   -9.165883E-02    2.835656E-01
    7.134436E-01   -9.233743E-02    2.564575E-01
    7.149238E-01   -9.210030E-02    2.272576E-01
    7.164040E-01   -8.992657E-02    1.941023E-01
    7.178842E-01   -8.708738E-02    1.593206E-01
    7.193643E-01   -8.414084E-02    1.226254E-01
    7.208445E-01   -8.193208E-02    8.595699E-02
    7.223247E-01   -8.278297E-02    5.174232E-02
    7.238048E-01   -8.577722E-02    1.999231E-02
    7.252850E-01   -9.366659E-02   -4.727386E-03
    7.267652E-01   -1.039458E-01   -2.528688E-02
    7.282454E-01   -1.182240E-01   -3.734859E-02
    7.297255E-01   -1.338693E-01   -4.566403E-02
    7.312057E-01   -1.507346E-01   -4.847838E-02
    7.326859E-01   -1.674383E-01   -4.982435E-02
    7.341661E-01   -1.824080E-01   -5.086063E-02
    7.356462E-01   -1.959143E-01   -5.285572E-02
    7.371264E-01   -2.055502E-01   -5.829365E-02
    7.386066E-01   -2.129043E-01   -6.581377E-02
    7.400868E-01   -2.152538E-01   -7.748020E-02
    7.415669E-01   -2.150099E-01   -9.091620E-02
    7.430471E-01   -2.096582E-01   -1.068528E-01
    7.445273E-01   -2.019145E-01   -1.233651E-01
    7.460075E-01   -1.899081E-01   -1.394526E-01
    7.474876E-01   -1.760949E-01   -1.544623E-01
    7.489678E-01   -1.593742E-01   -1.655220E-01
    7.504480E-01   -1.415549E-01   -1.737396E-01
    7.519281E-01   -1.222269E-01   -1.747469E-01
    7.534083E-01   -1.024720E-01   -1.715685E-01
    7.548885E-01   -8.246309E-02   -1.593689E-01
    7.563687E-01   -6.257699E-02   -1.426485E-01
    7.578488E-01   -4.326919E-02   -1.175649E-01
    7.593290E-01   -2.430366E-02   -8.898679E-02
    7.608092E-01   -5.889687E-03   -5.539064E-02
    7.622894E-01    1.240308E-02   -2.046866E-02
    7.637695E-01    3.080105E-02    1.461834E-02
    7.652497E-01    4.935737E-02    4.863000E-02
    7.667299E-01    6.815713E-02    7.858249E-02
    7.682101E-01    8.686974E-02    1.058185E-01
    7.696902E-01    1.047088E-01    1.267871E-01
    7.711704E-01    1.217076E-01    1.444294E-01
    7.726506E-01    1.363408E-01    1.553522E-01
    7.741307E-01    1.496127E-01    1.629802E-01
    7.756109E-01    1.602454E-01    1.642667E-01
    7.770911E-01    1.698132E-01    1.625514E-01
    7.785713E-01    1.780551E-01    1.552763E-01
    7.800514E-01    1.860838E-01    1.455209E-01
    7.815316E-01    1.944799E-01    1.316323E-01
    7.830118E-01    2.033286E-01    1.162405E-01
    7.844920E-01    2.132939E-01    9.930709E-02
    7.859721E-01    2.237642E-01    8.248231E-02
    7.874523E-01    2.348861E-01    6.777213E-02
    7.889325E-01    2.460766E-01    5.500601E-02
    7.904127E-01    2.568289E-01    4.747025E-02
    7.918928E-01    2.670802E-01    4.287794E-02
    7.933730E-01    2.758149E-01    4.403586E-02
    7.948532E-01    2.835584E-01    4.764489E-02
    7.963334E-01    2.888784E-01    5.483507E-02
    7.978135E-01    2.927649E-01    6.307086E-02
    7.992937E-01    2.933341E-01    7.200766E-02
    8.007739E-01    2.920333E-01    8.073488E-02
    8.022540E-01    2.866680E-01    8.825856E-02
    8.037342E-01    2.791998E-01    9.495247E-02
    8.052144E-01    2.676328E-01    9.981063E-02
    8.066946E-01    2.542038E-01    1.037628E-01
    8.081747E-01    2.376532E-01    1.060137E-01
    8.096549E-01    2.199138E-01    1.074466E-01
    8.111351E-01    2.005800E-01    1.071589E-01
    8.126153E-01    1.808174E-01    1.058847E-01
    8.140954E-01    1.608424E-01    1.023167E-01
    8.155756E-01    1.410373E-01    9.749713E-02
    8.170558E-01    1.220571E-01    9.024987E-02
    8.185360E-01    1.037127E-01    8.200629E-02
    8.200161E-01    8.705769E-02    7.250085E-02
    8.214963E-01    7.143341E-02    6.279334E-02
    8.229765E-01    5.816125E-02    5.347400E-02
    8.244566E-01    4.615051E-02    4.464308E-02
    8.259368E-01    3.669016E-02    3.712557E-02
    8.274170E-01    2.844793E-02    3.032143E-02
    8.288972E-01    2.241139E-02    2.490204E-02
    8.303773E-01    1.732468E-02    2.011148E-02
    8.318575E-01    1.380075E-02    1.641903E-02
    8.333377E-01    1.089377E-02    1.319527E-02
    8.348179E-01    8.927102E-03    1.076150E-02
    8.362980E-01    7.308698E-03    8.657657E-03
    8.377782E-01    6.196494E-03    7.099750E-03
    8.392584E-01    5.266927E-03    5.764613E-03
    8.407386E-01    4.602768E-03    4.786409E-03
    8.422187E-01    4.036977E-03    3.948080E-03
    8.436989E-01    3.621051E-03    3.324352E-03
    8.451791E-01    3.263629E-03    2.781731E-03
    8.466592E-01    2.998711E-03    2.361792E-03
    8.481394E-01    2.770182E-03    1.989355E-03
    8.496196E-01    2.597701E-03    1.693901E-03
    8.510998E-01    2.446116E-03    1.431209E-03
    8.525799E-01    2.324701E-03    1.225951E-03
    8.540601E-01    2.214024E-03    1.045796E-03
    8.555403E-01    2.119114E-03    9.081441E-04
    8.570205E-01    2.030537E-03    7.875777E-04
    8.585006E-01    1.953378E-03    6.928921E-04
    8.599808E-01    1.881746E-03    6.075389E-04
    8.614610E-01    1.820806E-03    5.355947E-04
    8.629412E-01    1.764745E-03    4.688833E-04
    8.644213E-01    1.716801E-03    4.116762E-04
    8.659015E-01    1.671863E-03    3.593079E-04
    8.673817E-01    1.630862E-03    3.169396E-04
    8.688619E-01    1.591050E-03    2.794334E-04
    8.703420E-01    1.552872E-03    2.504774E-04
    8.718222E-01    1.515541E-03    2.248383E-04
    8.733024E-01    1.480488E-03    2.036558E-04
    8.747825E-01    1.446911E-03    1.837762E-04
    8.762627E-01    1.416658E-03    1.654201E-04
    8.777429E-01    1.387991E-03    1.477283E-04
    8.792231E-01    1.361846E-03    1.318309E-04
    8.807032E-01    1.336511E-03    1.171766E-04
    8.821834E-01    1.311968E-03    1.054916E-04
    8.836636E-01    1.287583E-03    9.529188E-05
    8.851438E-01    1.263509E-03    8.754384E-05
    8.866239E-01    1.239780E-03    8.059242E-05
    8.881041E-01    1.217275E-03    7.434851E-05
    8.895843E-01    1.195592E-03    6.815484E-05
    8.910645E-01    1.175655E-03    6.189927E-05
    8.925446E-01    1.156467E-03    5.573631E-05
    8.940248E-01    1.138280E-03    5.021962E-05
    8.955050E-01    1.120328E-03    4.523851E-05
    8.969851E-01    1.102491E-03    4.151893E-05
    8.984653E-01    1.084682E-03    3.836799E-05
    8.999455E-01    1.067151E-03    3.597154E-05
    9.014257E-01    1.049945E-03    3.371277E-05
    9.029058E-01    1.033721E-03    3.134817E-05
    9.043860E-01    1.018059E-03    2.885738E-05
    9.058662E-01    1.003409E-03    2.622385E-05
    9.073464E-01    9.891135E-04    2.365722E-05
    9.088265E-01    9.751598E-04    2.152240E-05
    9.103067E-01    9.612438E-04    1.969556E-05
    9.117869E-01    9.473359E-04    1.847969E-05
    9.132671E-01    9.335017E-04    1.747664E-05
    9.147472E-01    9.200776E-04    1.661943E-05
    9.162274E-01    9.069850E-04    1.570961E-05
    9.177076E-01    8.946786E-04    1.457343E-05
    9.191878E-01    8.827355E-04    1.334526E-05
    9.206679E-01    8.713085E-04    1.209796E-05
    9.221481E-01    8.600079E-04    1.094130E-05
    9.236283E-01    8.487609E-04    1.011072E-05
    9.251084E-01    8.375134E-04    9.457682E-06
    9.265886E-01    8.263659E-04    9.065443E-06
    9.280688E-01    8.153667E-04    8.718421E-06
    9.295490E-01    8.048561E-04    8.294945E-06
    9.310291E-01    7.946374E-04    7.787670E-06
    9.325093E-01    7.849588E-04    7.128182E-06
    9.339895E-01    7.754704E-04    6.443721E-06
    9.354697E-01    7.661637E-04    5.844418E-06
    9.369498E-01    7.568733E-04    5.340678E-06
    9.384300E-01    7.475797E-04    5.059578E-06
    9.399102E-01    7.383264E-04    4.862813E-06
    9.413904E-01    7.293080E-04    4.723513E-06
    9.428705E-01    7.204805E-04    4.555677E-06
    9.443507E-01    7.121025E-04    4.264683E-06
    9.458309E-01    7.039284E-04    3.915493E-06
    9.473110E-01    6.960326E-04    3.518828E-06
    9.487912E-01    6.881992E-04    3.145987E-06
    9.502714E-01    6.803829E-04    2.898446E-06
    9.517516E-01    6.725675E-04    2.726706E-06
    9.532317E-01    6.648316E-04    2.671442E-06
    9.547119E-01    6.571986E-04    2.635548E-06
    9.561921E-01    6.498822E-04    2.556388E-06
    9.576723E-01    6.427442E-04    2.431173E-06
    9.591524E-01    6.359143E-04    2.216383E-06
    9.606326E-01    6.291824E-04    1.980504E-06
    9.621128E-01    6.225238E-04    1.769940E-06
    9.635930E-01    6.158645E-04    1.600208E-06
    9.650731E-01    6.092076E-04    1.532259E-06
    9.665533E-01    6.025898E-04    1.503259E-06
    9.680335E-01    5.961558E-04    1.498061E-06
    9.695137E-01    5.898545E-04    1.476567E-06
    9.709938E-01    5.838356E-04    1.390264E-06
    9.724740E-01    5.779306E-04    1.273611E-06
    9.739542E-01    5.721552E-04    1.131338E-06
    9.754343E-01    5.663977E-04    1.000219E-06
    9.769145E-01    5.606316E-04    9.294132E-07
    9.783947E-01    5.548727E-04    8.938308E-07
    9.798749E-01    5.492039E-04    9.066019E-07
    9.813550E-01    5.436240E-04    9.223854E-07
    9.828352E-01    5.382767E-04    9.031436E-07
    9.843154E-01    5.330431E-04    8.559859E-07
    9.857956E-01    5.279759E-04    7.600883E-07
    9.872757E-01    5.229486E-04    6.547262E-07
    9.887559E-01    5.179328E-04    5.684439E-07
    9.902361E-01    5.129133E-04    5.058674E-07
    9.917163E-01    5.079241E-04    4.960329E-07
    9.931964E-01    5.029861E-04    5.029097E-07
    9.946766E-01    4.982176E-04    5.103119E-07
    9.961568E-01    4.935481E-04    5.032343E-07
    9.976369E-01    4.890515E-04    4.545910E-07
    9.991171E-01    4.846089E-04    3.894641E-07
    1.000597E+00    4.802033E-04    3.159149E-07
    1.002077E+00    4.757948E-04    2.523076E-07
    1.003558E+00    4.713868E-04    2.265457E-07
    1.005038E+00    4.670034E-04    2.189872E-07
    1.006518E+00    4.627334E-04    2.283028E-07
    1.007998E+00    4.585428E-04    2.326164E-07
    1.009478E+00    4.545139E-04    2.062155E-07
    1.010959E+00    4.505456E-04    1.618236E-07
    1.012439E+00    4.466361E-04    9.329856E-08
    1.013919E+00    4.427297E-04    2.421598E-08
    1.015399E+00    4.388134E-04   -2.302925E-08
    1.016879E+00    4.349055E-04   -5.363722E-08
    1.018359E+00    4.310677E-04   -5.633729E-08
    1.019840E+00    4.272905E-04   -5.417677E-08
    1.021320E+00    4.236558E-04   -6.298656E-08
    1.022800E+00    4.200829E-04   -8.366080E-08
    1.024280E+00    4.165843E-04   -1.270666E-07
    1.025760E+00    4.130966E-04   -1.747528E-07
    1.027240E+00    4.096012E-04   -2.103827E-07
    1.028721E+00    4.061064E-04   -2.315921E-07
    1.030201E+00    4.026530E-04   -2.195834E-07
    1.031681E+00    3.992448E-04   -1.958970E-07
    1.033161E+00    3.959579E-04   -1.673375E-07
    1.034641E+00    3.927297E-04   -1.452954E-07
    1.036121E+00    3.895823E-04   -1.456552E-07
    1.037602E+00    3.864506E-04   -1.558127E-07
    1.039082E+00    3.833133E-04   -1.726952E-07
    1.040562E+00    3.801707E-04   -1.851331E-07
    1.042042E+00    3.770451E-04   -1.792195E-07
    1.043522E+00    3.739498E-04   -1.650157E-07
    1.045003E+00    3.709510E-04   -1.455615E-07
    1.046483E+00    3.680042E-04   -1.305870E-07
    1.047963E+00    3.651380E-04   -1.341695E-07
    1.049443E+00    3.622910E-04   -1.470996E-07
    1.050923E+00    3.594462E-04   -1.692095E-07
    1.052403E+00    3.565966E-04   -1.888156E-07
    1.053884E+00    3.537570E-04   -1.925514E-07
    1.055364E+00    3.509417E-04   -1.877204E-07
    1.056844E+00    3.482116E-04   -1.747120E-07
    1.058324E+00    3.455310E-04   -1.647132E-07
    1.059804E+00    3.429332E-04   -1.728417E-07
    1.061284E+00    3.403581E-04   -1.919674E-07
    1.062765E+00    3.377903E-04   -2.263275E-07
    1.064245E+00    3.352171E-04   -2.610617E-07
    1.065725E+00    3.326427E-04   -2.816484E-07
    1.067205E+00    3.300836E-04   -2.913472E-07
    1.068685E+00    3.275892E-04   -2.822806E-07
    1.070165E+00    3.251359E-04   -2.694194E-07
    1.071646E+00    3.227557E-04   -2.620740E-07
    1.073126E+00    3.203972E-04   -2.616528E-07
    1.074606E+00    3.180489E-04   -2.744179E-07
    1.076086E+00    3.156970E-04   -2.891909E-07
    1.077566E+00    3.133455E-04   -2.956695E-07
    1.079046E+00    3.110085E-04   -2.938459E-07
    1.080527E+00    3.087327E-04   -2.754890E-07
    1.082007E+00    3.064964E-04   -2.527670E-07
    1.083487E+00    3.043328E-04   -2.322781E-07
    1.084967E+00    3.021921E-04   -2.170347E-07
    1.086447E+00    3.000656E-04   -2.133819E-07
    1.087928E+00    2.979369E-04   -2.122086E-07
    1.089408E+00    2.958088E-04   -2.057778E-07
    1.090888E+00    2.936929E-04   -1.930473E-07
    1.092368E+00    2.916292E-04   -1.677348E-07
    1.093848E+00    2.895993E-04   -1.397820E-07
    1.095328E+00    2.876293E-04   -1.171383E-07
    1.096809E+00    2.856766E-04   -1.013088E-07
    1.098289E+00    2.837291E-04   -1.006867E-07
    1.099769E+00    2.817760E-04   -1.046589E-07
    1.101249E+00    2.798172E-04   -1.079333E-07
    1.102729E+00    2.778669E-04   -1.070601E-07
    1.104209E+00    2.759596E-04   -9.711580E-08
    1.105690E+00    2.740803E-04   -8.583694E-08
    1.107170E+00    2.722489E-04   -8.199189E-08
    1.108650E+00    2.704297E-04   -8.608938E-08
    1.110130E+00    2.686102E-04   -1.081632E-07
    1.111610E+00    2.667854E-04   -1.364160E-07
    1.113090E+00    2.649598E-04   -1.669680E-07
    1.114571E+00    2.631461E-04   -1.943763E-07
    1.116051E+00    2.613810E-04   -2.129938E-07
    1.117531E+00    2.596450E-04   -2.293641E-07
    1.119011E+00    2.579563E-04   -2.492628E-07
    1.120491E+00    2.562788E-04   -2.742570E-07
    1.121972E+00    2.545997E-04   -3.102716E-07
    1.123452E+00    2.529152E-04   -3.487822E-07
    1.124932E+00    2.512305E-04   -3.828280E-07
    1.126412E+00    2.495574E-04   -4.109807E-07
    1.127892E+00    2.479291E-04   -4.260564E-07
    1.129372E+00    2.463266E-04   -4.370364E-07
    1.130853E+00    2.447642E-04   -4.476977E-07
    1.132333E+00    2.432109E-04   -4.612525E-07
    1.133813E+00    2.416569E-04   -4.811760E-07
    1.135293E+00    2.401006E-04   -5.016989E-07
    1.136773E+00    2.385523E-04   -5.161382E-07
    1.138253E+00    2.370180E-04   -5.252304E-07
    1.139734E+00    2.355254E-04   -5.242586E-07
    1.141214E+00    2.340525E-04   -5.207432E-07
    1.142694E+00    2.326013E-04   -5.179894E-07
    1.144174E+00    2.311500E-04   -5.169207E-07
    1.145654E+00    2.296853E-04   -5.164349E-07
    1.147134E+00    2.282160E-04   -5.130297E-07
    1.148615E+00    2.267562E-04   -4.985669E-07
    1.150095E+00    2.253115E-04   -4.787768E-07
    1.151575E+00    2.239078E-04   -4.552858E-07
    1.153055E+00    2.225212E-04   -4.351607E-07
    1.154535E+00    2.211506E-04   -4.302332E-07
    1.156016E+00    2.197793E-04   -4.336948E-07
    1.157496E+00    2.184012E-04   -4.474825E-07
    1.158976E+00    2.170252E-04   -4.611242E-07
    1.160456E+00    2.156733E-04   -4.660488E-07
    1.161936E+00    2.143413E-04   -4.657434E-07
    1.163416E+00    2.130502E-04   -4.599709E-07
    1.164897E+00    2.117726E-04   -4.553466E-07
    1.166377E+00    2.105017E-04   -4.579695E-07
    1.167857E+00    2.092275E-04   -4.633970E-07
    1.169337E+00    2.079484E-04   -4.670077E-07
    1.170817E+00    2.066740E-04   -4.655934E-07
    1.172297E+00    2.054261E-04   -4.505956E-07
    1.173778E+00    2.041950E-04   -4.305814E-07
    1.175258E+00    2.029898E-04   -4.093732E-07
    1.176738E+00    2.017890E-04   -3.922738E-07
    1.178218E+00    2.005819E-04   -3.883632E-07
    1.179698E+00    1.993702E-04   -3.902115E-07
    1.181178E+00    1.981611E-04   -3.973260E-07
    1.182659E+00    1.969621E-04   -4.039119E-07
    1.184139E+00    1.957953E-04   -4.066430E-07
    1.185619E+00    1.946432E-04   -4.081633E-07
    1.187099E+00    1.935059E-04   -4.108185E-07
    1.188579E+00    1.923675E-04   -4.151734E-07
    1.190060E+00    1.912200E-04   -4.217267E-07
    1.191540E+00    1.900719E-04   -4.275802E-07
    1.193020E+00    1.889408E-04   -4.295011E-07
    1.194500E+00    1.878262E-04   -4.301131E-07
    1.195980E+00    1.867475E-04   -4.332261E-07
    1.197460E+00    1.856808E-04   -4.406902E-07
    1.198941E+00    1.846192E-04   -4.602148E-07
    1.200421E+00    1.835539E-04   -4.846080E-07
    1.201901E+00    1.824830E-04   -5.113326E-07
    1.203381E+00    1.814164E-04   -5.350816E-07
    1.204861E+00    1.803754E-04   -5.486982E-07
    1.206341E+00    1.793509E-04   -5.583917E-07
    1.207822E+00    1.783532E-04   -5.673091E-07
    1.209302E+00    1.773613E-04   -5.793206E-07
    1.210782E+00    1.763674E-04   -5.991775E-07
    1.212262E+00    1.753714E-04   -6.202765E-07
    1.213742E+00    1.743809E-04   -6.348490E-07
    1.215222E+00    1.734000E-04   -6.428002E-07
    1.216703E+00    1.724454E-04   -6.373651E-07
    1.218183E+00    1.715012E-04   -6.284532E-07
    1.219663E+00    1.705639E-04   -6.213926E-07
    1.221143E+00    1.696241E-04   -6.179527E-07
    1.222623E+00    1.686784E-04   -6.205099E-07
    1.224103E+00    1.677349E-04   -6.230084E-07
    1.225584E+00    1.668086E-04   -6.193865E-07
    1.227064E+00    1.658931E-04   -6.118619E-07
    1.228544E+00    1.649898E-04   -5.998839E-07
    1.230024E+00    1.640841E-04   -5.883661E-07
    1.231504E+00    1.631608E-04   -5.805232E-07
    1.232985E+00    1.622292E-04   -5.733003E-07
    1.234465E+00    1.612955E-04   -5.615383E-07
    1.235945E+00    1.603700E-04   -5.453445E-07
    1.237425E+00    1.594700E-04   -5.214762E-07
    1.238905E+00    1.585803E-04   -4.973655E-07
    1.240385E+00    1.576970E-04   -4.821806E-07
    1.241866E+00    1.568112E-04   -4.742869E-07
    1.243346E+00    1.559212E-04   -4.791619E-07
    1.244826E+00    1.550352E-04   -4.866344E-07
    1.246306E+00    1.541711E-04   -4.915813E-07
    1.247786E+00    1.533203E-04   -4.938081E-07
    1.249266E+00    1.524874E-04   -4.933113E-07
    1.250747E+00    1.516556E-04   -4.938302E-07
    1.252227E+00    1.508143E-04   -4.982055E-07
    1.253707E+00    1.499689E-04   -5.029959E-07
    1.255187E+00    1.491274E-04   -5.035112E-07
    1.256667E+00    1.482941E-04   -5.005994E-07
    1.258147E+00    1.474807E-04   -4.931388E-07
    1.259628E+00    1.466728E-04   -4.861628E-07
    1.261108E+00    1.458638E-04   -4.843890E-07
    1.262588E+00    1.450516E-04   -4.848600E-07
    1.264068E+00    1.442401E-04   -4.850353E-07
    1.265548E+00    1.434358E-04   -4.831710E-07
    1.267029E+00    1.426548E-04   -4.791262E-07
    1.268509E+00    1.418827E-04   -4.778108E-07
    1.269989E+00    1.411121E-04   -4.902972E-07
    1.271469E+00    1.403342E-04   -5.107953E-07
    1.272949E+00    1.395386E-04   -5.401209E-07
    1.274429E+00    1.387401E-04   -5.672819E-07
    1.275910E+00    1.379548E-04   -5.786859E-07
    1.277390E+00    1.371825E-04   -5.803487E-07
    1.278870E+00    1.364359E-04   -5.668702E-07
    1.280350E+00    1.356969E-04   -5.495720E-07
    1.281830E+00    1.349643E-04   -5.289520E-07
    1.283310E+00    1.342347E-04   -5.059138E-07
    1.284791E+00    1.335175E-04   -4.738809E-07
    1.286271E+00    1.328084E-04   -4.369150E-07
    1.287751E+00    1.321079E-04   -3.960093E-07
    1.289231E+00    1.314034E-04   -3.585109E-07
    1.290711E+00    1.306769E-04   -3.369053E-07
    1.292191E+00    1.299395E-04   -3.239199E-07
    1.293672E+00    1.291965E-04   -3.214751E-07
    1.295152E+00    1.284615E-04   -3.197207E-07
    1.296632E+00    1.277557E-04   -3.144565E-07
    1.298112E+00    1.271768E-04   -3.094424E-07
    1.299592E+00    1.270631E-04   -3.086318E-07
