   -2.414163E+00    6.365183E-08   -7.921934E-09
   -2.412683E+00    3.791796E-07   -5.582755E-08
   -2.411203E+00    7.529435E-07   -1.160556E-07
   -2.409722E+00    1.098900E-06   -1.698369E-07
   -2.408242E+00    1.428334E-06   -2.149531E-07
   -2.406762E+00    1.736592E-06   -2.375790E-07
   -2.405282E+00    2.042361E-06   -2.511139E-07
   -2.403802E+00    2.366962E-06   -2.554172E-07
   -2.402322E+00    2.701525E-06   -2.594639E-07
   -2.400841E+00    3.051679E-06   -2.686412E-07
   -2.399361E+00    3.405450E-06   -2.819158E-07
   -2.397881E+00    3.734929E-06   -3.044775E-07
   -2.396401E+00    4.041283E-06   -3.330806E-07
   -2.394921E+00    4.306152E-06   -3.680724E-07
   -2.393441E+00    4.555934E-06   -4.023461E-07
   -2.391960E+00    4.787517E-06   -4.493053E-07
   -2.390480E+00    5.019159E-06   -5.018403E-07
   -2.389000E+00    5.276625E-06   -5.531975E-07
   -2.387520E+00    5.555301E-06   -6.043790E-07
   -2.386040E+00    5.867426E-06   -6.510872E-07
   -2.384560E+00    6.190678E-06   -6.937009E-07
   -2.383079E+00    6.516829E-06   -7.262477E-07
   -2.381599E+00    6.832679E-06   -7.530345E-07
   -2.380119E+00    7.117819E-06   -7.660791E-07
   -2.378639E+00    7.388865E-06   -7.698897E-07
   -2.377159E+00    7.648296E-06   -7.511945E-07
   -2.375678E+00    7.915309E-06   -7.228226E-07
   -2.374198E+00    8.209163E-06   -6.830065E-07
   -2.372718E+00    8.521085E-06   -6.404377E-07
   -2.371238E+00    8.870764E-06   -6.001333E-07
   -2.369758E+00    9.229612E-06   -5.618733E-07
   -2.368278E+00    9.581739E-06   -5.245069E-07
   -2.366797E+00    9.920505E-06   -4.872646E-07
   -2.365317E+00    1.022217E-05   -4.555389E-07
   -2.363837E+00    1.050259E-05   -4.263823E-07
   -2.362357E+00    1.074995E-05   -3.950847E-07
   -2.360877E+00    1.099389E-05   -3.606942E-07
   -2.359397E+00    1.125557E-05   -3.170635E-07
   -2.357916E+00    1.153334E-05   -2.724469E-07
   -2.356436E+00    1.185304E-05   -2.319467E-07
   -2.354956E+00    1.219103E-05   -1.905824E-07
   -2.353476E+00    1.254788E-05   -1.516492E-07
   -2.351996E+00    1.290317E-05   -1.150429E-07
   -2.350516E+00    1.324073E-05   -8.170535E-08
   -2.349035E+00    1.356879E-05   -5.264549E-08
   -2.347555E+00    1.387812E-05   -2.621762E-08
   -2.346075E+00    1.418481E-05   -4.312490E-09
   -2.344595E+00    1.450904E-05    1.178124E-09
   -2.343115E+00    1.484760E-05    1.684340E-09
   -2.341634E+00    1.522326E-05   -1.268594E-08
   -2.340154E+00    1.561651E-05   -3.108290E-08
   -2.338674E+00    1.602784E-05   -5.352948E-08
   -2.337194E+00    1.643895E-05   -7.889057E-08
   -2.335714E+00    1.682819E-05   -1.048193E-07
   -2.334234E+00    1.720151E-05   -1.263517E-07
   -2.332753E+00    1.754155E-05   -1.378414E-07
   -2.331273E+00    1.786709E-05   -1.454864E-07
   -2.329793E+00    1.818713E-05   -1.406670E-07
   -2.328313E+00    1.851368E-05   -1.314081E-07
   -2.326833E+00    1.886397E-05   -1.137942E-07
   -2.325353E+00    1.923135E-05   -9.595002E-08
   -2.323872E+00    1.962533E-05   -8.321744E-08
   -2.322392E+00    2.002482E-05   -7.428062E-08
   -2.320912E+00    2.041553E-05   -7.384049E-08
   -2.319432E+00    2.079165E-05   -7.877326E-08
   -2.317952E+00    2.113384E-05   -9.833605E-08
   -2.316472E+00    2.146043E-05   -1.213321E-07
   -2.314991E+00    2.176187E-05   -1.502670E-07
   -2.313511E+00    2.206155E-05   -1.847686E-07
   -2.312031E+00    2.237362E-05   -2.328448E-07
   -2.310551E+00    2.269491E-05   -2.847342E-07
   -2.309071E+00    2.304919E-05   -3.405365E-07
   -2.307591E+00    2.341945E-05   -3.977537E-07
   -2.306110E+00    2.380205E-05   -4.474545E-07
   -2.304630E+00    2.418322E-05   -4.907056E-07
   -2.303150E+00    2.454748E-05   -5.201624E-07
   -2.301670E+00    2.489821E-05   -5.450965E-07
   -2.300190E+00    2.521934E-05   -5.567608E-07
   -2.298709E+00    2.552812E-05   -5.582804E-07
   -2.297229E+00    2.582972E-05   -5.490196E-07
   -2.295749E+00    2.613827E-05   -5.366599E-07
   -2.294269E+00    2.647155E-05   -5.197459E-07
   -2.292789E+00    2.681636E-05   -5.038287E-07
   -2.291309E+00    2.718367E-05   -4.901570E-07
   -2.289828E+00    2.755839E-05   -4.771075E-07
   -2.288348E+00    2.792724E-05   -4.663344E-07
   -2.286868E+00    2.828387E-05   -4.560775E-07
   -2.285388E+00    2.860795E-05   -4.478703E-07
   -2.283908E+00    2.891451E-05   -4.387716E-07
   -2.282428E+00    2.919417E-05   -4.266734E-07
   -2.280947E+00    2.946751E-05   -4.137470E-07
   -2.279467E+00    2.974423E-05   -3.963890E-07
   -2.277987E+00    3.003038E-05   -3.789801E-07
   -2.276507E+00    3.034759E-05   -3.623265E-07
   -2.275027E+00    3.068167E-05   -3.456235E-07
   -2.273547E+00    3.103951E-05   -3.277906E-07
   -2.272066E+00    3.140323E-05   -3.105849E-07
   -2.270586E+00    3.176644E-05   -2.947237E-07
   -2.269106E+00    3.212085E-05   -2.788475E-07
   -2.267626E+00    3.244731E-05   -2.676618E-07
   -2.266146E+00    3.276221E-05   -2.587377E-07
   -2.264665E+00    3.306708E-05   -2.509334E-07
   -2.263185E+00    3.337277E-05   -2.469217E-07
   -2.261705E+00    3.369589E-05   -2.559608E-07
   -2.260225E+00    3.403626E-05   -2.675287E-07
   -2.258745E+00    3.441163E-05   -2.884133E-07
   -2.257265E+00    3.479996E-05   -3.140102E-07
   -2.255784E+00    3.520381E-05   -3.452248E-07
   -2.254304E+00    3.560751E-05   -3.769623E-07
   -2.252824E+00    3.599548E-05   -4.033993E-07
   -2.251344E+00    3.637061E-05   -4.293982E-07
   -2.249864E+00    3.671467E-05   -4.510693E-07
   -2.248384E+00    3.704520E-05   -4.694700E-07
   -2.246903E+00    3.736230E-05   -4.852410E-07
   -2.245423E+00    3.768015E-05   -5.026516E-07
   -2.243943E+00    3.801177E-05   -5.254666E-07
   -2.242463E+00    3.835798E-05   -5.515453E-07
   -2.240983E+00    3.873341E-05   -5.901328E-07
   -2.239503E+00    3.911778E-05   -6.337537E-07
   -2.238022E+00    3.951235E-05   -6.827139E-07
   -2.236542E+00    3.990464E-05   -7.329527E-07
   -2.235062E+00    4.027488E-05   -7.862028E-07
   -2.233582E+00    4.063189E-05   -8.406934E-07
   -2.232102E+00    4.096017E-05   -8.951667E-07
   -2.230621E+00    4.127678E-05   -9.464880E-07
   -2.229141E+00    4.158265E-05   -9.914195E-07
   -2.227661E+00    4.188939E-05   -1.035550E-06
   -2.226181E+00    4.221193E-05   -1.077065E-06
   -2.224701E+00    4.254618E-05   -1.115648E-06
   -2.223221E+00    4.290513E-05   -1.149154E-06
   -2.221740E+00    4.327157E-05   -1.180403E-06
   -2.220260E+00    4.364185E-05   -1.203067E-06
   -2.218780E+00    4.400811E-05   -1.218260E-06
   -2.217300E+00    4.435690E-05   -1.216983E-06
   -2.215820E+00    4.469237E-05   -1.209150E-06
   -2.214340E+00    4.499971E-05   -1.187941E-06
   -2.212859E+00    4.529976E-05   -1.160560E-06
   -2.211379E+00    4.559482E-05   -1.123810E-06
   -2.209899E+00    4.589348E-05   -1.081345E-06
   -2.208419E+00    4.621202E-05   -1.030110E-06
   -2.206939E+00    4.654300E-05   -9.783619E-07
   -2.205459E+00    4.690139E-05   -9.303787E-07
   -2.203978E+00    4.727092E-05   -8.870901E-07
   -2.202498E+00    4.764970E-05   -8.555162E-07
   -2.201018E+00    4.802571E-05   -8.297069E-07
   -2.199538E+00    4.837815E-05   -8.121977E-07
   -2.198058E+00    4.871793E-05   -7.973032E-07
   -2.196577E+00    4.903658E-05   -7.887753E-07
   -2.195097E+00    4.934510E-05   -7.836687E-07
   -2.193617E+00    4.964426E-05   -7.810935E-07
   -2.192137E+00    4.994801E-05   -7.793614E-07
   -2.190657E+00    5.027886E-05   -7.771019E-07
   -2.189177E+00    5.062472E-05   -7.754705E-07
   -2.187696E+00    5.100340E-05   -7.780228E-07
   -2.186216E+00    5.139808E-05   -7.796865E-07
   -2.184736E+00    5.180615E-05   -7.799815E-07
   -2.183256E+00    5.221300E-05   -7.796562E-07
   -2.181776E+00    5.260493E-05   -7.780947E-07
   -2.180296E+00    5.298331E-05   -7.745641E-07
   -2.178815E+00    5.333154E-05   -7.654339E-07
   -2.177335E+00    5.366624E-05   -7.557406E-07
   -2.175855E+00    5.398377E-05   -7.420245E-07
   -2.174375E+00    5.429749E-05   -7.261843E-07
   -2.172895E+00    5.461698E-05   -7.105310E-07
   -2.171415E+00    5.494823E-05   -6.969905E-07
   -2.169934E+00    5.530955E-05   -6.882499E-07
   -2.168454E+00    5.568317E-05   -6.815935E-07
   -2.166974E+00    5.607564E-05   -6.779682E-07
   -2.165494E+00    5.647193E-05   -6.755819E-07
   -2.164014E+00    5.686112E-05   -6.760166E-07
   -2.162534E+00    5.724217E-05   -6.780007E-07
   -2.161053E+00    5.759902E-05   -6.810905E-07
   -2.159573E+00    5.794197E-05   -6.839489E-07
   -2.158093E+00    5.826309E-05   -6.874870E-07
   -2.156613E+00    5.858035E-05   -6.909534E-07
   -2.155133E+00    5.890271E-05   -6.929184E-07
   -2.153652E+00    5.923503E-05   -6.952321E-07
   -2.152172E+00    5.959295E-05   -6.999233E-07
   -2.150692E+00    5.996205E-05   -7.053570E-07
   -2.149212E+00    6.035419E-05   -7.147849E-07
   -2.147732E+00    6.075152E-05   -7.264665E-07
   -2.146252E+00    6.114680E-05   -7.389218E-07
   -2.144771E+00    6.153732E-05   -7.515341E-07
   -2.143291E+00    6.190367E-05   -7.672442E-07
   -2.141811E+00    6.225656E-05   -7.820392E-07
   -2.140331E+00    6.258423E-05   -7.930647E-07
   -2.138851E+00    6.290352E-05   -8.035385E-07
   -2.137371E+00    6.322382E-05   -8.123705E-07
   -2.135890E+00    6.354905E-05   -8.213100E-07
   -2.134410E+00    6.389388E-05   -8.286447E-07
   -2.132930E+00    6.425256E-05   -8.359018E-07
   -2.131450E+00    6.463591E-05   -8.427731E-07
   -2.129970E+00    6.502807E-05   -8.496145E-07
   -2.128490E+00    6.542633E-05   -8.565688E-07
   -2.127009E+00    6.581973E-05   -8.621749E-07
   -2.125529E+00    6.619296E-05   -8.653405E-07
   -2.124049E+00    6.655229E-05   -8.665299E-07
   -2.122569E+00    6.688108E-05   -8.643512E-07
   -2.121089E+00    6.719849E-05   -8.603431E-07
   -2.119608E+00    6.750476E-05   -8.515611E-07
   -2.118128E+00    6.780921E-05   -8.415778E-07
   -2.116648E+00    6.812648E-05   -8.342629E-07
   -2.115168E+00    6.845763E-05   -8.287327E-07
   -2.113688E+00    6.881822E-05   -8.252055E-07
   -2.112208E+00    6.919515E-05   -8.238254E-07
   -2.110727E+00    6.959931E-05   -8.281176E-07
   -2.109247E+00    7.001178E-05   -8.351414E-07
   -2.107767E+00    7.042757E-05   -8.463801E-07
   -2.106287E+00    7.083729E-05   -8.580064E-07
   -2.104807E+00    7.122690E-05   -8.674801E-07
   -2.103327E+00    7.160561E-05   -8.765581E-07
   -2.101846E+00    7.196244E-05   -8.835992E-07
   -2.100366E+00    7.231011E-05   -8.887151E-07
   -2.098886E+00    7.265452E-05   -8.916876E-07
   -2.097406E+00    7.300584E-05   -8.940286E-07
   -2.095926E+00    7.337888E-05   -8.978442E-07
   -2.094446E+00    7.376333E-05   -9.025500E-07
   -2.092965E+00    7.417043E-05   -9.123913E-07
   -2.091485E+00    7.458786E-05   -9.247390E-07
   -2.090005E+00    7.501248E-05   -9.359536E-07
   -2.088525E+00    7.543456E-05   -9.465527E-07
   -2.087045E+00    7.584096E-05   -9.565758E-07
   -2.085564E+00    7.623510E-05   -9.642416E-07
   -2.084084E+00    7.660381E-05   -9.639053E-07
   -2.082604E+00    7.695972E-05   -9.616373E-07
   -2.081124E+00    7.729765E-05   -9.561265E-07
   -2.079644E+00    7.763494E-05   -9.477934E-07
   -2.078164E+00    7.798711E-05   -9.361695E-07
   -2.076683E+00    7.835061E-05   -9.246295E-07
   -2.075203E+00    7.874065E-05   -9.156189E-07
   -2.073723E+00    7.914567E-05   -9.065260E-07
   -2.072243E+00    7.957396E-05   -8.981345E-07
   -2.070763E+00    8.000948E-05   -8.915728E-07
   -2.069283E+00    8.044997E-05   -8.876378E-07
   -2.067802E+00    8.088479E-05   -8.840364E-07
   -2.066322E+00    8.129901E-05   -8.803088E-07
   -2.064842E+00    8.169965E-05   -8.753248E-07
   -2.063362E+00    8.207130E-05   -8.655035E-07
   -2.061882E+00    8.243322E-05   -8.541207E-07
   -2.060402E+00    8.278501E-05   -8.409444E-07
   -2.058921E+00    8.313761E-05   -8.283225E-07
   -2.057441E+00    8.350396E-05   -8.187651E-07
   -2.055961E+00    8.388127E-05   -8.118754E-07
   -2.054481E+00    8.428579E-05   -8.101291E-07
   -2.053001E+00    8.470228E-05   -8.104848E-07
   -2.051520E+00    8.513552E-05   -8.190334E-07
   -2.050040E+00    8.557089E-05   -8.314775E-07
   -2.048560E+00    8.599701E-05   -8.470434E-07
   -2.047080E+00    8.641517E-05   -8.647579E-07
   -2.045600E+00    8.680830E-05   -8.864587E-07
   -2.044120E+00    8.718688E-05   -9.088346E-07
   -2.042639E+00    8.754195E-05   -9.293141E-07
   -2.041159E+00    8.789034E-05   -9.479642E-07
   -2.039679E+00    8.824156E-05   -9.657030E-07
   -2.038199E+00    8.859984E-05   -9.829196E-07
   -2.036719E+00    8.898052E-05   -1.000479E-06
   -2.035239E+00    8.937804E-05   -1.019014E-06
   -2.033758E+00    8.981194E-05   -1.039684E-06
   -2.032278E+00    9.025838E-05   -1.060879E-06
   -2.030798E+00    9.072061E-05   -1.081488E-06
   -2.029318E+00    9.118413E-05   -1.101588E-06
   -2.027838E+00    9.163530E-05   -1.118049E-06
   -2.026358E+00    9.207570E-05   -1.131533E-06
   -2.024877E+00    9.248739E-05   -1.138241E-06
   -2.023397E+00    9.288467E-05   -1.141583E-06
   -2.021917E+00    9.325892E-05   -1.136768E-06
   -2.020437E+00    9.362748E-05   -1.127268E-06
   -2.018957E+00    9.399490E-05   -1.112196E-06
   -2.017476E+00    9.436774E-05   -1.095239E-06
   -2.015996E+00    9.476162E-05   -1.075747E-06
   -2.014516E+00    9.516745E-05   -1.054666E-06
   -2.013036E+00    9.559793E-05   -1.032436E-06
   -2.011556E+00    9.603754E-05   -1.012956E-06
   -2.010076E+00    9.648398E-05   -9.979228E-07
   -2.008595E+00    9.692748E-05   -9.833085E-07
   -2.007115E+00    9.735305E-05   -9.683898E-07
   -2.005635E+00    9.776676E-05   -9.534971E-07
   -2.004155E+00    9.814999E-05   -9.412599E-07
   -2.002675E+00    9.851870E-05   -9.297075E-07
   -2.001195E+00    9.886823E-05   -9.188560E-07
   -1.999714E+00    9.921266E-05   -9.098728E-07
   -1.998234E+00    9.955866E-05   -9.064714E-07
   -1.996754E+00    9.991150E-05   -9.054255E-07
   -1.995274E+00    1.002902E-04   -9.110082E-07
   -1.993794E+00    1.006836E-04   -9.201060E-07
   -1.992314E+00    1.011051E-04   -9.349883E-07
   -1.990833E+00    1.015387E-04   -9.527553E-07
   -1.989353E+00    1.019826E-04   -9.736722E-07
   -1.987873E+00    1.024257E-04   -9.940774E-07
   -1.986393E+00    1.028557E-04   -1.010532E-06
   -1.984913E+00    1.032735E-04   -1.025026E-06
   -1.983433E+00    1.036671E-04   -1.033389E-06
   -1.981952E+00    1.040499E-04   -1.038757E-06
   -1.980472E+00    1.044179E-04   -1.037096E-06
   -1.978992E+00    1.047833E-04   -1.031257E-06
   -1.977512E+00    1.051554E-04   -1.020424E-06
   -1.976032E+00    1.055389E-04   -1.009427E-06
   -1.974551E+00    1.059543E-04   -9.990009E-07
   -1.973071E+00    1.063863E-04   -9.873364E-07
   -1.971591E+00    1.068495E-04   -9.752603E-07
   -1.970111E+00    1.073245E-04   -9.642722E-07
   -1.968631E+00    1.078122E-04   -9.576727E-07
   -1.967151E+00    1.082993E-04   -9.525566E-07
   -1.965670E+00    1.087741E-04   -9.478359E-07
   -1.964190E+00    1.092382E-04   -9.433778E-07
   -1.962710E+00    1.096739E-04   -9.373886E-07
   -1.961230E+00    1.100958E-04   -9.313559E-07
   -1.959750E+00    1.104965E-04   -9.236994E-07
   -1.958270E+00    1.108921E-04   -9.149569E-07
   -1.956789E+00    1.112889E-04   -9.086026E-07
   -1.955309E+00    1.116909E-04   -9.043143E-07
   -1.953829E+00    1.121138E-04   -9.012831E-07
   -1.952349E+00    1.125506E-04   -8.987206E-07
   -1.950869E+00    1.130116E-04   -8.995839E-07
   -1.949389E+00    1.134816E-04   -9.010759E-07
   -1.947908E+00    1.139593E-04   -9.032200E-07
   -1.946428E+00    1.144346E-04   -9.062281E-07
   -1.944948E+00    1.148954E-04   -9.097388E-07
   -1.943468E+00    1.153442E-04   -9.118196E-07
   -1.941988E+00    1.157635E-04   -9.109768E-07
   -1.940507E+00    1.161692E-04   -9.082722E-07
   -1.939027E+00    1.165534E-04   -9.004238E-07
   -1.937547E+00    1.169314E-04   -8.901640E-07
   -1.936067E+00    1.173132E-04   -8.752302E-07
   -1.934587E+00    1.177049E-04   -8.595899E-07
   -1.933107E+00    1.181202E-04   -8.466629E-07
   -1.931626E+00    1.185493E-04   -8.348672E-07
   -1.930146E+00    1.190134E-04   -8.269568E-07
   -1.928666E+00    1.194935E-04   -8.221654E-07
   -1.927186E+00    1.199929E-04   -8.227192E-07
   -1.925706E+00    1.204955E-04   -8.260354E-07
   -1.924226E+00    1.209932E-04   -8.345781E-07
   -1.922745E+00    1.214829E-04   -8.449266E-07
   -1.921265E+00    1.219467E-04   -8.569088E-07
   -1.919785E+00    1.223967E-04   -8.700135E-07
   -1.918305E+00    1.228245E-04   -8.851396E-07
   -1.916825E+00    1.232458E-04   -9.005535E-07
   -1.915345E+00    1.236610E-04   -9.151502E-07
   -1.913864E+00    1.240793E-04   -9.303790E-07
   -1.912384E+00    1.245183E-04   -9.474872E-07
   -1.910904E+00    1.249729E-04   -9.654051E-07
   -1.909424E+00    1.254601E-04   -9.864492E-07
   -1.907944E+00    1.259604E-04   -1.009655E-06
   -1.906463E+00    1.264836E-04   -1.034966E-06
   -1.904983E+00    1.270124E-04   -1.059189E-06
   -1.903503E+00    1.275360E-04   -1.082587E-06
   -1.902023E+00    1.280507E-04   -1.105426E-06
   -1.900543E+00    1.285396E-04   -1.121787E-06
   -1.899063E+00    1.290133E-04   -1.134365E-06
   -1.897582E+00    1.294568E-04   -1.140240E-06
   -1.896102E+00    1.298879E-04   -1.142501E-06
   -1.894622E+00    1.303061E-04   -1.137797E-06
   -1.893142E+00    1.307244E-04   -1.130051E-06
   -1.891662E+00    1.311551E-04   -1.119750E-06
   -1.890182E+00    1.315983E-04   -1.108602E-06
   -1.888701E+00    1.320744E-04   -1.096227E-06
   -1.887221E+00    1.325669E-04   -1.083703E-06
   -1.885741E+00    1.330904E-04   -1.073487E-06
   -1.884261E+00    1.336245E-04   -1.064359E-06
   -1.882781E+00    1.341639E-04   -1.055648E-06
   -1.881301E+00    1.346997E-04   -1.047101E-06
   -1.879820E+00    1.352165E-04   -1.037754E-06
   -1.878340E+00    1.357188E-04   -1.028865E-06
   -1.876860E+00    1.361894E-04   -1.020405E-06
   -1.875380E+00    1.366451E-04   -1.011827E-06
   -1.873900E+00    1.370788E-04   -1.004475E-06
   -1.872419E+00    1.375062E-04   -9.982413E-07
   -1.870939E+00    1.379348E-04   -9.957885E-07
   -1.869459E+00    1.383714E-04   -9.955900E-07
   -1.867979E+00    1.388317E-04   -1.001639E-06
   -1.866499E+00    1.393066E-04   -1.011604E-06
   -1.865019E+00    1.398119E-04   -1.030316E-06
   -1.863538E+00    1.403302E-04   -1.053753E-06
   -1.862058E+00    1.408638E-04   -1.080850E-06
   -1.860578E+00    1.413993E-04   -1.108880E-06
   -1.859098E+00    1.419225E-04   -1.138057E-06
   -1.857618E+00    1.424347E-04   -1.165531E-06
   -1.856138E+00    1.429205E-04   -1.187170E-06
   -1.854657E+00    1.433916E-04   -1.205320E-06
   -1.853177E+00    1.438356E-04   -1.216848E-06
   -1.851697E+00    1.442700E-04   -1.224368E-06
   -1.850217E+00    1.446945E-04   -1.223877E-06
   -1.848737E+00    1.451220E-04   -1.221933E-06
   -1.847257E+00    1.455703E-04   -1.217602E-06
   -1.845776E+00    1.460314E-04   -1.210767E-06
   -1.844296E+00    1.465239E-04   -1.203673E-06
   -1.842816E+00    1.470323E-04   -1.197763E-06
   -1.841336E+00    1.475680E-04   -1.194192E-06
   -1.839856E+00    1.481101E-04   -1.191219E-06
   -1.838376E+00    1.486501E-04   -1.185235E-06
   -1.836895E+00    1.491854E-04   -1.178915E-06
   -1.835415E+00    1.496997E-04   -1.171202E-06
   -1.833935E+00    1.501998E-04   -1.161001E-06
   -1.832455E+00    1.506690E-04   -1.147600E-06
   -1.830975E+00    1.511251E-04   -1.133003E-06
   -1.829494E+00    1.515654E-04   -1.116316E-06
   -1.828014E+00    1.520042E-04   -1.098592E-06
   -1.826534E+00    1.524512E-04   -1.080111E-06
   -1.825054E+00    1.529092E-04   -1.061832E-06
   -1.823574E+00    1.534015E-04   -1.044915E-06
   -1.822094E+00    1.539111E-04   -1.031030E-06
   -1.820613E+00    1.544542E-04   -1.023648E-06
   -1.819133E+00    1.550119E-04   -1.019118E-06
   -1.817653E+00    1.555888E-04   -1.018724E-06
   -1.816173E+00    1.561685E-04   -1.019998E-06
   -1.814693E+00    1.567373E-04   -1.024663E-06
   -1.813213E+00    1.572951E-04   -1.030212E-06
   -1.811732E+00    1.578225E-04   -1.035342E-06
   -1.810252E+00    1.583329E-04   -1.038495E-06
   -1.808772E+00    1.588130E-04   -1.038869E-06
   -1.807292E+00    1.592830E-04   -1.039321E-06
   -1.805812E+00    1.597470E-04   -1.039594E-06
   -1.804332E+00    1.602139E-04   -1.039983E-06
   -1.802851E+00    1.606995E-04   -1.043116E-06
   -1.801371E+00    1.611989E-04   -1.048402E-06
   -1.799891E+00    1.617319E-04   -1.058293E-06
   -1.798411E+00    1.622828E-04   -1.070272E-06
   -1.796931E+00    1.628623E-04   -1.086983E-06
   -1.795450E+00    1.634517E-04   -1.105955E-06
   -1.793970E+00    1.640478E-04   -1.127945E-06
   -1.792490E+00    1.646404E-04   -1.149994E-06
   -1.791010E+00    1.652131E-04   -1.171095E-06
   -1.789530E+00    1.657709E-04   -1.190417E-06
   -1.788050E+00    1.662942E-04   -1.205867E-06
   -1.786569E+00    1.668019E-04   -1.218964E-06
   -1.785089E+00    1.672876E-04   -1.225014E-06
   -1.783609E+00    1.677679E-04   -1.228455E-06
   -1.782129E+00    1.682517E-04   -1.226508E-06
   -1.780649E+00    1.687440E-04   -1.222720E-06
   -1.779169E+00    1.692645E-04   -1.218573E-06
   -1.777688E+00    1.698037E-04   -1.213397E-06
   -1.776208E+00    1.703818E-04   -1.208421E-06
   -1.774728E+00    1.709765E-04   -1.204344E-06
   -1.773248E+00    1.715941E-04   -1.199141E-06
   -1.771768E+00    1.722165E-04   -1.194147E-06
   -1.770288E+00    1.728333E-04   -1.189737E-06
   -1.768807E+00    1.734419E-04   -1.184200E-06
   -1.767327E+00    1.740246E-04   -1.175973E-06
   -1.765847E+00    1.745904E-04   -1.165544E-06
   -1.764367E+00    1.751196E-04   -1.148884E-06
   -1.762887E+00    1.756344E-04   -1.130090E-06
   -1.761406E+00    1.761288E-04   -1.107324E-06
   -1.759926E+00    1.766192E-04   -1.082504E-06
   -1.758446E+00    1.771202E-04   -1.056367E-06
   -1.756966E+00    1.776324E-04   -1.031063E-06
   -1.755486E+00    1.781747E-04   -1.009492E-06
   -1.754006E+00    1.787340E-04   -9.902113E-07
   -1.752525E+00    1.793284E-04   -9.745015E-07
   -1.751045E+00    1.799369E-04   -9.613832E-07
   -1.749565E+00    1.805588E-04   -9.555383E-07
   -1.748085E+00    1.811801E-04   -9.528331E-07
   -1.746605E+00    1.817887E-04   -9.537459E-07
   -1.745125E+00    1.823858E-04   -9.546709E-07
   -1.743644E+00    1.829500E-04   -9.560444E-07
   -1.742164E+00    1.834958E-04   -9.562454E-07
   -1.740684E+00    1.840099E-04   -9.535167E-07
   -1.739204E+00    1.845122E-04   -9.512034E-07
   -1.737724E+00    1.850059E-04   -9.469559E-07
   -1.736244E+00    1.855028E-04   -9.418693E-07
   -1.734763E+00    1.860201E-04   -9.357817E-07
   -1.733283E+00    1.865540E-04   -9.292000E-07
   -1.731803E+00    1.871278E-04   -9.246357E-07
   -1.730323E+00    1.877227E-04   -9.207242E-07
   -1.728843E+00    1.883554E-04   -9.187558E-07
   -1.727362E+00    1.890009E-04   -9.165717E-07
   -1.725882E+00    1.896585E-04   -9.127836E-07
   -1.724402E+00    1.903156E-04   -9.085332E-07
   -1.722922E+00    1.909565E-04   -9.020304E-07
   -1.721442E+00    1.915835E-04   -8.942129E-07
   -1.719962E+00    1.921767E-04   -8.806442E-07
   -1.718481E+00    1.927533E-04   -8.644482E-07
   -1.717001E+00    1.933010E-04   -8.429125E-07
   -1.715521E+00    1.938388E-04   -8.186488E-07
   -1.714041E+00    1.943709E-04   -7.923917E-07
   -1.712561E+00    1.949078E-04   -7.662499E-07
   -1.711081E+00    1.954672E-04   -7.412087E-07
   -1.709600E+00    1.960433E-04   -7.179082E-07
   -1.708120E+00    1.966597E-04   -7.000660E-07
   -1.706640E+00    1.972950E-04   -6.850663E-07
   -1.705160E+00    1.979631E-04   -6.773347E-07
   -1.703680E+00    1.986413E-04   -6.723675E-07
   -1.702200E+00    1.993227E-04   -6.722959E-07
   -1.700719E+00    1.999988E-04   -6.751073E-07
   -1.699239E+00    2.006531E-04   -6.811104E-07
   -1.697759E+00    2.012911E-04   -6.867215E-07
   -1.696279E+00    2.018877E-04   -6.911487E-07
   -1.694799E+00    2.024639E-04   -6.953463E-07
   -1.693318E+00    2.030087E-04   -6.978210E-07
   -1.691838E+00    2.035450E-04   -6.999846E-07
   -1.690358E+00    2.040763E-04   -7.018325E-07
   -1.688878E+00    2.046130E-04   -7.044481E-07
   -1.687398E+00    2.051771E-04   -7.091179E-07
   -1.685918E+00    2.057597E-04   -7.155321E-07
   -1.684437E+00    2.063818E-04   -7.283409E-07
   -1.682957E+00    2.070233E-04   -7.436846E-07
   -1.681477E+00    2.076965E-04   -7.636592E-07
   -1.679997E+00    2.083792E-04   -7.858935E-07
   -1.678517E+00    2.090683E-04   -8.106711E-07
   -1.677037E+00    2.097521E-04   -8.364164E-07
   -1.675556E+00    2.104096E-04   -8.611041E-07
   -1.674076E+00    2.110493E-04   -8.841626E-07
   -1.672596E+00    2.116495E-04   -9.014099E-07
   -1.671116E+00    2.122305E-04   -9.147978E-07
   -1.669636E+00    2.127850E-04   -9.242388E-07
   -1.668156E+00    2.133331E-04   -9.324297E-07
   -1.666675E+00    2.138832E-04   -9.368258E-07
   -1.665195E+00    2.144428E-04   -9.398515E-07
   -1.663715E+00    2.150370E-04   -9.424235E-07
   -1.662235E+00    2.156520E-04   -9.456664E-07
   -1.660755E+00    2.163110E-04   -9.526626E-07
   -1.659275E+00    2.169918E-04   -9.619315E-07
   -1.657794E+00    2.177097E-04   -9.772764E-07
   -1.656314E+00    2.184388E-04   -9.953214E-07
   -1.654834E+00    2.191715E-04   -1.017850E-06
   -1.653354E+00    2.198976E-04   -1.042021E-06
   -1.651874E+00    2.205969E-04   -1.065216E-06
   -1.650393E+00    2.212775E-04   -1.087122E-06
   -1.648913E+00    2.219146E-04   -1.105771E-06
   -1.647433E+00    2.225322E-04   -1.122550E-06
   -1.645953E+00    2.231197E-04   -1.135431E-06
   -1.644473E+00    2.236989E-04   -1.146596E-06
   -1.642993E+00    2.242770E-04   -1.155912E-06
   -1.641512E+00    2.248626E-04   -1.164836E-06
   -1.640032E+00    2.254805E-04   -1.174052E-06
   -1.638552E+00    2.261195E-04   -1.184300E-06
   -1.637072E+00    2.268026E-04   -1.197914E-06
   -1.635592E+00    2.275072E-04   -1.213063E-06
   -1.634112E+00    2.282465E-04   -1.230941E-06
   -1.632631E+00    2.289963E-04   -1.250221E-06
   -1.631151E+00    2.297495E-04   -1.269861E-06
   -1.629671E+00    2.304968E-04   -1.287915E-06
   -1.628191E+00    2.312172E-04   -1.301350E-06
   -1.626711E+00    2.319181E-04   -1.312060E-06
   -1.625231E+00    2.325755E-04   -1.316126E-06
   -1.623750E+00    2.332129E-04   -1.315986E-06
   -1.622270E+00    2.338181E-04   -1.307008E-06
   -1.620790E+00    2.344138E-04   -1.294740E-06
   -1.619310E+00    2.350088E-04   -1.276176E-06
   -1.617830E+00    2.356121E-04   -1.254885E-06
   -1.616349E+00    2.362483E-04   -1.232098E-06
   -1.614869E+00    2.369066E-04   -1.210098E-06
   -1.613389E+00    2.376133E-04   -1.189761E-06
   -1.611909E+00    2.383443E-04   -1.170654E-06
   -1.610429E+00    2.391146E-04   -1.154820E-06
   -1.608949E+00    2.398979E-04   -1.141402E-06
   -1.607468E+00    2.406906E-04   -1.131049E-06
   -1.605988E+00    2.414787E-04   -1.121071E-06
   -1.604508E+00    2.422395E-04   -1.111100E-06
   -1.603028E+00    2.429807E-04   -1.100059E-06
   -1.601548E+00    2.436770E-04   -1.085423E-06
   -1.600068E+00    2.443513E-04   -1.068750E-06
   -1.598587E+00    2.449906E-04   -1.047742E-06
   -1.597107E+00    2.456188E-04   -1.025031E-06
   -1.595627E+00    2.462416E-04   -1.001085E-06
   -1.594147E+00    2.468712E-04   -9.774889E-07
   -1.592667E+00    2.475324E-04   -9.572316E-07
   -1.591187E+00    2.482165E-04   -9.397712E-07
   -1.589706E+00    2.489539E-04   -9.289382E-07
   -1.588226E+00    2.497175E-04   -9.206662E-07
   -1.586746E+00    2.505261E-04   -9.173559E-07
   -1.585266E+00    2.513514E-04   -9.168358E-07
   -1.583786E+00    2.521924E-04   -9.206914E-07
   -1.582305E+00    2.530310E-04   -9.253685E-07
   -1.580825E+00    2.538451E-04   -9.281221E-07
   -1.579345E+00    2.546398E-04   -9.294099E-07
   -1.577865E+00    2.553899E-04   -9.249775E-07
   -1.576385E+00    2.561160E-04   -9.165106E-07
   -1.574905E+00    2.568000E-04   -9.010342E-07
   -1.573424E+00    2.574685E-04   -8.823329E-07
   -1.571944E+00    2.581224E-04   -8.581073E-07
   -1.570464E+00    2.587794E-04   -8.318449E-07
   -1.568984E+00    2.594626E-04   -8.053844E-07
   -1.567504E+00    2.601664E-04   -7.795745E-07
   -1.566024E+00    2.609210E-04   -7.560997E-07
   -1.564543E+00    2.617030E-04   -7.346152E-07
   -1.563063E+00    2.625348E-04   -7.179606E-07
   -1.561583E+00    2.633860E-04   -7.039062E-07
   -1.560103E+00    2.642589E-04   -6.958997E-07
   -1.558623E+00    2.651328E-04   -6.893702E-07
   -1.557143E+00    2.659900E-04   -6.831687E-07
   -1.555662E+00    2.668301E-04   -6.767686E-07
   -1.554182E+00    2.676244E-04   -6.676895E-07
   -1.552702E+00    2.683939E-04   -6.572729E-07
   -1.551222E+00    2.691154E-04   -6.429573E-07
   -1.549742E+00    2.698190E-04   -6.269990E-07
   -1.548261E+00    2.705036E-04   -6.082683E-07
   -1.546781E+00    2.711876E-04   -5.891843E-07
   -1.545301E+00    2.718913E-04   -5.715868E-07
   -1.543821E+00    2.726141E-04   -5.557526E-07
   -1.542341E+00    2.733858E-04   -5.463533E-07
   -1.540861E+00    2.741862E-04   -5.404732E-07
   -1.539380E+00    2.750439E-04   -5.422632E-07
   -1.537900E+00    2.759251E-04   -5.474668E-07
   -1.536420E+00    2.768379E-04   -5.575415E-07
   -1.534940E+00    2.777570E-04   -5.685558E-07
   -1.533460E+00    2.786672E-04   -5.806092E-07
   -1.531980E+00    2.795620E-04   -5.927630E-07
   -1.530499E+00    2.804111E-04   -6.004198E-07
   -1.529019E+00    2.812333E-04   -6.043773E-07
   -1.527539E+00    2.819997E-04   -6.021989E-07
   -1.526059E+00    2.827411E-04   -5.970050E-07
   -1.524579E+00    2.834476E-04   -5.856646E-07
   -1.523099E+00    2.841470E-04   -5.723276E-07
   -1.521618E+00    2.848518E-04   -5.555382E-07
   -1.520138E+00    2.855699E-04   -5.386921E-07
   -1.518658E+00    2.863347E-04   -5.249399E-07
   -1.517178E+00    2.871278E-04   -5.136420E-07
   -1.515698E+00    2.879799E-04   -5.095518E-07
   -1.514218E+00    2.888606E-04   -5.089579E-07
   -1.512737E+00    2.897879E-04   -5.143694E-07
   -1.511257E+00    2.907284E-04   -5.220187E-07
   -1.509777E+00    2.916733E-04   -5.323718E-07
   -1.508297E+00    2.926099E-04   -5.432434E-07
   -1.506817E+00    2.935116E-04   -5.510217E-07
   -1.505336E+00    2.943901E-04   -5.560245E-07
   -1.503856E+00    2.952146E-04   -5.547383E-07
   -1.502376E+00    2.960110E-04   -5.499423E-07
   -1.500896E+00    2.967623E-04   -5.373151E-07
   -1.499416E+00    2.975012E-04   -5.214846E-07
   -1.497936E+00    2.982367E-04   -5.027731E-07
   -1.496455E+00    2.989803E-04   -4.836649E-07
   -1.494975E+00    2.997616E-04   -4.653722E-07
   -1.493495E+00    3.005693E-04   -4.485382E-07
   -1.492015E+00    3.014400E-04   -4.390395E-07
   -1.490535E+00    3.023438E-04   -4.341410E-07
   -1.489055E+00    3.033021E-04   -4.374679E-07
   -1.487574E+00    3.042801E-04   -4.441239E-07
   -1.486094E+00    3.052804E-04   -4.552114E-07
   -1.484614E+00    3.062790E-04   -4.678183E-07
   -1.483134E+00    3.072518E-04   -4.812334E-07
   -1.481654E+00    3.082023E-04   -4.934628E-07
   -1.480174E+00    3.090936E-04   -4.998626E-07
   -1.478693E+00    3.099536E-04   -5.024845E-07
   -1.477213E+00    3.107576E-04   -4.980833E-07
   -1.475733E+00    3.115401E-04   -4.898271E-07
   -1.474253E+00    3.122975E-04   -4.738995E-07
   -1.472773E+00    3.130550E-04   -4.554130E-07
   -1.471292E+00    3.138360E-04   -4.351980E-07
   -1.469812E+00    3.146395E-04   -4.151537E-07
   -1.468332E+00    3.155051E-04   -3.996359E-07
   -1.466852E+00    3.164047E-04   -3.878286E-07
   -1.465372E+00    3.173713E-04   -3.837043E-07
   -1.463892E+00    3.183676E-04   -3.836103E-07
   -1.462411E+00    3.194083E-04   -3.912940E-07
   -1.460931E+00    3.204578E-04   -4.027980E-07
   -1.459451E+00    3.214998E-04   -4.179473E-07
   -1.457971E+00    3.225267E-04   -4.341034E-07
   -1.456491E+00    3.235046E-04   -4.497383E-07
   -1.455011E+00    3.244523E-04   -4.635162E-07
   -1.453530E+00    3.253360E-04   -4.726285E-07
   -1.452050E+00    3.261909E-04   -4.784300E-07
   -1.450570E+00    3.270033E-04   -4.791929E-07
   -1.449090E+00    3.278047E-04   -4.777138E-07
   -1.447610E+00    3.286092E-04   -4.737249E-07
   -1.446130E+00    3.294282E-04   -4.695548E-07
   -1.444649E+00    3.302984E-04   -4.671486E-07
   -1.443169E+00    3.312031E-04   -4.681684E-07
   -1.441689E+00    3.321833E-04   -4.760387E-07
   -1.440209E+00    3.331993E-04   -4.871627E-07
   -1.438729E+00    3.342742E-04   -5.055341E-07
   -1.437248E+00    3.353695E-04   -5.269355E-07
   -1.435768E+00    3.364805E-04   -5.510741E-07
   -1.434288E+00    3.375856E-04   -5.748480E-07
   -1.432808E+00    3.386555E-04   -5.964137E-07
   -1.431328E+00    3.396980E-04   -6.155355E-07
   -1.429848E+00    3.406723E-04   -6.272356E-07
   -1.428367E+00    3.416121E-04   -6.342132E-07
   -1.426887E+00    3.424918E-04   -6.308245E-07
   -1.425407E+00    3.433493E-04   -6.228551E-07
   -1.423927E+00    3.441851E-04   -6.093027E-07
   -1.422447E+00    3.450244E-04   -5.935142E-07
   -1.420967E+00    3.458975E-04   -5.764633E-07
   -1.419486E+00    3.467989E-04   -5.617618E-07
   -1.418006E+00    3.477736E-04   -5.520334E-07
   -1.416526E+00    3.487888E-04   -5.465787E-07
   -1.415046E+00    3.498825E-04   -5.517553E-07
   -1.413566E+00    3.510089E-04   -5.620688E-07
   -1.412086E+00    3.521785E-04   -5.830378E-07
   -1.410605E+00    3.533564E-04   -6.066723E-07
   -1.409125E+00    3.545220E-04   -6.326655E-07
   -1.407645E+00    3.556690E-04   -6.590645E-07
   -1.406165E+00    3.567581E-04   -6.801933E-07
   -1.404685E+00    3.578113E-04   -6.966820E-07
   -1.403204E+00    3.587931E-04   -7.041735E-07
   -1.401724E+00    3.597422E-04   -7.074745E-07
   -1.400244E+00    3.606415E-04   -7.014951E-07
   -1.398764E+00    3.615280E-04   -6.914717E-07
   -1.397284E+00    3.624186E-04   -6.765554E-07
   -1.395804E+00    3.633267E-04   -6.598964E-07
   -1.394323E+00    3.642949E-04   -6.437105E-07
   -1.392843E+00    3.653018E-04   -6.302396E-07
   -1.391363E+00    3.663944E-04   -6.228568E-07
   -1.389883E+00    3.675280E-04   -6.190499E-07
   -1.388403E+00    3.687313E-04   -6.244654E-07
   -1.386923E+00    3.699598E-04   -6.333848E-07
   -1.385442E+00    3.712114E-04   -6.463315E-07
   -1.383962E+00    3.724587E-04   -6.602951E-07
   -1.382482E+00    3.736685E-04   -6.722191E-07
   -1.381002E+00    3.748484E-04   -6.809059E-07
   -1.379522E+00    3.759526E-04   -6.811426E-07
   -1.378042E+00    3.770165E-04   -6.762479E-07
   -1.376561E+00    3.780078E-04   -6.605413E-07
   -1.375081E+00    3.789717E-04   -6.398615E-07
   -1.373601E+00    3.799070E-04   -6.107189E-07
   -1.372121E+00    3.808436E-04   -5.792082E-07
   -1.370641E+00    3.818145E-04   -5.458949E-07
   -1.369160E+00    3.828157E-04   -5.141909E-07
   -1.367680E+00    3.838961E-04   -4.894358E-07
   -1.366200E+00    3.850228E-04   -4.703321E-07
   -1.364720E+00    3.862411E-04   -4.654589E-07
   -1.363240E+00    3.874988E-04   -4.672897E-07
   -1.361760E+00    3.888133E-04   -4.805668E-07
   -1.360279E+00    3.901409E-04   -4.984024E-07
   -1.358799E+00    3.914614E-04   -5.222202E-07
   -1.357319E+00    3.927634E-04   -5.463269E-07
   -1.355839E+00    3.940029E-04   -5.678423E-07
   -1.354359E+00    3.952020E-04   -5.862208E-07
   -1.352879E+00    3.963149E-04   -5.963592E-07
   -1.351398E+00    3.973867E-04   -6.015966E-07
   -1.349918E+00    3.983937E-04   -5.960032E-07
   -1.348438E+00    3.993818E-04   -5.856997E-07
   -1.346958E+00    4.003649E-04   -5.693516E-07
   -1.345478E+00    4.013630E-04   -5.521004E-07
   -1.343998E+00    4.024206E-04   -5.370099E-07
   -1.342517E+00    4.035208E-04   -5.252764E-07
   -1.341037E+00    4.047212E-04   -5.227350E-07
   -1.339557E+00    4.059720E-04   -5.254315E-07
   -1.338077E+00    4.073109E-04   -5.396162E-07
   -1.336597E+00    4.086846E-04   -5.591176E-07
   -1.335117E+00    4.100982E-04   -5.864418E-07
   -1.333636E+00    4.115135E-04   -6.161018E-07
   -1.332156E+00    4.128987E-04   -6.456497E-07
   -1.330676E+00    4.142532E-04   -6.726771E-07
   -1.329196E+00    4.155225E-04   -6.915268E-07
   -1.327716E+00    4.167447E-04   -7.046851E-07
   -1.326235E+00    4.178754E-04   -7.045054E-07
   -1.324755E+00    4.189678E-04   -6.968485E-07
   -1.323275E+00    4.200098E-04   -6.770308E-07
   -1.321795E+00    4.210437E-04   -6.534386E-07
   -1.320315E+00    4.220978E-04   -6.268655E-07
   -1.318835E+00    4.231789E-04   -6.010410E-07
   -1.317354E+00    4.243434E-04   -5.784949E-07
   -1.315874E+00    4.255592E-04   -5.609837E-07
   -1.314394E+00    4.268846E-04   -5.566087E-07
   -1.312914E+00    4.282622E-04   -5.586157E-07
   -1.311434E+00    4.297239E-04   -5.741373E-07
   -1.309954E+00    4.312113E-04   -5.954768E-07
   -1.308473E+00    4.327148E-04   -6.248838E-07
   -1.306993E+00    4.342073E-04   -6.554704E-07
   -1.305513E+00    4.356424E-04   -6.831399E-07
   -1.304033E+00    4.370356E-04   -7.067939E-07
   -1.302553E+00    4.383284E-04   -7.212751E-07
   -1.301073E+00    4.395697E-04   -7.299012E-07
   -1.299592E+00    4.407202E-04   -7.216150E-07
   -1.298112E+00    4.418373E-04   -7.058927E-07
   -1.296632E+00    4.429218E-04   -6.793468E-07
   -1.295152E+00    4.440106E-04   -6.492342E-07
   -1.293672E+00    4.451466E-04   -6.171090E-07
   -1.292191E+00    4.463234E-04   -5.859479E-07
   -1.290711E+00    4.476078E-04   -5.632021E-07
   -1.289231E+00    4.489520E-04   -5.467705E-07
   -1.287751E+00    4.504155E-04   -5.442477E-07
   -1.286271E+00    4.519305E-04   -5.489571E-07
   -1.284791E+00    4.535184E-04   -5.677813E-07
   -1.283310E+00    4.551235E-04   -5.918893E-07
   -1.281830E+00    4.567221E-04   -6.196089E-07
   -1.280350E+00    4.582977E-04   -6.469201E-07
   -1.278870E+00    4.597925E-04   -6.684551E-07
   -1.277390E+00    4.612350E-04   -6.846849E-07
   -1.275910E+00    4.625635E-04   -6.876395E-07
   -1.274429E+00    4.638383E-04   -6.828229E-07
   -1.272949E+00    4.650260E-04   -6.621938E-07
   -1.271469E+00    4.661870E-04   -6.347678E-07
   -1.269989E+00    4.673373E-04   -5.979728E-07
   -1.268509E+00    4.685040E-04   -5.588149E-07
   -1.267029E+00    4.697445E-04   -5.202745E-07
   -1.265548E+00    4.710382E-04   -4.853098E-07
   -1.264068E+00    4.724580E-04   -4.620113E-07
   -1.262588E+00    4.739445E-04   -4.456295E-07
   -1.261108E+00    4.755550E-04   -4.445950E-07
   -1.259628E+00    4.772146E-04   -4.517640E-07
   -1.258147E+00    4.789342E-04   -4.725832E-07
   -1.256667E+00    4.806614E-04   -4.972617E-07
   -1.255187E+00    4.823579E-04   -5.236533E-07
   -1.253707E+00    4.840184E-04   -5.482977E-07
   -1.252227E+00    4.855753E-04   -5.650538E-07
   -1.250747E+00    4.870716E-04   -5.746552E-07
   -1.249266E+00    4.884440E-04   -5.667108E-07
   -1.247786E+00    4.897614E-04   -5.495250E-07
   -1.246306E+00    4.910000E-04   -5.160458E-07
   -1.244826E+00    4.922193E-04   -4.762578E-07
   -1.243346E+00    4.934485E-04   -4.288254E-07
   -1.241866E+00    4.947064E-04   -3.817656E-07
   -1.240385E+00    4.960633E-04   -3.419090E-07
   -1.238905E+00    4.974851E-04   -3.078141E-07
   -1.237425E+00    4.990530E-04   -2.891144E-07
   -1.235945E+00    5.006927E-04   -2.805238E-07
   -1.234465E+00    5.024564E-04   -2.935649E-07
   -1.232985E+00    5.042661E-04   -3.154544E-07
   -1.231504E+00    5.061204E-04   -3.512806E-07
   -1.230024E+00    5.079711E-04   -3.910277E-07
   -1.228544E+00    5.097673E-04   -4.315893E-07
   -1.227064E+00    5.115156E-04   -4.698222E-07
   -1.225584E+00    5.131378E-04   -4.964876E-07
   -1.224103E+00    5.146916E-04   -5.145226E-07
   -1.222623E+00    5.161147E-04   -5.115447E-07
   -1.221143E+00    5.174828E-04   -4.988203E-07
   -1.219663E+00    5.187809E-04   -4.690830E-07
   -1.218183E+00    5.200696E-04   -4.328328E-07
   -1.216703E+00    5.213903E-04   -3.895169E-07
   -1.215222E+00    5.227520E-04   -3.459851E-07
   -1.213742E+00    5.242401E-04   -3.107366E-07
   -1.212262E+00    5.258051E-04   -2.821826E-07
   -1.210782E+00    5.275331E-04   -2.697461E-07
   -1.209302E+00    5.293377E-04   -2.681197E-07
   -1.207822E+00    5.312691E-04   -2.886295E-07
   -1.206341E+00    5.332429E-04   -3.182218E-07
   -1.204861E+00    5.352473E-04   -3.585685E-07
   -1.203381E+00    5.372389E-04   -4.009896E-07
   -1.201901E+00    5.391529E-04   -4.417686E-07
   -1.200421E+00    5.410062E-04   -4.772227E-07
   -1.198941E+00    5.427099E-04   -4.953187E-07
   -1.197460E+00    5.443369E-04   -5.031530E-07
   -1.195980E+00    5.458234E-04   -4.871481E-07
   -1.194500E+00    5.472550E-04   -4.591084E-07
   -1.193020E+00    5.486255E-04   -4.118671E-07
   -1.191540E+00    5.499941E-04   -3.579897E-07
   -1.190060E+00    5.514194E-04   -2.967954E-07
   -1.188579E+00    5.529008E-04   -2.361348E-07
   -1.187099E+00    5.545338E-04   -1.869888E-07
   -1.185619E+00    5.562557E-04   -1.470267E-07
   -1.184139E+00    5.581628E-04   -1.307496E-07
   -1.182659E+00    5.601523E-04   -1.272791E-07
   -1.181178E+00    5.622716E-04   -1.460019E-07
   -1.179698E+00    5.644295E-04   -1.746290E-07
   -1.178218E+00    5.666039E-04   -2.159456E-07
   -1.176738E+00    5.687555E-04   -2.597384E-07
   -1.175258E+00    5.708027E-04   -3.001866E-07
   -1.173778E+00    5.727763E-04   -3.338179E-07
   -1.172297E+00    5.745803E-04   -3.475907E-07
   -1.170817E+00    5.762985E-04   -3.492673E-07
   -1.169337E+00    5.778643E-04   -3.267013E-07
   -1.167857E+00    5.793758E-04   -2.920664E-07
   -1.166377E+00    5.808358E-04   -2.364233E-07
   -1.164897E+00    5.823016E-04   -1.746678E-07
   -1.163416E+00    5.838452E-04   -1.098182E-07
   -1.161936E+00    5.854570E-04   -4.807492E-08
   -1.160456E+00    5.872469E-04   -2.664257E-09
   -1.158976E+00    5.891386E-04    3.209128E-08
   -1.157496E+00    5.912342E-04    4.057872E-08
   -1.156016E+00    5.934180E-04    3.396897E-08
   -1.154535E+00    5.957341E-04    1.868852E-10
   -1.153055E+00    5.980856E-04   -4.425393E-08
   -1.151575E+00    6.004385E-04   -1.039882E-07
   -1.150095E+00    6.027574E-04   -1.661618E-07
   -1.148615E+00    6.049485E-04   -2.205285E-07
   -1.147134E+00    6.070539E-04   -2.671591E-07
   -1.145654E+00    6.089645E-04   -2.923370E-07
   -1.144174E+00    6.107798E-04   -3.036976E-07
   -1.142694E+00    6.124333E-04   -2.852020E-07
   -1.141214E+00    6.140307E-04   -2.537465E-07
   -1.139734E+00    6.155830E-04   -2.029167E-07
   -1.138253E+00    6.171501E-04   -1.463253E-07
   -1.136773E+00    6.188191E-04   -8.798794E-08
   -1.135293E+00    6.205700E-04   -3.441841E-08
   -1.133813E+00    6.225313E-04   -1.015774E-09
   -1.132333E+00    6.246090E-04    1.839553E-08
   -1.130853E+00    6.269116E-04    5.244610E-09
   -1.129372E+00    6.293107E-04   -2.470618E-08
   -1.127892E+00    6.318480E-04   -8.537948E-08
   -1.126412E+00    6.344189E-04   -1.582087E-07
   -1.124932E+00    6.369786E-04   -2.467989E-07
   -1.123452E+00    6.394934E-04   -3.372103E-07
   -1.121972E+00    6.418542E-04   -4.173031E-07
   -1.120491E+00    6.441147E-04   -4.874625E-07
   -1.119011E+00    6.461528E-04   -5.306208E-07
   -1.117531E+00    6.480837E-04   -5.571366E-07
   -1.116051E+00    6.498369E-04   -5.479421E-07
   -1.114571E+00    6.515311E-04   -5.227964E-07
   -1.113090E+00    6.531860E-04   -4.734003E-07
   -1.111610E+00    6.548635E-04   -4.171530E-07
   -1.110130E+00    6.566658E-04   -3.610101E-07
   -1.108650E+00    6.585657E-04   -3.095050E-07
   -1.107170E+00    6.607089E-04   -2.799262E-07
   -1.105690E+00    6.629843E-04   -2.678537E-07
   -1.104209E+00    6.655137E-04   -2.941391E-07
   -1.102729E+00    6.681501E-04   -3.414388E-07
   -1.101249E+00    6.709366E-04   -4.250834E-07
   -1.099769E+00    6.737566E-04   -5.214748E-07
   -1.098289E+00    6.765538E-04   -6.356630E-07
   -1.096809E+00    6.792963E-04   -7.512204E-07
   -1.095328E+00    6.818572E-04   -8.561502E-07
   -1.093848E+00    6.843006E-04   -9.503400E-07
   -1.092368E+00    6.864866E-04   -1.010698E-06
   -1.090888E+00    6.885509E-04   -1.050570E-06
   -1.089408E+00    6.904155E-04   -1.049399E-06
   -1.087928E+00    6.922155E-04   -1.030071E-06
   -1.086447E+00    6.939753E-04   -9.818608E-07
   -1.084967E+00    6.957624E-04   -9.250475E-07
   -1.083487E+00    6.976986E-04   -8.685236E-07
   -1.082007E+00    6.997491E-04   -8.194584E-07
   -1.080527E+00    7.020821E-04   -7.976783E-07
   -1.079046E+00    7.045671E-04   -7.960808E-07
   -1.077566E+00    7.073407E-04   -8.424488E-07
   -1.076086E+00    7.102362E-04   -9.140516E-07
   -1.074606E+00    7.133017E-04   -1.029768E-06
   -1.073126E+00    7.164040E-04   -1.162631E-06
   -1.071646E+00    7.194754E-04   -1.316857E-06
   -1.070165E+00    7.224812E-04   -1.474462E-06
   -1.068685E+00    7.252702E-04   -1.623058E-06
   -1.067205E+00    7.279223E-04   -1.758037E-06
   -1.065725E+00    7.302769E-04   -1.852033E-06
   -1.064245E+00    7.324899E-04   -1.923022E-06
   -1.062765E+00    7.344741E-04   -1.945959E-06
   -1.061284E+00    7.363833E-04   -1.945275E-06
   -1.059804E+00    7.382438E-04   -1.908786E-06
   -1.058324E+00    7.401376E-04   -1.861312E-06
   -1.056844E+00    7.422058E-04   -1.808689E-06
   -1.055364E+00    7.444053E-04   -1.763070E-06
   -1.053884E+00    7.469322E-04   -1.748730E-06
   -1.052403E+00    7.496364E-04   -1.756552E-06
   -1.050923E+00    7.526791E-04   -1.819319E-06
   -1.049443E+00    7.558647E-04   -1.911272E-06
   -1.047963E+00    7.592463E-04   -2.056876E-06
   -1.046483E+00    7.626708E-04   -2.223907E-06
   -1.045003E+00    7.660634E-04   -2.417443E-06
   -1.043522E+00    7.693813E-04   -2.616037E-06
   -1.042042E+00    7.724506E-04   -2.805346E-06
   -1.040562E+00    7.753615E-04   -2.979979E-06
   -1.039082E+00    7.779272E-04   -3.109348E-06
   -1.037602E+00    7.803282E-04   -3.210829E-06
   -1.036121E+00    7.824569E-04   -3.255785E-06
   -1.034641E+00    7.844957E-04   -3.274668E-06
   -1.033161E+00    7.864762E-04   -3.251066E-06
   -1.031681E+00    7.884930E-04   -3.214205E-06
   -1.030201E+00    7.907068E-04   -3.173651E-06
   -1.028721E+00    7.930728E-04   -3.143484E-06
   -1.027240E+00    7.958194E-04   -3.153831E-06
   -1.025760E+00    7.987728E-04   -3.192903E-06
   -1.024280E+00    8.021230E-04   -3.301694E-06
   -1.022800E+00    8.056422E-04   -3.447936E-06
   -1.021320E+00    8.093999E-04   -3.665495E-06
   -1.019840E+00    8.132123E-04   -3.913315E-06
   -1.018359E+00    8.169927E-04   -4.202909E-06
   -1.016879E+00    8.206878E-04   -4.502240E-06
   -1.015399E+00    8.240938E-04   -4.794744E-06
   -1.013919E+00    8.273134E-04   -5.071789E-06
   -1.012439E+00    8.301225E-04   -5.297552E-06
   -1.010959E+00    8.327331E-04   -5.491008E-06
   -1.009478E+00    8.350101E-04   -5.615189E-06
   -1.007998E+00    8.371736E-04   -5.704324E-06
   -1.006518E+00    8.392477E-04   -5.736093E-06
   -1.005038E+00    8.413541E-04   -5.750474E-06
   -1.003558E+00    8.436762E-04   -5.752791E-06
   -1.002077E+00    8.461704E-04   -5.764084E-06
   -1.000597E+00    8.491041E-04   -5.822512E-06
   -9.991171E-01    8.522814E-04   -5.914379E-06
   -9.976369E-01    8.559346E-04   -6.092069E-06
   -9.961568E-01    8.597921E-04   -6.318678E-06
   -9.946766E-01    8.639433E-04   -6.640390E-06
   -9.931964E-01    8.681683E-04   -7.003382E-06
   -9.917163E-01    8.723733E-04   -7.428523E-06
   -9.902361E-01    8.764852E-04   -7.871129E-06
   -9.887559E-01    8.802660E-04   -8.320016E-06
   -9.872757E-01    8.838284E-04   -8.755049E-06
   -9.857956E-01    8.869042E-04   -9.136098E-06
   -9.843154E-01    8.897401E-04   -9.480450E-06
   -9.828352E-01    8.921629E-04   -9.738885E-06
   -9.813550E-01    8.944379E-04   -9.955459E-06
   -9.798749E-01    8.965794E-04   -1.009722E-05
   -9.783947E-01    8.987469E-04   -1.021341E-05
   -9.769145E-01    9.011505E-04   -1.031206E-05
   -9.754343E-01    9.037514E-04   -1.041859E-05
   -9.739542E-01    9.068631E-04   -1.057773E-05
   -9.724740E-01    9.102643E-04   -1.077976E-05
   -9.709938E-01    9.142448E-04   -1.109416E-05
   -9.695137E-01    9.184803E-04   -1.147322E-05
   -9.680335E-01    9.230995E-04   -1.198080E-05
   -9.665533E-01    9.278223E-04   -1.254853E-05
   -9.650731E-01    9.325541E-04   -1.321420E-05
   -9.635930E-01    9.371893E-04   -1.391091E-05
   -9.621128E-01    9.414484E-04   -1.463474E-05
   -9.606326E-01    9.454511E-04   -1.535243E-05
   -9.591524E-01    9.488638E-04   -1.601774E-05
   -9.576723E-01    9.519776E-04   -1.664153E-05
   -9.561921E-01    9.545631E-04   -1.716374E-05
   -9.547119E-01    9.569531E-04   -1.763174E-05
   -9.532317E-01    9.591381E-04   -1.800131E-05
   -9.517516E-01    9.613291E-04   -1.833488E-05
   -9.502714E-01    9.637571E-04   -1.863416E-05
   -9.487912E-01    9.664073E-04   -1.893849E-05
   -9.473110E-01    9.696605E-04   -1.930106E-05
   -9.458309E-01    9.732611E-04   -1.971795E-05
   -9.443507E-01    9.775720E-04   -2.028109E-05
   -9.428705E-01    9.822048E-04   -2.093068E-05
   -9.413904E-01    9.873385E-04   -2.176731E-05
   -9.399102E-01    9.926219E-04   -2.269468E-05
   -9.384300E-01    9.979633E-04   -2.378033E-05
   -9.369498E-01    1.003209E-03   -2.492622E-05
   -9.354697E-01    1.008032E-03   -2.614360E-05
   -9.339895E-01    1.012547E-03   -2.736907E-05
   -9.325093E-01    1.016341E-03   -2.855765E-05
   -9.310291E-01    1.019757E-03   -2.970513E-05
   -9.295490E-01    1.022483E-03   -3.073890E-05
   -9.280688E-01    1.024939E-03   -3.170681E-05
   -9.265886E-01    1.027069E-03   -3.254734E-05
   -9.251084E-01    1.029168E-03   -3.333773E-05
   -9.236283E-01    1.031484E-03   -3.406931E-05
   -9.221481E-01    1.034043E-03   -3.480050E-05
   -9.206679E-01    1.037296E-03   -3.560157E-05
   -9.191878E-01    1.040967E-03   -3.647199E-05
   -9.177076E-01    1.045524E-03   -3.754213E-05
   -9.162274E-01    1.050495E-03   -3.873609E-05
   -9.147472E-01    1.056141E-03   -4.020582E-05
   -9.132671E-01    1.062008E-03   -4.181531E-05
   -9.117869E-01    1.068018E-03   -4.368640E-05
   -9.103067E-01    1.073942E-03   -4.566871E-05
   -9.088265E-01    1.079397E-03   -4.781105E-05
   -9.073464E-01    1.084493E-03   -4.999610E-05
   -9.058662E-01    1.088694E-03   -5.219009E-05
   -9.043860E-01    1.092411E-03   -5.435327E-05
   -9.029058E-01    1.095203E-03   -5.639464E-05
   -9.014257E-01    1.097611E-03   -5.835735E-05
   -8.999455E-01    1.099506E-03   -6.015496E-05
   -8.984653E-01    1.101305E-03   -6.188083E-05
   -8.969851E-01    1.103262E-03   -6.351443E-05
   -8.955050E-01    1.105472E-03   -6.514115E-05
   -8.940248E-01    1.108483E-03   -6.685237E-05
   -8.925446E-01    1.112000E-03   -6.865640E-05
   -8.910645E-01    1.116624E-03   -7.074566E-05
   -8.895843E-01    1.121787E-03   -7.302105E-05
   -8.881041E-01    1.127869E-03   -7.573197E-05
   -8.866239E-01    1.134272E-03   -7.867595E-05
   -8.851438E-01    1.140958E-03   -8.208050E-05
   -8.836636E-01    1.147585E-03   -8.569523E-05
   -8.821834E-01    1.153689E-03   -8.965807E-05
   -8.807032E-01    1.159351E-03   -9.374673E-05
   -8.792231E-01    1.163870E-03   -9.797569E-05
   -8.777429E-01    1.167749E-03   -1.022201E-04
   -8.762627E-01    1.170350E-03   -1.063960E-04
   -8.747825E-01    1.172390E-03   -1.104984E-04
   -8.733024E-01    1.173594E-03   -1.144200E-04
   -8.718222E-01    1.174574E-03   -1.182544E-04
   -8.703420E-01    1.175560E-03   -1.219701E-04
   -8.688619E-01    1.176784E-03   -1.256799E-04
   -8.673817E-01    1.178900E-03   -1.295142E-04
   -8.659015E-01    1.181623E-03   -1.334909E-04
   -8.644213E-01    1.185740E-03   -1.379215E-04
   -8.629412E-01    1.190562E-03   -1.426591E-04
   -8.614610E-01    1.196642E-03   -1.481439E-04
   -8.599808E-01    1.203194E-03   -1.540481E-04
   -8.585006E-01    1.210248E-03   -1.608283E-04
   -8.570205E-01    1.217287E-03   -1.680369E-04
   -8.555403E-01    1.223740E-03   -1.760262E-04
   -8.540601E-01    1.229645E-03   -1.843430E-04
   -8.525799E-01    1.234042E-03   -1.931526E-04
   -8.510998E-01    1.237553E-03   -2.021204E-04
   -8.496196E-01    1.239213E-03   -2.112297E-04
   -8.481394E-01    1.240010E-03   -2.203353E-04
   -8.466592E-01    1.239393E-03   -2.293381E-04
   -8.451791E-01    1.238309E-03   -2.382770E-04
   -8.436989E-01    1.236884E-03   -2.471425E-04
   -8.422187E-01    1.235605E-03   -2.560400E-04
   -8.407386E-01    1.235218E-03   -2.652167E-04
   -8.392584E-01    1.235527E-03   -2.746651E-04
   -8.377782E-01    1.237559E-03   -2.849690E-04
   -8.362980E-01    1.240507E-03   -2.958589E-04
   -8.348179E-01    1.245169E-03   -3.082065E-04
   -8.333377E-01    1.250511E-03   -3.214035E-04
   -8.318575E-01    1.256644E-03   -3.364589E-04
   -8.303773E-01    1.262815E-03   -3.524796E-04
   -8.288972E-01    1.268281E-03   -3.703928E-04
   -8.274170E-01    1.273003E-03   -3.891810E-04
   -8.259368E-01    1.275550E-03   -4.094996E-04
   -8.244566E-01    1.276763E-03   -4.304424E-04
   -8.229765E-01    1.275047E-03   -4.523350E-04
   -8.214963E-01    1.271878E-03   -4.745625E-04
   -8.200161E-01    1.266111E-03   -4.972347E-04
   -8.185360E-01    1.259326E-03   -5.200783E-04
   -8.170558E-01    1.251267E-03   -5.433022E-04
   -8.155756E-01    1.243018E-03   -5.668144E-04
   -8.140954E-01    1.235271E-03   -5.912714E-04
   -8.126153E-01    1.228166E-03   -6.164560E-04
   -8.111351E-01    1.222940E-03   -6.437297E-04
   -8.096549E-01    1.218809E-03   -6.723994E-04
   -8.081747E-01    1.216826E-03   -7.045774E-04
   -8.066946E-01    1.215707E-03   -7.388405E-04
   -8.052144E-01    1.215571E-03   -7.778279E-04
   -8.037342E-01    1.215403E-03   -8.193788E-04
   -8.022540E-01    1.213939E-03   -8.662603E-04
   -8.007739E-01    1.211188E-03   -9.158088E-04
   -7.992937E-01    1.204640E-03   -9.704914E-04
   -7.978135E-01    1.195665E-03   -1.027559E-03
   -7.963334E-01    1.181104E-03   -1.088919E-03
   -7.948532E-01    1.163597E-03   -1.152175E-03
   -7.933730E-01    1.140316E-03   -1.218816E-03
   -7.918928E-01    1.114414E-03   -1.287026E-03
   -7.904127E-01    1.084187E-03   -1.358425E-03
   -7.889325E-01    1.052393E-03   -1.431639E-03
   -7.874523E-01    1.018752E-03   -1.509302E-03
   -7.859721E-01    9.848083E-04   -1.589816E-03
   -7.844920E-01    9.512372E-04   -1.677697E-03
   -7.830118E-01    9.181441E-04   -1.770240E-03
   -7.815316E-01    8.860714E-04   -1.874273E-03
   -7.800514E-01    8.542234E-04   -1.985174E-03
   -7.785713E-01    8.216017E-04   -2.111983E-03
   -7.770911E-01    7.876772E-04   -2.247719E-03
   -7.756109E-01    7.488116E-04   -2.402898E-03
   -7.741307E-01    7.061427E-04   -2.568376E-03
   -7.726506E-01    6.530988E-04   -2.755100E-03
   -7.711704E-01    5.935238E-04   -2.952531E-03
   -7.696902E-01    5.185483E-04   -3.171180E-03
   -7.682101E-01    4.349868E-04   -3.400228E-03
   -7.667299E-01    3.331228E-04   -3.649702E-03
   -7.652497E-01    2.219203E-04   -3.909364E-03
   -7.637695E-01    9.239892E-05   -4.190037E-03
   -7.622894E-01   -4.579738E-05   -4.482010E-03
   -7.608092E-01   -1.999556E-04   -4.799382E-03
   -7.593290E-01   -3.613642E-04   -5.131552E-03
   -7.578488E-01   -5.359980E-04   -5.498859E-03
   -7.563687E-01   -7.168658E-04   -5.887178E-03
   -7.548885E-01   -9.103491E-04   -6.325361E-03
   -7.534083E-01   -1.110761E-03   -6.792650E-03
   -7.519281E-01   -1.327502E-03   -7.326462E-03
   -7.504480E-01   -1.554277E-03   -7.897283E-03
   -7.489678E-01   -1.805899E-03   -8.548048E-03
   -7.474876E-01   -2.072673E-03   -9.240603E-03
   -7.460075E-01   -2.375409E-03   -1.001724E-02
   -7.445273E-01   -2.698712E-03   -1.083427E-02
   -7.430471E-01   -3.067087E-03   -1.172494E-02
   -7.415669E-01   -3.458995E-03   -1.264683E-02
   -7.400868E-01   -3.897277E-03   -1.361626E-02
   -7.386066E-01   -4.356810E-03   -1.460069E-02
   -7.371264E-01   -4.851545E-03   -1.559607E-02
   -7.356462E-01   -5.358524E-03   -1.658725E-02
   -7.341661E-01   -5.876292E-03   -1.755192E-02
   -7.326859E-01   -6.391517E-03   -1.849550E-02
   -7.312057E-01   -6.884628E-03   -1.938446E-02
   -7.297255E-01   -7.358234E-03   -2.024172E-02
   -7.282454E-01   -7.777512E-03   -2.103028E-02
   -7.267652E-01   -8.163398E-03   -2.178334E-02
   -7.252850E-01   -8.474107E-03   -2.246516E-02
   -7.238048E-01   -8.745406E-03   -2.311184E-02
   -7.223247E-01   -8.939334E-03   -2.368974E-02
   -7.208445E-01   -9.097779E-03   -2.423418E-02
   -7.193643E-01   -9.195969E-03   -2.471397E-02
   -7.178842E-01   -9.271014E-03   -2.516306E-02
   -7.164040E-01   -9.315609E-03   -2.555580E-02
   -7.149238E-01   -9.353145E-03   -2.592428E-02
   -7.134436E-01   -9.392026E-03   -2.625567E-02
   -7.119635E-01   -9.438278E-03   -2.657633E-02
   -7.104833E-01   -9.509764E-03   -2.689557E-02
   -7.090031E-01   -9.597533E-03   -2.722623E-02
   -7.075229E-01   -9.722065E-03   -2.760769E-02
   -7.060428E-01   -9.865741E-03   -2.803000E-02
   -7.045626E-01   -1.004746E-02   -2.856696E-02
   -7.030824E-01   -1.024771E-02   -2.917841E-02
   -7.016022E-01   -1.048445E-02   -2.997374E-02
   -7.001221E-01   -1.073989E-02   -3.087847E-02
   -6.986419E-01   -1.103612E-02   -3.203662E-02
   -6.971617E-01   -1.135594E-02   -3.333833E-02
   -6.956816E-01   -1.173250E-02   -3.495987E-02
   -6.942014E-01   -1.214372E-02   -3.675696E-02
   -6.927212E-01   -1.263912E-02   -3.893437E-02
   -6.912410E-01   -1.318464E-02   -4.131533E-02
   -6.897609E-01   -1.384625E-02   -4.412685E-02
   -6.882807E-01   -1.457291E-02   -4.716328E-02
   -6.868005E-01   -1.544007E-02   -5.066370E-02
   -6.853203E-01   -1.638016E-02   -5.440020E-02
   -6.838402E-01   -1.746494E-02   -5.861024E-02
   -6.823600E-01   -1.861783E-02   -6.305417E-02
   -6.808798E-01   -1.989093E-02   -6.795257E-02
   -6.793996E-01   -2.121250E-02   -7.306767E-02
   -6.779195E-01   -2.260164E-02   -7.858764E-02
   -6.764393E-01   -2.400761E-02   -8.429195E-02
   -6.749591E-01   -2.541095E-02   -9.032107E-02
   -6.734789E-01   -2.679481E-02   -9.648656E-02
   -6.719988E-01   -2.810563E-02   -1.028638E-01
   -6.705186E-01   -2.936512E-02   -1.093115E-01
   -6.690384E-01   -3.049849E-02   -1.158191E-01
   -6.675583E-01   -3.156066E-02   -1.223113E-01
   -6.660781E-01   -3.247169E-02   -1.286732E-01
   -6.645979E-01   -3.330642E-02   -1.349175E-01
   -6.631177E-01   -3.399360E-02   -1.408213E-01
   -6.616376E-01   -3.461212E-02   -1.465049E-01
   -6.601574E-01   -3.510746E-02   -1.516618E-01
   -6.586772E-01   -3.554953E-02   -1.565225E-01
   -6.571970E-01   -3.590311E-02   -1.607535E-01
   -6.557169E-01   -3.622186E-02   -1.646675E-01
   -6.542367E-01   -3.649023E-02   -1.679805E-01
   -6.527565E-01   -3.674339E-02   -1.710281E-01
   -6.512763E-01   -3.698723E-02   -1.736494E-01
   -6.497962E-01   -3.723786E-02   -1.761250E-01
   -6.483160E-01   -3.752748E-02   -1.784668E-01
   -6.468358E-01   -3.785089E-02   -1.808279E-01
   -6.453557E-01   -3.827387E-02   -1.834063E-01
   -6.438755E-01   -3.876441E-02   -1.861816E-01
   -6.423953E-01   -3.942853E-02   -1.895171E-01
   -6.409151E-01   -4.019969E-02   -1.932077E-01
   -6.394350E-01   -4.122613E-02   -1.977361E-01
   -6.379548E-01   -4.240032E-02   -2.027335E-01
   -6.364746E-01   -4.390726E-02   -2.087380E-01
   -6.349944E-01   -4.559655E-02   -2.152631E-01
   -6.335143E-01   -4.767500E-02   -2.228251E-01
   -6.320341E-01   -4.995541E-02   -2.308827E-01
   -6.305539E-01   -5.264292E-02   -2.398415E-01
   -6.290737E-01   -5.552903E-02   -2.491824E-01
   -6.275936E-01   -5.878851E-02   -2.591027E-01
   -6.261134E-01   -6.221575E-02   -2.691966E-01
   -6.246332E-01   -6.592754E-02   -2.793601E-01
   -6.231530E-01   -6.975030E-02   -2.894002E-01
   -6.216729E-01   -7.372344E-02   -2.988471E-01
   -6.201927E-01   -7.773314E-02   -3.078156E-01
   -6.187125E-01   -8.173659E-02   -3.154636E-01
   -6.172324E-01   -8.569822E-02   -3.222779E-01
   -6.157522E-01   -8.950460E-02   -3.271160E-01
   -6.142720E-01   -9.320225E-02   -3.308392E-01
   -6.127918E-01   -9.663233E-02   -3.321516E-01
   -6.113117E-01   -9.991066E-02   -3.322102E-01
   -6.098315E-01   -1.028648E-01   -3.297549E-01
   -6.083513E-01   -1.056544E-01   -3.260853E-01
   -6.068711E-01   -1.081246E-01   -3.201581E-01
   -6.053910E-01   -1.104472E-01   -3.132250E-01
   -6.039108E-01   -1.125110E-01   -3.045853E-01
   -6.024306E-01   -1.144692E-01   -2.952655E-01
   -6.009504E-01   -1.162732E-01   -2.849542E-01
   -5.994703E-01   -1.180327E-01   -2.743327E-01
   -5.979901E-01   -1.197752E-01   -2.634467E-01
   -5.965099E-01   -1.215482E-01   -2.525913E-01
   -5.950298E-01   -1.234646E-01   -2.420793E-01
   -5.935496E-01   -1.254959E-01   -2.318542E-01
   -5.920694E-01   -1.278457E-01   -2.223753E-01
   -5.905892E-01   -1.303995E-01   -2.133253E-01
   -5.891091E-01   -1.334507E-01   -2.051841E-01
   -5.876289E-01   -1.367939E-01   -1.974942E-01
   -5.861487E-01   -1.408029E-01   -1.906487E-01
   -5.846685E-01   -1.451823E-01   -1.841746E-01
   -5.831884E-01   -1.503679E-01   -1.783079E-01
   -5.817082E-01   -1.559834E-01   -1.726668E-01
   -5.802280E-01   -1.624983E-01   -1.673136E-01
   -5.787478E-01   -1.694745E-01   -1.620270E-01
   -5.772677E-01   -1.773777E-01   -1.567418E-01
   -5.757875E-01   -1.857367E-01   -1.514098E-01
   -5.743073E-01   -1.949710E-01   -1.459373E-01
   -5.728271E-01   -2.046144E-01   -1.403974E-01
   -5.713470E-01   -2.149998E-01   -1.347823E-01
   -5.698668E-01   -2.257101E-01   -1.291824E-01
   -5.683866E-01   -2.369675E-01   -1.237510E-01
   -5.669065E-01   -2.484452E-01   -1.184803E-01
   -5.654263E-01   -2.602627E-01   -1.136775E-01
   -5.639461E-01   -2.722076E-01   -1.091683E-01
   -5.624659E-01   -2.843485E-01   -1.053229E-01
   -5.609858E-01   -2.965764E-01   -1.018211E-01
   -5.595056E-01   -3.090015E-01   -9.897590E-02
   -5.580254E-01   -3.215622E-01   -9.642136E-02
   -5.565452E-01   -3.345197E-01   -9.434463E-02
   -5.550651E-01   -3.477629E-01   -9.245288E-02
   -5.535849E-01   -3.617925E-01   -9.084581E-02
   -5.521047E-01   -3.763368E-01   -8.936311E-02
   -5.506245E-01   -3.921640E-01   -8.816568E-02
   -5.491444E-01   -4.087554E-01   -8.717401E-02
   -5.476642E-01   -4.270926E-01   -8.681870E-02
   -5.461840E-01   -4.463881E-01   -8.694308E-02
   -5.447039E-01   -4.677079E-01   -8.843772E-02
   -5.432237E-01   -4.900569E-01   -9.085672E-02
   -5.417435E-01   -5.144180E-01   -9.564085E-02
   -5.402633E-01   -5.397219E-01   -1.018657E-01
   -5.387832E-01   -5.667100E-01   -1.114435E-01
   -5.373030E-01   -5.944075E-01   -1.228866E-01
   -5.358228E-01   -6.232079E-01   -1.382955E-01
   -5.343426E-01   -6.523855E-01   -1.557110E-01
   -5.328625E-01   -6.819530E-01   -1.769658E-01
   -5.313823E-01   -7.115341E-01   -1.999325E-01
   -5.299021E-01   -7.407965E-01   -2.256677E-01
   -5.284219E-01   -7.697417E-01   -2.523510E-01
   -5.269418E-01   -7.977764E-01   -2.798884E-01
   -5.254616E-01   -8.252412E-01   -3.072792E-01
   -5.239814E-01   -8.513870E-01   -3.332050E-01
   -5.225013E-01   -8.768093E-01   -3.578428E-01
   -5.210211E-01   -9.007073E-01   -3.789359E-01
   -5.195409E-01   -9.238279E-01   -3.978792E-01
   -5.180607E-01   -9.454067E-01   -4.120320E-01
   -5.165806E-01   -9.662402E-01   -4.236902E-01
   -5.151004E-01   -9.856673E-01   -4.304547E-01
   -5.136202E-01   -1.004447E+00   -4.349566E-01
   -5.121400E-01   -1.022064E+00   -4.355334E-01
   -5.106599E-01   -1.039175E+00   -4.345358E-01
   -5.091797E-01   -1.055431E+00   -4.312799E-01
   -5.076995E-01   -1.071342E+00   -4.273644E-01
   -5.062193E-01   -1.086728E+00   -4.230566E-01
   -5.047392E-01   -1.101934E+00   -4.189831E-01
   -5.032590E-01   -1.116937E+00   -4.161289E-01
   -5.017788E-01   -1.131913E+00   -4.141887E-01
   -5.002986E-01   -1.146978E+00   -4.145240E-01
   -4.988185E-01   -1.162155E+00   -4.161360E-01
   -4.973383E-01   -1.177682E+00   -4.204144E-01
   -4.958581E-01   -1.193442E+00   -4.260074E-01
   -4.943780E-01   -1.209784E+00   -4.340660E-01
   -4.928978E-01   -1.226471E+00   -4.432272E-01
   -4.914176E-01   -1.243950E+00   -4.542703E-01
   -4.899374E-01   -1.261875E+00   -4.660774E-01
   -4.884573E-01   -1.280779E+00   -4.790555E-01
   -4.869771E-01   -1.300215E+00   -4.924499E-01
   -4.854969E-01   -1.320781E+00   -5.063663E-01
   -4.840167E-01   -1.341939E+00   -5.204021E-01
   -4.825366E-01   -1.364314E+00   -5.344073E-01
   -4.810564E-01   -1.387304E+00   -5.482596E-01
   -4.795762E-01   -1.411511E+00   -5.614983E-01
   -4.780960E-01   -1.436307E+00   -5.742476E-01
   -4.766159E-01   -1.462222E+00   -5.855749E-01
   -4.751357E-01   -1.488655E+00   -5.959258E-01
   -4.736555E-01   -1.516027E+00   -6.037094E-01
   -4.721754E-01   -1.543813E+00   -6.098709E-01
   -4.706952E-01   -1.572313E+00   -6.120842E-01
   -4.692150E-01   -1.601112E+00   -6.119837E-01
   -4.677348E-01   -1.630403E+00   -6.066599E-01
   -4.662547E-01   -1.659894E+00   -5.985003E-01
   -4.647745E-01   -1.689704E+00   -5.844298E-01
   -4.632943E-01   -1.719643E+00   -5.674138E-01
   -4.618141E-01   -1.749800E+00   -5.448211E-01
   -4.603340E-01   -1.780053E+00   -5.197510E-01
   -4.588538E-01   -1.810491E+00   -4.906460E-01
   -4.573736E-01   -1.841025E+00   -4.601144E-01
   -4.558934E-01   -1.871766E+00   -4.281153E-01
   -4.544133E-01   -1.902621E+00   -3.961381E-01
   -4.529331E-01   -1.933729E+00   -3.657522E-01
   -4.514529E-01   -1.964976E+00   -3.369057E-01
   -4.499727E-01   -1.996523E+00   -3.124734E-01
   -4.484926E-01   -2.028229E+00   -2.907995E-01
   -4.470124E-01   -2.060262E+00   -2.754482E-01
   -4.455322E-01   -2.092461E+00   -2.634935E-01
   -4.440521E-01   -2.124983E+00   -2.584523E-01
   -4.425719E-01   -2.157660E+00   -2.567591E-01
   -4.410917E-01   -2.190617E+00   -2.612403E-01
   -4.396115E-01   -2.223696E+00   -2.684222E-01
   -4.381314E-01   -2.256968E+00   -2.800445E-01
   -4.366512E-01   -2.290308E+00   -2.933470E-01
   -4.351710E-01   -2.323711E+00   -3.088778E-01
   -4.336908E-01   -2.357105E+00   -3.249610E-01
   -4.322107E-01   -2.390392E+00   -3.410848E-01
   -4.307305E-01   -2.423579E+00   -3.567456E-01
   -4.292503E-01   -2.456462E+00   -3.706391E-01
   -4.277701E-01   -2.489140E+00   -3.832992E-01
   -4.262900E-01   -2.521305E+00   -3.929444E-01
   -4.248098E-01   -2.553160E+00   -4.008850E-01
   -4.233296E-01   -2.584293E+00   -4.051753E-01
   -4.218495E-01   -2.615016E+00   -4.075942E-01
   -4.203693E-01   -2.644826E+00   -4.063204E-01
   -4.188891E-01   -2.674136E+00   -4.032916E-01
   -4.174089E-01   -2.702367E+00   -3.970551E-01
   -4.159288E-01   -2.730021E+00   -3.894171E-01
   -4.144486E-01   -2.756458E+00   -3.794615E-01
   -4.129684E-01   -2.782258E+00   -3.686176E-01
   -4.114882E-01   -2.806736E+00   -3.565658E-01
   -4.100081E-01   -2.830532E+00   -3.441939E-01
   -4.085279E-01   -2.852937E+00   -3.317227E-01
   -4.070477E-01   -2.874640E+00   -3.194471E-01
   -4.055675E-01   -2.894933E+00   -3.079876E-01
   -4.040874E-01   -2.914530E+00   -2.971111E-01
   -4.026072E-01   -2.932767E+00   -2.876752E-01
   -4.011270E-01   -2.950352E+00   -2.790624E-01
   -3.996468E-01   -2.966714E+00   -2.722464E-01
   -3.981667E-01   -2.982516E+00   -2.663844E-01
   -3.966865E-01   -2.997328E+00   -2.625211E-01
   -3.952063E-01   -3.011724E+00   -2.597010E-01
   -3.937262E-01   -3.025466E+00   -2.590682E-01
   -3.922460E-01   -3.038983E+00   -2.595920E-01
   -3.907658E-01   -3.052271E+00   -2.625895E-01
   -3.892856E-01   -3.065564E+00   -2.669241E-01
   -3.878055E-01   -3.079113E+00   -2.741769E-01
   -3.863253E-01   -3.092917E+00   -2.830326E-01
   -3.848451E-01   -3.107475E+00   -2.954242E-01
   -3.833649E-01   -3.122528E+00   -3.097674E-01
   -3.818848E-01   -3.138779E+00   -3.284107E-01
   -3.804046E-01   -3.155715E+00   -3.494107E-01
   -3.789244E-01   -3.174144E+00   -3.755365E-01
   -3.774442E-01   -3.193351E+00   -4.044197E-01
   -3.759641E-01   -3.214107E+00   -4.391577E-01
   -3.744839E-01   -3.235593E+00   -4.769551E-01
   -3.730037E-01   -3.258366E+00   -5.210362E-01
   -3.715236E-01   -3.281653E+00   -5.682819E-01
   -3.700434E-01   -3.305632E+00   -6.217742E-01
   -3.685632E-01   -3.329754E+00   -6.782842E-01
   -3.670830E-01   -3.353702E+00   -7.405017E-01
   -3.656029E-01   -3.377319E+00   -8.053615E-01
   -3.641227E-01   -3.399776E+00   -8.750148E-01
   -3.626425E-01   -3.421416E+00   -9.468013E-01
   -3.611623E-01   -3.440990E+00   -1.022318E+00
   -3.596822E-01   -3.459351E+00   -1.099439E+00
   -3.582020E-01   -3.475019E+00   -1.179275E+00
   -3.567218E-01   -3.489256E+00   -1.260234E+00
   -3.552416E-01   -3.500581E+00   -1.342988E+00
   -3.537615E-01   -3.510480E+00   -1.426410E+00
   -3.522813E-01   -3.517693E+00   -1.510664E+00
   -3.508011E-01   -3.523691E+00   -1.595042E+00
   -3.493209E-01   -3.527595E+00   -1.678961E+00
   -3.478408E-01   -3.530647E+00   -1.762214E+00
   -3.463606E-01   -3.532411E+00   -1.843069E+00
   -3.448804E-01   -3.533744E+00   -1.922085E+00
   -3.434003E-01   -3.534628E+00   -1.995931E+00
   -3.419201E-01   -3.535476E+00   -2.066351E+00
   -3.404399E-01   -3.536578E+00   -2.128096E+00
   -3.389597E-01   -3.537939E+00   -2.184561E+00
   -3.374796E-01   -3.540013E+00   -2.228606E+00
   -3.359994E-01   -3.542506E+00   -2.265584E+00
   -3.345192E-01   -3.545885E+00   -2.286978E+00
   -3.330390E-01   -3.549701E+00   -2.300040E+00
   -3.315589E-01   -3.554317E+00   -2.295836E+00
   -3.300787E-01   -3.559276E+00   -2.282967E+00
   -3.285985E-01   -3.564776E+00   -2.253269E+00
   -3.271183E-01   -3.570465E+00   -2.215688E+00
   -3.256382E-01   -3.576378E+00   -2.163907E+00
   -3.241580E-01   -3.582333E+00   -2.106020E+00
   -3.226778E-01   -3.588268E+00   -2.038213E+00
   -3.211977E-01   -3.594164E+00   -1.966684E+00
   -3.197175E-01   -3.599980E+00   -1.890234E+00
   -3.182373E-01   -3.605787E+00   -1.812556E+00
   -3.167571E-01   -3.611703E+00   -1.734717E+00
   -3.152770E-01   -3.617768E+00   -1.657828E+00
   -3.137968E-01   -3.624379E+00   -1.584615E+00
   -3.123166E-01   -3.631411E+00   -1.513973E+00
   -3.108364E-01   -3.639610E+00   -1.449631E+00
   -3.093563E-01   -3.648564E+00   -1.388869E+00
   -3.078761E-01   -3.659370E+00   -1.335863E+00
   -3.063959E-01   -3.671260E+00   -1.286913E+00
   -3.049157E-01   -3.685595E+00   -1.246231E+00
   -3.034356E-01   -3.701259E+00   -1.209676E+00
   -3.019554E-01   -3.719722E+00   -1.181225E+00
   -3.004752E-01   -3.739607E+00   -1.156692E+00
   -2.989950E-01   -3.762292E+00   -1.139629E+00
   -2.975149E-01   -3.786301E+00   -1.126076E+00
   -2.960347E-01   -3.812711E+00   -1.119011E+00
   -2.945545E-01   -3.840152E+00   -1.114885E+00
   -2.930744E-01   -3.869236E+00   -1.115952E+00
   -2.915942E-01   -3.898901E+00   -1.119233E+00
   -2.901140E-01   -3.929201E+00   -1.126105E+00
   -2.886338E-01   -3.959547E+00   -1.134322E+00
   -2.871537E-01   -3.989437E+00   -1.144282E+00
   -2.856735E-01   -4.018839E+00   -1.154627E+00
   -2.841933E-01   -4.046785E+00   -1.164777E+00
   -2.827131E-01   -4.073793E+00   -1.174368E+00
   -2.812330E-01   -4.098576E+00   -1.181995E+00
   -2.797528E-01   -4.122114E+00   -1.188273E+00
   -2.782726E-01   -4.142973E+00   -1.191259E+00
   -2.767924E-01   -4.162441E+00   -1.192386E+00
   -2.753123E-01   -4.179098E+00   -1.189540E+00
   -2.738321E-01   -4.194370E+00   -1.184667E+00
   -2.723519E-01   -4.206964E+00   -1.175825E+00
   -2.708718E-01   -4.218290E+00   -1.165107E+00
   -2.693916E-01   -4.227249E+00   -1.150965E+00
   -2.679114E-01   -4.235118E+00   -1.135304E+00
   -2.664312E-01   -4.241004E+00   -1.117019E+00
   -2.649511E-01   -4.245996E+00   -1.097619E+00
   -2.634709E-01   -4.249381E+00   -1.076337E+00
   -2.619907E-01   -4.252045E+00   -1.054249E+00
   -2.605105E-01   -4.253409E+00   -1.030742E+00
   -2.590304E-01   -4.254184E+00   -1.006582E+00
   -2.575502E-01   -4.253872E+00   -9.811720E-01
   -2.560700E-01   -4.253052E+00   -9.551495E-01
   -2.545898E-01   -4.251265E+00   -9.279327E-01
   -2.531097E-01   -4.249009E+00   -9.001530E-01
   -2.516295E-01   -4.245838E+00   -8.713824E-01
   -2.501493E-01   -4.242216E+00   -8.422246E-01
   -2.486692E-01   -4.237708E+00   -8.125928E-01
   -2.471890E-01   -4.232767E+00   -7.829088E-01
   -2.457088E-01   -4.226993E+00   -7.535324E-01
   -2.442286E-01   -4.220825E+00   -7.245179E-01
   -2.427485E-01   -4.213934E+00   -6.966059E-01
   -2.412683E-01   -4.206719E+00   -6.693962E-01
   -2.397881E-01   -4.198950E+00   -6.437841E-01
   -2.383079E-01   -4.190952E+00   -6.190032E-01
   -2.368278E-01   -4.182597E+00   -5.958145E-01
   -2.353476E-01   -4.174109E+00   -5.733244E-01
   -2.338674E-01   -4.165440E+00   -5.519340E-01
   -2.323872E-01   -4.156709E+00   -5.309091E-01
   -2.309071E-01   -4.147893E+00   -5.102136E-01
   -2.294269E-01   -4.139037E+00   -4.894847E-01
   -2.279467E-01   -4.130077E+00   -4.683343E-01
   -2.264665E-01   -4.121037E+00   -4.468314E-01
   -2.249864E-01   -4.111753E+00   -4.244334E-01
   -2.235062E-01   -4.102291E+00   -4.015453E-01
   -2.220260E-01   -4.092347E+00   -3.776991E-01
   -2.205459E-01   -4.082092E+00   -3.534356E-01
   -2.190657E-01   -4.071073E+00   -3.285478E-01
   -2.175855E-01   -4.059604E+00   -3.034863E-01
   -2.161053E-01   -4.047112E+00   -2.783978E-01
   -2.146252E-01   -4.034060E+00   -2.534646E-01
   -2.131450E-01   -4.019824E+00   -2.291724E-01
   -2.116648E-01   -4.004986E+00   -2.053510E-01
   -2.101846E-01   -3.988961E+00   -1.827221E-01
   -2.087045E-01   -3.972379E+00   -1.607838E-01
   -2.072243E-01   -3.954802E+00   -1.403438E-01
   -2.057441E-01   -3.936808E+00   -1.206748E-01
   -2.042639E-01   -3.918186E+00   -1.025214E-01
   -2.027838E-01   -3.899366E+00   -8.508155E-02
   -2.013036E-01   -3.880397E+00   -6.893075E-02
   -1.998234E-01   -3.861479E+00   -5.333867E-02
   -1.983433E-01   -3.842904E+00   -3.867654E-02
   -1.968631E-01   -3.824608E+00   -2.438689E-02
   -1.953829E-01   -3.807050E+00   -1.067692E-02
   -1.939027E-01   -3.789930E+00    2.808580E-03
   -1.924226E-01   -3.773777E+00    1.593081E-02
   -1.909424E-01   -3.758130E+00    2.888924E-02
   -1.894622E-01   -3.743498E+00    4.150721E-02
   -1.879820E-01   -3.729361E+00    5.392835E-02
   -1.865019E-01   -3.716161E+00    6.587668E-02
   -1.850217E-01   -3.703398E+00    7.754574E-02
   -1.835415E-01   -3.691444E+00    8.858622E-02
   -1.820613E-01   -3.679863E+00    9.929648E-02
   -1.805812E-01   -3.668976E+00    1.093725E-01
   -1.791010E-01   -3.658412E+00    1.191810E-01
   -1.776208E-01   -3.648447E+00    1.286338E-01
   -1.761406E-01   -3.638755E+00    1.380381E-01
   -1.746605E-01   -3.629534E+00    1.476732E-01
   -1.731803E-01   -3.620496E+00    1.576133E-01
   -1.717001E-01   -3.611670E+00    1.685694E-01
   -1.702200E-01   -3.602848E+00    1.802363E-01
   -1.687398E-01   -3.593767E+00    1.937014E-01
   -1.672596E-01   -3.584394E+00    2.082264E-01
   -1.657794E-01   -3.574059E+00    2.251168E-01
   -1.642993E-01   -3.563032E+00    2.432673E-01
   -1.628191E-01   -3.550176E+00    2.639947E-01
   -1.613389E-01   -3.536181E+00    2.859902E-01
   -1.598587E-01   -3.519479E+00    3.103898E-01
   -1.583786E-01   -3.501232E+00    3.358857E-01
   -1.568984E-01   -3.479572E+00    3.632970E-01
   -1.554182E-01   -3.456089E+00    3.915023E-01
   -1.539380E-01   -3.428819E+00    4.209322E-01
   -1.524579E-01   -3.399638E+00    4.507810E-01
   -1.509777E-01   -3.366701E+00    4.810681E-01
   -1.494975E-01   -3.331967E+00    5.113724E-01
   -1.480174E-01   -3.293883E+00    5.413118E-01
   -1.465372E-01   -3.254276E+00    5.708748E-01
   -1.450570E-01   -3.211972E+00    5.993174E-01
   -1.435768E-01   -3.168503E+00    6.270313E-01
   -1.420967E-01   -3.123069E+00    6.529913E-01
   -1.406165E-01   -3.076827E+00    6.779524E-01
   -1.391363E-01   -3.029276E+00    7.007347E-01
   -1.376561E-01   -2.981207E+00    7.223728E-01
   -1.361760E-01   -2.932322E+00    7.416891E-01
   -1.346958E-01   -2.883119E+00    7.598662E-01
   -1.332156E-01   -2.833421E+00    7.758805E-01
   -1.317354E-01   -2.783531E+00    7.909025E-01
   -1.302553E-01   -2.733346E+00    8.041678E-01
   -1.287751E-01   -2.683051E+00    8.166849E-01
   -1.272949E-01   -2.632606E+00    8.279810E-01
   -1.258147E-01   -2.582121E+00    8.388029E-01
   -1.243346E-01   -2.531626E+00    8.489315E-01
   -1.228544E-01   -2.481160E+00    8.588257E-01
   -1.213742E-01   -2.430821E+00    8.684370E-01
   -1.198941E-01   -2.380581E+00    8.779784E-01
   -1.184139E-01   -2.330597E+00    8.874811E-01
   -1.169337E-01   -2.280771E+00    8.969959E-01
   -1.154535E-01   -2.231316E+00    9.065662E-01
   -1.139734E-01   -2.182076E+00    9.161685E-01
   -1.124932E-01   -2.133322E+00    9.258311E-01
   -1.110130E-01   -2.084846E+00    9.355200E-01
   -1.095328E-01   -2.037001E+00    9.452598E-01
   -1.080527E-01   -1.989515E+00    9.550311E-01
   -1.065725E-01   -1.942838E+00    9.648977E-01
   -1.050923E-01   -1.896614E+00    9.748416E-01
   -1.036121E-01   -1.851378E+00    9.850310E-01
   -1.021320E-01   -1.806670E+00    9.954064E-01
   -1.006518E-01   -1.763049E+00    1.006319E+00
   -9.917163E-02   -1.719968E+00    1.017604E+00
   -9.769145E-02   -1.677901E+00    1.029876E+00
   -9.621128E-02   -1.636282E+00    1.042780E+00
   -9.473110E-02   -1.595373E+00    1.057253E+00
   -9.325093E-02   -1.554699E+00    1.072669E+00
   -9.177076E-02   -1.514211E+00    1.090285E+00
   -9.029058E-02   -1.473655E+00    1.109148E+00
   -8.881041E-02   -1.432628E+00    1.130754E+00
   -8.733024E-02   -1.391201E+00    1.153828E+00
   -8.585006E-02   -1.348671E+00    1.179959E+00
   -8.436989E-02   -1.305463E+00    1.207634E+00
   -8.288972E-02   -1.260713E+00    1.238344E+00
   -8.140954E-02   -1.215140E+00    1.270501E+00
   -7.992937E-02   -1.167916E+00    1.305326E+00
   -7.844920E-02   -1.119911E+00    1.341338E+00
   -7.696902E-02   -1.070540E+00    1.379365E+00
   -7.548885E-02   -1.020627E+00    1.418196E+00
   -7.400868E-02   -9.700001E-01    1.458188E+00
   -7.252850E-02   -9.192305E-01    1.498519E+00
   -7.104833E-02   -8.686492E-01    1.539020E+00
   -6.956816E-02   -8.184083E-01    1.579338E+00
   -6.808798E-02   -7.693362E-01    1.618728E+00
   -6.660781E-02   -7.210787E-01    1.657361E+00
   -6.512763E-02   -6.748632E-01    1.693876E+00
   -6.364746E-02   -6.298433E-01    1.729023E+00
   -6.216729E-02   -5.874897E-01    1.760806E+00
   -6.068711E-02   -5.465671E-01    1.790597E+00
   -5.920694E-02   -5.086239E-01    1.815799E+00
   -5.772677E-02   -4.721928E-01    1.838417E+00
   -5.624659E-02   -4.387686E-01    1.855340E+00
   -5.476642E-02   -4.068141E-01    1.869176E+00
   -5.328625E-02   -3.776952E-01    1.876436E+00
   -5.180607E-02   -3.499306E-01    1.880245E+00
   -5.032590E-02   -3.247355E-01    1.876921E+00
   -4.884573E-02   -3.007543E-01    1.869966E+00
   -4.736555E-02   -2.790617E-01    1.855726E+00
   -4.588538E-02   -2.584474E-01    1.837892E+00
   -4.440521E-02   -2.398654E-01    1.813086E+00
   -4.292503E-02   -2.222415E-01    1.784965E+00
   -4.144486E-02   -2.064255E-01    1.750668E+00
   -3.996468E-02   -1.914628E-01    1.713565E+00
   -3.848451E-02   -1.781132E-01    1.671504E+00
   -3.700434E-02   -1.655271E-01    1.627326E+00
   -3.552416E-02   -1.543911E-01    1.579677E+00
   -3.404399E-02   -1.439462E-01    1.530679E+00
   -3.256382E-02   -1.348239E-01    1.479737E+00
   -3.108364E-02   -1.263363E-01    1.428175E+00
   -2.960347E-02   -1.190673E-01    1.376006E+00
   -2.812330E-02   -1.123803E-01    1.323804E+00
   -2.664312E-02   -1.067919E-01    1.271982E+00
   -2.516295E-02   -1.017108E-01    1.220526E+00
   -2.368278E-02   -9.753504E-02    1.170071E+00
   -2.220260E-02   -9.374201E-02    1.120215E+00
   -2.072243E-02   -9.054330E-02    1.071710E+00
   -1.924226E-02   -8.754188E-02    1.023943E+00
   -1.776208E-02   -8.471473E-02    9.777700E-01
   -1.628191E-02   -8.186063E-02    9.324549E-01
   -1.480174E-02   -7.873301E-02    8.889942E-01
   -1.332156E-02   -7.537254E-02    8.465376E-01
   -1.184139E-02   -7.140078E-02    8.062554E-01
   -1.036121E-02   -6.708253E-02    7.671449E-01
   -8.881041E-03   -6.206669E-02    7.305391E-01
   -7.400868E-03   -5.674195E-02    6.952556E-01
   -5.920694E-03   -5.096366E-02    6.627257E-01
   -4.440521E-03   -4.507919E-02    6.316067E-01
   -2.960347E-03   -3.928557E-02    6.033326E-01
   -1.480174E-03   -3.370957E-02    5.764691E-01
   -1.665335E-16   -2.892943E-02    5.523576E-01
    1.480174E-03   -2.472232E-02    5.295671E-01
    2.960347E-03   -2.197546E-02    5.092738E-01
    4.440521E-03   -2.008667E-02    4.901426E-01
    5.920694E-03   -2.009487E-02    4.731425E-01
    7.400868E-03   -2.109965E-02    4.571048E-01
    8.881041E-03   -2.410672E-02    4.427807E-01
    1.036121E-02   -2.807861E-02    4.292087E-01
    1.184139E-02   -3.383736E-02    4.169412E-01
    1.332156E-02   -4.039123E-02    4.052340E-01
    1.480174E-02   -4.830434E-02    3.944856E-01
    1.628191E-02   -5.677425E-02    3.841493E-01
    1.776208E-02   -6.611612E-02    3.745315E-01
    1.924226E-02   -7.578278E-02    3.652358E-01
    2.072243E-02   -8.590684E-02    3.565382E-01
    2.220260E-02   -9.618155E-02    3.481293E-01
    2.368278E-02   -1.066383E-01    3.402969E-01
    2.516295E-02   -1.171428E-01    3.327584E-01
    2.664312E-02   -1.276825E-01    3.258244E-01
    2.812330E-02   -1.382175E-01    3.192000E-01
    2.960347E-02   -1.487054E-01    3.132012E-01
    3.108364E-02   -1.591491E-01    3.075120E-01
    3.256382E-02   -1.694533E-01    3.024204E-01
    3.404399E-02   -1.796548E-01    2.976089E-01
    3.552416E-02   -1.895697E-01    2.933054E-01
    3.700434E-02   -1.992940E-01    2.892246E-01
    3.848451E-02   -2.085349E-01    2.855198E-01
    3.996468E-02   -2.174824E-01    2.819684E-01
    4.144486E-02   -2.257478E-01    2.786600E-01
    4.292503E-02   -2.336317E-01    2.754474E-01
    4.440521E-02   -2.406936E-01    2.723920E-01
    4.588538E-02   -2.473273E-01    2.694089E-01
    4.736555E-02   -2.530945E-01    2.665811E-01
    4.884573E-02   -2.584340E-01    2.638482E-01
    5.032590E-02   -2.629426E-01    2.613609E-01
    5.180607E-02   -2.670495E-01    2.590324E-01
    5.328625E-02   -2.703721E-01    2.571020E-01
    5.476642E-02   -2.733016E-01    2.554102E-01
    5.624659E-02   -2.754130E-01    2.542619E-01
    5.772677E-02   -2.770812E-01    2.534059E-01
    5.920694E-02   -2.777572E-01    2.531370E-01
    6.068711E-02   -2.778687E-01    2.531389E-01
    6.216729E-02   -2.766960E-01    2.535802E-01
    6.364746E-02   -2.748038E-01    2.541604E-01
    6.512763E-02   -2.713430E-01    2.548011E-01
    6.660781E-02   -2.670587E-01    2.553400E-01
    6.808798E-02   -2.611267E-01    2.553810E-01
    6.956816E-02   -2.544210E-01    2.550216E-01
    7.104833E-02   -2.463854E-01    2.535747E-01
    7.252850E-02   -2.378557E-01    2.514620E-01
    7.400868E-02   -2.288005E-01    2.478382E-01
    7.548885E-02   -2.197663E-01    2.434106E-01
    7.696902E-02   -2.114200E-01    2.373715E-01
    7.844920E-02   -2.037619E-01    2.305713E-01
    7.992937E-02   -1.981698E-01    2.224232E-01
    8.140954E-02   -1.939333E-01    2.137229E-01
    8.288972E-02   -1.929674E-01    2.042104E-01
    8.436989E-02   -1.938547E-01    1.944507E-01
    8.585006E-02   -1.987328E-01    1.845166E-01
    8.733024E-02   -2.056650E-01    1.746473E-01
    8.881041E-02   -2.166524E-01    1.651804E-01
    9.029058E-02   -2.295609E-01    1.560309E-01
    9.177076E-02   -2.459600E-01    1.477042E-01
    9.325093E-02   -2.638746E-01    1.398604E-01
    9.473110E-02   -2.842911E-01    1.330834E-01
    9.621128E-02   -3.056789E-01    1.268711E-01
    9.769145E-02   -3.284595E-01    1.218172E-01
    9.917163E-02   -3.516846E-01    1.173420E-01
    1.006518E-01   -3.753710E-01    1.139963E-01
    1.021320E-01   -3.991229E-01    1.111894E-01
    1.036121E-01   -4.227868E-01    1.093849E-01
    1.050923E-01   -4.463544E-01    1.080339E-01
    1.065725E-01   -4.697334E-01    1.074750E-01
    1.080527E-01   -4.930676E-01    1.072468E-01
    1.095328E-01   -5.164846E-01    1.075369E-01
    1.110130E-01   -5.400528E-01    1.080108E-01
    1.124932E-01   -5.641604E-01    1.087009E-01
    1.139734E-01   -5.886487E-01    1.094264E-01
    1.154535E-01   -6.140764E-01    1.100915E-01
    1.169337E-01   -6.400270E-01    1.106712E-01
    1.184139E-01   -6.670372E-01    1.109957E-01
    1.198941E-01   -6.945313E-01    1.111650E-01
    1.213742E-01   -7.227898E-01    1.109963E-01
    1.228544E-01   -7.512759E-01    1.106564E-01
    1.243346E-01   -7.798156E-01    1.099838E-01
    1.258147E-01   -8.081457E-01    1.091513E-01
    1.272949E-01   -8.355411E-01    1.080038E-01
    1.287751E-01   -8.622059E-01    1.066921E-01
    1.302553E-01   -8.869039E-01    1.050141E-01
    1.317354E-01   -9.103923E-01    1.031216E-01
    1.332156E-01   -9.310888E-01    1.007190E-01
    1.346958E-01   -9.502536E-01    9.801787E-02
    1.361760E-01   -9.661988E-01    9.464390E-02
    1.376561E-01   -9.805169E-01    9.091135E-02
    1.391363E-01   -9.916653E-01    8.646741E-02
    1.406165E-01   -1.001327E+00    8.170326E-02
    1.420967E-01   -1.008306E+00    7.644303E-02
    1.435768E-01   -1.014129E+00    7.104367E-02
    1.450570E-01   -1.018059E+00    6.564889E-02
    1.465372E-01   -1.021268E+00    6.042242E-02
    1.480174E-01   -1.023489E+00    5.589303E-02
    1.494975E-01   -1.025430E+00    5.189530E-02
    1.509777E-01   -1.027206E+00    4.931143E-02
    1.524579E-01   -1.029061E+00    4.759302E-02
    1.539380E-01   -1.031328E+00    4.787690E-02
    1.554182E-01   -1.033883E+00    4.927148E-02
    1.568984E-01   -1.037082E+00    5.305269E-02
    1.583786E-01   -1.040590E+00    5.808375E-02
    1.598587E-01   -1.044605E+00    6.567844E-02
    1.613389E-01   -1.048773E+00    7.456354E-02
    1.628191E-01   -1.052983E+00    8.600053E-02
    1.642993E-01   -1.057050E+00    9.867543E-02
    1.657794E-01   -1.060468E+00    1.137008E-01
    1.672596E-01   -1.063367E+00    1.298134E-01
    1.687398E-01   -1.064828E+00    1.478749E-01
    1.702200E-01   -1.065376E+00    1.667760E-01
    1.717001E-01   -1.063735E+00    1.870536E-01
    1.731803E-01   -1.060839E+00    2.078592E-01
    1.746605E-01   -1.055169E+00    2.294031E-01
    1.761406E-01   -1.048015E+00    2.511695E-01
    1.776208E-01   -1.037783E+00    2.731327E-01
    1.791010E-01   -1.026003E+00    2.951018E-01
    1.805812E-01   -1.011216E+00    3.169724E-01
    1.820613E-01   -9.950216E-01    3.387786E-01
    1.835415E-01   -9.763132E-01    3.605037E-01
    1.850217E-01   -9.565466E-01    3.822459E-01
    1.865019E-01   -9.351468E-01    4.041894E-01
    1.879820E-01   -9.132039E-01    4.263319E-01
    1.894622E-01   -8.907574E-01    4.490719E-01
    1.909424E-01   -8.683515E-01    4.721958E-01
    1.924226E-01   -8.465755E-01    4.961929E-01
    1.939027E-01   -8.253518E-01    5.206277E-01
    1.953829E-01   -8.055952E-01    5.457971E-01
    1.968631E-01   -7.866824E-01    5.711731E-01
    1.983433E-01   -7.695138E-01    5.964316E-01
    1.998234E-01   -7.531591E-01    6.212523E-01
    2.013036E-01   -7.381495E-01    6.442153E-01
    2.027838E-01   -7.235988E-01    6.656601E-01
    2.042639E-01   -7.094315E-01    6.827495E-01
    2.057441E-01   -6.951601E-01    6.969734E-01
    2.072243E-01   -6.800913E-01    7.041435E-01
    2.087045E-01   -6.643612E-01    7.072133E-01
    2.101846E-01   -6.469078E-01    7.012400E-01
    2.116648E-01   -6.284793E-01    6.905337E-01
    2.131450E-01   -6.080846E-01    6.704476E-01
    2.146252E-01   -5.868124E-01    6.459932E-01
    2.161053E-01   -5.642200E-01    6.140014E-01
    2.175855E-01   -5.412841E-01    5.790904E-01
    2.190657E-01   -5.184494E-01    5.404308E-01
    2.205459E-01   -4.961081E-01    5.010623E-01
    2.220260E-01   -4.756686E-01    4.626685E-01
    2.235062E-01   -4.566186E-01    4.258953E-01
    2.249864E-01   -4.411229E-01    3.943267E-01
    2.264665E-01   -4.277143E-01    3.661172E-01
    2.279467E-01   -4.189058E-01    3.455881E-01
    2.294269E-01   -4.125034E-01    3.290813E-01
    2.309071E-01   -4.109086E-01    3.203965E-01
    2.323872E-01   -4.116144E-01    3.152499E-01
    2.338674E-01   -4.165428E-01    3.160175E-01
    2.353476E-01   -4.233266E-01    3.190203E-01
    2.368278E-01   -4.332211E-01    3.249125E-01
    2.383079E-01   -4.443500E-01    3.314601E-01
    2.397881E-01   -4.573073E-01    3.378627E-01
    2.412683E-01   -4.708777E-01    3.435711E-01
    2.427485E-01   -4.851379E-01    3.469183E-01
    2.442286E-01   -4.995175E-01    3.487449E-01
    2.457088E-01   -5.137786E-01    3.471383E-01
    2.471890E-01   -5.278488E-01    3.437486E-01
    2.486692E-01   -5.413598E-01    3.368756E-01
    2.501493E-01   -5.545396E-01    3.283853E-01
    2.516295E-01   -5.670104E-01    3.170243E-01
    2.531097E-01   -5.791236E-01    3.044431E-01
    2.545898E-01   -5.905379E-01    2.898785E-01
    2.560700E-01   -6.016148E-01    2.745465E-01
    2.575502E-01   -6.120385E-01    2.580948E-01
    2.590304E-01   -6.221411E-01    2.412643E-01
    2.605105E-01   -6.315997E-01    2.239745E-01
    2.619907E-01   -6.407304E-01    2.065688E-01
    2.634709E-01   -6.491880E-01    1.890880E-01
    2.649511E-01   -6.573027E-01    1.716143E-01
    2.664312E-01   -6.647330E-01    1.541842E-01
    2.679114E-01   -6.718341E-01    1.367658E-01
    2.693916E-01   -6.783356E-01    1.193135E-01
    2.708718E-01   -6.845863E-01    1.018040E-01
    2.723519E-01   -6.904739E-01    8.409222E-02
    2.738321E-01   -6.962687E-01    6.623942E-02
    2.753123E-01   -7.020873E-01    4.804934E-02
    2.767924E-01   -7.080338E-01    2.968259E-02
    2.782726E-01   -7.144773E-01    1.099842E-02
    2.797528E-01   -7.212876E-01   -7.796168E-03
    2.812330E-01   -7.290486E-01   -2.665058E-02
    2.827131E-01   -7.373769E-01   -4.542335E-02
    2.841933E-01   -7.469783E-01   -6.375595E-02
    2.856735E-01   -7.572579E-01   -8.170992E-02
    2.871537E-01   -7.689147E-01   -9.856631E-02
    2.886338E-01   -7.812374E-01   -1.147013E-01
    2.901140E-01   -7.947785E-01   -1.290604E-01
    2.915942E-01   -8.088389E-01   -1.423782E-01
    2.930744E-01   -8.236961E-01   -1.533433E-01
    2.945545E-01   -8.388032E-01   -1.630180E-01
    2.960347E-01   -8.540673E-01   -1.699289E-01
    2.975149E-01   -8.692220E-01   -1.753889E-01
    2.989950E-01   -8.837632E-01   -1.778534E-01
    3.004752E-01   -8.977993E-01   -1.787952E-01
    3.019554E-01   -9.104447E-01   -1.766867E-01
    3.034356E-01   -9.222219E-01   -1.730727E-01
    3.049157E-01   -9.319697E-01   -1.665334E-01
    3.063959E-01   -9.405911E-01   -1.585969E-01
    3.078761E-01   -9.468188E-01   -1.480410E-01
    3.093563E-01   -9.518253E-01   -1.362833E-01
    3.108364E-01   -9.544373E-01   -1.223734E-01
    3.123166E-01   -9.559234E-01   -1.075282E-01
    3.137968E-01   -9.553895E-01   -9.111532E-02
    3.152770E-01   -9.540001E-01   -7.407692E-02
    3.167571E-01   -9.512697E-01   -5.610700E-02
    3.182373E-01   -9.480756E-01   -3.782678E-02
    3.197175E-01   -9.443903E-01   -1.921504E-02
    3.211977E-01   -9.406787E-01   -5.642730E-04
    3.226778E-01   -9.373374E-01    1.795972E-02
    3.241580E-01   -9.343755E-01    3.634701E-02
    3.256382E-01   -9.325131E-01    5.437599E-02
    3.271183E-01   -9.313411E-01    7.221162E-02
    3.285985E-01   -9.317641E-01    8.967343E-02
    3.300787E-01   -9.330561E-01    1.069628E-01
    3.315589E-01   -9.361568E-01    1.239199E-01
    3.330390E-01   -9.401625E-01    1.406914E-01
    3.345192E-01   -9.459152E-01    1.569694E-01
    3.359994E-01   -9.524819E-01    1.728867E-01
    3.374796E-01   -9.605128E-01    1.877411E-01
    3.389597E-01   -9.691774E-01    2.018416E-01
    3.404399E-01   -9.788927E-01    2.139130E-01
    3.419201E-01   -9.890223E-01    2.246911E-01
    3.434003E-01   -9.997660E-01    2.323374E-01
    3.448804E-01   -1.010719E+00    2.381750E-01
    3.463606E-01   -1.021924E+00    2.400106E-01
    3.478408E-01   -1.033190E+00    2.397176E-01
    3.493209E-01   -1.044484E+00    2.350558E-01
    3.508011E-01   -1.055765E+00    2.282254E-01
    3.522813E-01   -1.066991E+00    2.172223E-01
    3.537615E-01   -1.078189E+00    2.042727E-01
    3.552416E-01   -1.089331E+00    1.878063E-01
    3.567218E-01   -1.100443E+00    1.698088E-01
    3.582020E-01   -1.111461E+00    1.492666E-01
    3.596822E-01   -1.122395E+00    1.277354E-01
    3.611623E-01   -1.133029E+00    1.048266E-01
    3.626425E-01   -1.143416E+00    8.153732E-02
    3.641227E-01   -1.153038E+00    5.809660E-02
    3.656029E-01   -1.162110E+00    3.486711E-02
    3.670830E-01   -1.169688E+00    1.256689E-02
    3.685632E-01   -1.176301E+00   -9.064531E-03
    3.700434E-01   -1.180523E+00   -2.907566E-02
    3.715236E-01   -1.183319E+00   -4.820757E-02
    3.730037E-01   -1.182826E+00   -6.559557E-02
    3.744839E-01   -1.180492E+00   -8.219330E-02
    3.759641E-01   -1.174145E+00   -9.750772E-02
    3.774442E-01   -1.165664E+00   -1.123841E-01
    3.789244E-01   -1.152746E+00   -1.268706E-01
    3.804046E-01   -1.137568E+00   -1.414279E-01
    3.818848E-01   -1.117872E+00   -1.566667E-01
    3.833649E-01   -1.095961E+00   -1.725032E-01
    3.848451E-01   -1.069780E+00   -1.899890E-01
    3.863253E-01   -1.041579E+00   -2.084820E-01
    3.878055E-01   -1.009637E+00   -2.292435E-01
    3.892856E-01   -9.760061E-01   -2.512041E-01
    3.907658E-01   -9.394184E-01   -2.755667E-01
    3.922460E-01   -9.015951E-01   -3.010747E-01
    3.937262E-01   -8.618455E-01   -3.286732E-01
    3.952063E-01   -8.214324E-01   -3.571890E-01
    3.966865E-01   -7.803339E-01   -3.872688E-01
    3.981667E-01   -7.392241E-01   -4.180077E-01
    3.996468E-01   -6.987440E-01   -4.498752E-01
    4.011270E-01   -6.588798E-01   -4.822488E-01
    4.026072E-01   -6.207507E-01   -5.155918E-01
    4.040874E-01   -5.836664E-01   -5.494255E-01
    4.055675E-01   -5.488290E-01   -5.842744E-01
    4.070477E-01   -5.150760E-01   -6.196377E-01
    4.085279E-01   -4.831548E-01   -6.559793E-01
    4.100081E-01   -4.518505E-01   -6.927340E-01
    4.114882E-01   -4.209400E-01   -7.300339E-01
    4.129684E-01   -3.897073E-01   -7.673954E-01
    4.144486E-01   -3.566568E-01   -8.043187E-01
    4.159288E-01   -3.220822E-01   -8.406794E-01
    4.174089E-01   -2.832611E-01   -8.751258E-01
    4.188891E-01   -2.417787E-01   -9.081849E-01
    4.203693E-01   -1.941090E-01   -9.375717E-01
    4.218495E-01   -1.430587E-01   -9.646744E-01
    4.233296E-01   -8.503299E-02   -9.863570E-01
    4.248098E-01   -2.361936E-02   -1.004947E+00
    4.262900E-01    4.392095E-02   -1.016715E+00
    4.277701E-01    1.139669E-01   -1.024840E+00
    4.292503E-01    1.874495E-01   -1.025404E+00
    4.307305E-01    2.616501E-01   -1.022156E+00
    4.322107E-01    3.349233E-01   -1.011422E+00
    4.336908E-01    4.064163E-01   -9.971017E-01
    4.351710E-01    4.715690E-01   -9.760539E-01
    4.366512E-01    5.321617E-01   -9.519074E-01
    4.381314E-01    5.810162E-01   -9.221283E-01
    4.396115E-01    6.228555E-01   -8.898129E-01
    4.410917E-01    6.488487E-01   -8.529565E-01
    4.425719E-01    6.663105E-01   -8.140785E-01
    4.440521E-01    6.661720E-01   -7.716288E-01
    4.455322E-01    6.573182E-01   -7.276234E-01
    4.470124E-01    6.318837E-01   -6.809706E-01
    4.484926E-01    5.988840E-01   -6.332307E-01
    4.499727E-01    5.526822E-01   -5.837946E-01
    4.514529E-01    5.010062E-01   -5.337434E-01
    4.529331E-01    4.407978E-01   -4.828949E-01
    4.544133E-01    3.775329E-01   -4.318363E-01
    4.558934E-01    3.104390E-01   -3.806657E-01
    4.573736E-01    2.424519E-01   -3.295574E-01
    4.588538E-01    1.744098E-01   -2.787505E-01
    4.603340E-01    1.070357E-01   -2.281634E-01
    4.618141E-01    4.205262E-02   -1.781457E-01
    4.632943E-01   -2.135819E-02   -1.284884E-01
    4.647745E-01   -8.112015E-02   -7.975297E-02
    4.662547E-01   -1.388990E-01   -3.161621E-02
    4.677348E-01   -1.925186E-01    1.495622E-02
    4.692150E-01   -2.439971E-01    6.051125E-02
    4.706952E-01   -2.910999E-01    1.034525E-01
    4.721754E-01   -3.359699E-01    1.447450E-01
    4.736555E-01   -3.762821E-01    1.819656E-01
    4.751357E-01   -4.142720E-01    2.167319E-01
    4.766159E-01   -4.475566E-01    2.457318E-01
    4.780960E-01   -4.784845E-01    2.714365E-01
    4.795762E-01   -5.047719E-01    2.898219E-01
    4.810564E-01   -5.288273E-01    3.042614E-01
    4.825366E-01   -5.487126E-01    3.104434E-01
    4.840167E-01   -5.667185E-01    3.124340E-01
    4.854969E-01   -5.814809E-01    3.061665E-01
    4.869771E-01   -5.949183E-01    2.959504E-01
    4.884573E-01   -6.063404E-01    2.783977E-01
    4.899374E-01   -6.170728E-01    2.575327E-01
    4.914176E-01   -6.270206E-01    2.308508E-01
    4.928978E-01   -6.368346E-01    2.016858E-01
    4.943780E-01   -6.467917E-01    1.684047E-01
    4.958581E-01   -6.569638E-01    1.334756E-01
    4.973383E-01   -6.677222E-01    9.602444E-02
    4.988185E-01   -6.787896E-01    5.767517E-02
    5.002986E-01   -6.903957E-01    1.821601E-02
    5.017788E-01   -7.021874E-01   -2.146754E-02
    5.032590E-01   -7.141197E-01   -6.094809E-02
    5.047392E-01   -7.259895E-01   -9.999988E-02
    5.062193E-01   -7.374612E-01   -1.375328E-01
    5.076995E-01   -7.486055E-01   -1.739762E-01
    5.091797E-01   -7.588750E-01   -2.076008E-01
    5.106599E-01   -7.686229E-01   -2.395214E-01
    5.121400E-01   -7.772202E-01   -2.675303E-01
    5.136202E-01   -7.852199E-01   -2.933900E-01
    5.151004E-01   -7.920401E-01   -3.147005E-01
    5.165806E-01   -7.983036E-01   -3.336802E-01
    5.180607E-01   -8.035564E-01   -3.480034E-01
    5.195409E-01   -8.083650E-01   -3.600390E-01
    5.210211E-01   -8.124061E-01   -3.676013E-01
    5.225013E-01   -8.161134E-01   -3.729593E-01
    5.239814E-01   -8.192114E-01   -3.738864E-01
    5.254616E-01   -8.220042E-01   -3.725282E-01
    5.269418E-01   -8.241132E-01   -3.663385E-01
    5.284219E-01   -8.258034E-01   -3.575548E-01
    5.299021E-01   -8.264202E-01   -3.431833E-01
    5.313823E-01   -8.263450E-01   -3.258309E-01
    5.328625E-01   -8.245156E-01   -3.022487E-01
    5.343426E-01   -8.216054E-01   -2.755088E-01
    5.358228E-01   -8.161173E-01   -2.426157E-01
    5.373030E-01   -8.091444E-01   -2.068723E-01
    5.387832E-01   -7.988685E-01   -1.661855E-01
    5.402633E-01   -7.868198E-01   -1.235479E-01
    5.417435E-01   -7.711008E-01   -7.827974E-02
    5.432237E-01   -7.535536E-01   -3.240215E-02
    5.447039E-01   -7.325134E-01    1.325605E-02
    5.461840E-01   -7.098833E-01    5.813636E-02
    5.476642E-01   -6.845271E-01    1.003523E-01
    5.491444E-01   -6.580951E-01    1.408489E-01
    5.506245E-01   -6.301789E-01    1.775378E-01
    5.521047E-01   -6.018830E-01    2.123533E-01
    5.535849E-01   -5.735699E-01    2.438892E-01
    5.550651E-01   -5.456067E-01    2.741877E-01
    5.565452E-01   -5.189941E-01    3.030548E-01
    5.580254E-01   -4.933290E-01    3.317911E-01
    5.595056E-01   -4.699656E-01    3.614535E-01
    5.609858E-01   -4.478752E-01    3.921375E-01
    5.624659E-01   -4.284002E-01    4.258486E-01
    5.639461E-01   -4.101793E-01    4.614817E-01
    5.654263E-01   -3.941928E-01    5.015953E-01
    5.669065E-01   -3.791142E-01    5.441773E-01
    5.683866E-01   -3.653197E-01    5.919734E-01
    5.698668E-01   -3.518638E-01    6.424222E-01
    5.713470E-01   -3.384483E-01    6.980655E-01
    5.728271E-01   -3.247441E-01    7.561357E-01
    5.743073E-01   -3.099133E-01    8.184591E-01
    5.757875E-01   -2.943047E-01    8.824660E-01
    5.772677E-01   -2.768798E-01    9.486622E-01
    5.787478E-01   -2.585222E-01    1.015229E+00
    5.802280E-01   -2.384963E-01    1.080873E+00
    5.817082E-01   -2.178692E-01    1.145169E+00
    5.831884E-01   -1.967791E-01    1.205009E+00
    5.846685E-01   -1.759571E-01    1.261832E+00
    5.861487E-01   -1.568920E-01    1.311389E+00
    5.876289E-01   -1.393964E-01    1.356943E+00
    5.891091E-01   -1.265008E-01    1.394346E+00
    5.905892E-01   -1.166259E-01    1.427920E+00
    5.920694E-01   -1.141060E-01    1.454907E+00
    5.935496E-01   -1.158017E-01    1.479362E+00
    5.950298E-01   -1.266692E-01    1.500530E+00
    5.965099E-01   -1.422846E-01    1.520942E+00
    5.979901E-01   -1.672517E-01    1.541360E+00
    5.994703E-01   -1.965795E-01    1.562305E+00
    6.009504E-01   -2.335307E-01    1.584736E+00
    6.024306E-01   -2.735370E-01    1.607790E+00
    6.039108E-01   -3.178088E-01    1.631231E+00
    6.053910E-01   -3.631775E-01    1.654196E+00
    6.068711E-01   -4.085585E-01    1.674584E+00
    6.083513E-01   -4.528603E-01    1.692839E+00
    6.098315E-01   -4.929562E-01    1.705273E+00
    6.113117E-01   -5.300372E-01    1.714160E+00
    6.127918E-01   -5.595679E-01    1.715050E+00
    6.142720E-01   -5.847450E-01    1.711678E+00
    6.157522E-01   -6.004568E-01    1.699590E+00
    6.172324E-01   -6.112637E-01    1.683177E+00
    6.187125E-01   -6.123204E-01    1.658344E+00
    6.201927E-01   -6.087194E-01    1.629469E+00
    6.216729E-01   -5.965626E-01    1.592904E+00
    6.231530E-01   -5.806369E-01    1.552715E+00
    6.246332E-01   -5.583688E-01    1.505787E+00
    6.261134E-01   -5.335716E-01    1.455787E+00
    6.275936E-01   -5.050004E-01    1.400342E+00
    6.290737E-01   -4.751433E-01    1.342577E+00
    6.305539E-01   -4.437699E-01    1.281057E+00
    6.320341E-01   -4.120717E-01    1.218127E+00
    6.335143E-01   -3.803885E-01    1.153303E+00
    6.349944E-01   -3.489502E-01    1.087972E+00
    6.364746E-01   -3.183248E-01    1.022421E+00
    6.379548E-01   -2.882173E-01    9.571030E-01
    6.394350E-01   -2.593277E-01    8.928188E-01
    6.409151E-01   -2.311434E-01    8.292723E-01
    6.423953E-01   -2.046106E-01    7.675065E-01
    6.438755E-01   -1.790559E-01    7.067083E-01
    6.453557E-01   -1.558176E-01    6.478279E-01
    6.468358E-01   -1.339308E-01    5.898043E-01
    6.483160E-01   -1.151142E-01    5.331037E-01
    6.497962E-01   -9.798071E-02    4.767896E-01
    6.512763E-01   -8.438688E-02    4.206002E-01
    6.527565E-01   -7.256797E-02    3.641462E-01
    6.542367E-01   -6.412002E-02    3.066170E-01
    6.557169E-01   -5.717000E-02    2.483889E-01
    6.571970E-01   -5.265569E-02    1.887634E-01
    6.586772E-01   -4.900026E-02    1.286334E-01
    6.601574E-01   -4.622608E-02    6.829190E-02
    6.616376E-01   -4.343822E-02    8.437557E-03
    6.631177E-01   -3.969067E-02   -4.892476E-02
    6.645979E-01   -3.500806E-02   -1.041547E-01
    6.660781E-01   -2.760623E-02   -1.531768E-01
    6.675583E-01   -1.846588E-02   -1.980794E-01
    6.690384E-01   -5.201334E-03   -2.327010E-01
    6.705186E-01    1.038931E-02   -2.611943E-01
    6.719988E-01    3.104196E-02   -2.756017E-01
    6.734789E-01    5.437547E-02   -2.821705E-01
    6.749591E-01    8.327249E-02   -2.718080E-01
    6.764393E-01    1.150096E-01   -2.525722E-01
    6.779195E-01    1.524685E-01   -2.153011E-01
    6.793996E-01    1.927749E-01   -1.691603E-01
    6.808798E-01    2.386825E-01   -1.061744E-01
    6.823600E-01    2.873085E-01   -3.549517E-02
    6.838402E-01    3.411287E-01    4.862889E-02
    6.853203E-01    3.973812E-01    1.383165E-01
    6.868005E-01    4.580695E-01    2.365534E-01
    6.882807E-01    5.207062E-01    3.376960E-01
    6.897609E-01    5.865778E-01    4.418245E-01
    6.912410E-01    6.536687E-01    5.460080E-01
    6.927212E-01    7.222585E-01    6.473923E-01
    6.942014E-01    7.910543E-01    7.459119E-01
    6.956816E-01    8.590335E-01    8.357853E-01
    6.971617E-01    9.259289E-01    9.199206E-01
    6.986419E-01    9.892200E-01    9.899573E-01
    7.001221E-01    1.049976E+00    1.051820E+00
    7.016022E-01    1.104237E+00    1.095640E+00
    7.030824E-01    1.154604E+00    1.129961E+00
    7.045626E-01    1.196104E+00    1.145195E+00
    7.060428E-01    1.232778E+00    1.151308E+00
    7.075229E-01    1.259376E+00    1.140947E+00
    7.090031E-01    1.280913E+00    1.123630E+00
    7.104833E-01    1.292663E+00    1.095575E+00
    7.119635E-01    1.299851E+00    1.063912E+00
    7.134436E-01    1.298835E+00    1.028611E+00
    7.149238E-01    1.294258E+00    9.931630E-01
    7.164040E-01    1.283691E+00    9.602612E-01
    7.178842E-01    1.270679E+00    9.296944E-01
    7.193643E-01    1.253766E+00    9.050670E-01
    7.208445E-01    1.235326E+00    8.835936E-01
    7.223247E-01    1.214522E+00    8.679503E-01
    7.238048E-01    1.192822E+00    8.546347E-01
    7.252850E-01    1.169826E+00    8.443388E-01
    7.267652E-01    1.146425E+00    8.346511E-01
    7.282454E-01    1.122755E+00    8.245281E-01
    7.297255E-01    1.099268E+00    8.135869E-01
    7.312057E-01    1.076903E+00    8.004982E-01
    7.326859E-01    1.055537E+00    7.864936E-01
    7.341661E-01    1.037128E+00    7.718112E-01
    7.356462E-01    1.020698E+00    7.577256E-01
    7.371264E-01    1.009191E+00    7.471822E-01
    7.386066E-01    1.000582E+00    7.396612E-01
    7.400868E-01    9.984746E-01    7.404849E-01
    7.415669E-01    9.998622E-01    7.463638E-01
    7.430471E-01    1.008464E+00    7.633330E-01
    7.445273E-01    1.020640E+00    7.858774E-01
    7.460075E-01    1.039590E+00    8.187170E-01
    7.474876E-01    1.061582E+00    8.558861E-01
    7.489678E-01    1.088661E+00    8.995334E-01
    7.504480E-01    1.117635E+00    9.452018E-01
    7.519281E-01    1.148824E+00    9.925148E-01
    7.534083E-01    1.180217E+00    1.039595E+00
    7.548885E-01    1.210020E+00    1.084561E+00
    7.563687E-01    1.237981E+00    1.127913E+00
    7.578488E-01    1.260156E+00    1.167456E+00
    7.593290E-01    1.278444E+00    1.205029E+00
    7.608092E-01    1.287213E+00    1.238853E+00
    7.622894E-01    1.290533E+00    1.270987E+00
    7.637695E-01    1.282045E+00    1.300146E+00
    7.652497E-01    1.267474E+00    1.327973E+00
    7.667299E-01    1.240947E+00    1.353245E+00
    7.682101E-01    1.208827E+00    1.377151E+00
    7.696902E-01    1.166780E+00    1.397806E+00
    7.711704E-01    1.120585E+00    1.416390E+00
    7.726506E-01    1.067958E+00    1.429579E+00
    7.741307E-01    1.013087E+00    1.439291E+00
    7.756109E-01    9.555996E-01    1.440277E+00
    7.770911E-01    8.976431E-01    1.435988E+00
    7.785713E-01    8.401374E-01    1.419453E+00
    7.800514E-01    7.833834E-01    1.396118E+00
    7.815316E-01    7.288436E-01    1.358365E+00
    7.830118E-01    6.756112E-01    1.313338E+00
    7.844920E-01    6.251453E-01    1.254414E+00
    7.859721E-01    5.760534E-01    1.189257E+00
    7.874523E-01    5.296022E-01    1.113751E+00
    7.889325E-01    4.844096E-01    1.034394E+00
    7.904127E-01    4.416510E-01    9.502841E-01
    7.918928E-01    4.001042E-01    8.653050E-01
    7.933730E-01    3.610530E-01    7.814438E-01
    7.948532E-01    3.233213E-01    6.993957E-01
    7.963334E-01    2.884177E-01    6.230084E-01
    7.978135E-01    2.550289E-01    5.501999E-01
    7.992937E-01    2.248508E-01    4.855041E-01
    8.007739E-01    1.963448E-01    4.250927E-01
    8.022540E-01    1.712503E-01    3.732819E-01
    8.037342E-01    1.478591E-01    3.256206E-01
    8.052144E-01    1.277989E-01    2.857180E-01
    8.066946E-01    1.093365E-01    2.493490E-01
    8.081747E-01    9.388656E-02    2.192824E-01
    8.096549E-01    7.983523E-02    1.919786E-01
    8.111351E-01    6.834578E-02    1.694575E-01
    8.126153E-01    5.801482E-02    1.489891E-01
    8.140954E-01    4.975385E-02    1.320294E-01
    8.155756E-01    4.240601E-02    1.165689E-01
    8.170558E-01    3.664782E-02    1.036785E-01
    8.185360E-01    3.157140E-02    9.189518E-02
    8.200161E-01    2.764619E-02    8.203134E-02
    8.214963E-01    2.419895E-02    7.300396E-02
    8.229765E-01    2.153241E-02    6.544050E-02
    8.244566E-01    1.917995E-02    5.851861E-02
    8.259368E-01    1.732710E-02    5.272063E-02
    8.274170E-01    1.567187E-02    4.741326E-02
    8.288972E-01    1.433034E-02    4.295780E-02
    8.303773E-01    1.311515E-02    3.886969E-02
    8.318575E-01    1.210854E-02    3.541083E-02
    8.333377E-01    1.119063E-02    3.221985E-02
    8.348179E-01    1.042810E-02    2.948376E-02
    8.362980E-01    9.735014E-03    2.694107E-02
    8.377782E-01    9.166830E-03    2.472964E-02
    8.392584E-01    8.654452E-03    2.266185E-02
    8.407386E-01    8.239972E-03    2.084731E-02
    8.422187E-01    7.867227E-03    1.914635E-02
    8.436989E-01    7.563244E-03    1.765224E-02
    8.451791E-01    7.286530E-03    1.625327E-02
    8.466592E-01    7.051478E-03    1.502997E-02
    8.481394E-01    6.831885E-03    1.388751E-02
    8.496196E-01    6.635126E-03    1.289240E-02
    8.510998E-01    6.447092E-03    1.196348E-02
    8.525799E-01    6.273739E-03    1.115152E-02
    8.540601E-01    6.107375E-03    1.039032E-02
    8.555403E-01    5.955573E-03    9.715984E-03
    8.570205E-01    5.811644E-03    9.078561E-03
    8.585006E-01    5.684477E-03    8.504075E-03
    8.599808E-01    5.565881E-03    7.956869E-03
    8.614610E-01    5.463867E-03    7.458347E-03
    8.629412E-01    5.369355E-03    6.982336E-03
    8.644213E-01    5.287439E-03    6.549328E-03
    8.659015E-01    5.210377E-03    6.137292E-03
    8.673817E-01    5.140033E-03    5.766470E-03
    8.688619E-01    5.071728E-03    5.415751E-03
    8.703420E-01    5.005506E-03    5.103501E-03
    8.718222E-01    4.939719E-03    4.809157E-03
    8.733024E-01    4.874515E-03    4.547103E-03
    8.747825E-01    4.809834E-03    4.299116E-03
    8.762627E-01    4.747139E-03    4.074896E-03
    8.777429E-01    4.686024E-03    3.860503E-03
    8.792231E-01    4.629175E-03    3.662297E-03
    8.807032E-01    4.574850E-03    3.470909E-03
    8.821834E-01    4.525874E-03    3.291660E-03
    8.836636E-01    4.479440E-03    3.118212E-03
    8.851438E-01    4.437327E-03    2.956587E-03
    8.866239E-01    4.396820E-03    2.801187E-03
    8.881041E-01    4.358279E-03    2.658935E-03
    8.895843E-01    4.320148E-03    2.523491E-03
    8.910645E-01    4.281945E-03    2.401623E-03
    8.925446E-01    4.243444E-03    2.286218E-03
    8.940248E-01    4.204265E-03    2.182508E-03
    8.955050E-01    4.164923E-03    2.083801E-03
    8.969851E-01    4.125887E-03    1.993199E-03
    8.984653E-01    4.087384E-03    1.905749E-03
    8.999455E-01    4.050677E-03    1.823118E-03
    9.014257E-01    4.015145E-03    1.742391E-03
    9.029058E-01    3.982252E-03    1.665057E-03
    9.043860E-01    3.950633E-03    1.589472E-03
    9.058662E-01    3.921174E-03    1.517893E-03
    9.073464E-01    3.892500E-03    1.448672E-03
    9.088265E-01    3.864684E-03    1.384849E-03
    9.103067E-01    3.836951E-03    1.323965E-03
    9.117869E-01    3.808861E-03    1.269067E-03
    9.132671E-01    3.780452E-03    1.217019E-03
    9.147472E-01    3.751393E-03    1.170020E-03
    9.162274E-01    3.722137E-03    1.125072E-03
    9.177076E-01    3.692945E-03    1.083173E-03
    9.191878E-01    3.664058E-03    1.042320E-03
    9.206679E-01    3.636294E-03    1.002824E-03
    9.221481E-01    3.609278E-03    9.638092E-04
    9.236283E-01    3.583932E-03    9.257297E-04
    9.251084E-01    3.559390E-03    8.882586E-04
    9.265886E-01    3.536181E-03    8.525039E-04
    9.280688E-01    3.513420E-03    8.178941E-04
    9.295490E-01    3.491057E-03    7.860703E-04
    9.310291E-01    3.468668E-03    7.557908E-04
    9.325093E-01    3.445876E-03    7.286348E-04
    9.339895E-01    3.422803E-03    7.029047E-04
    9.354697E-01    3.399233E-03    6.795248E-04
    9.369498E-01    3.375537E-03    6.570060E-04
    9.384300E-01    3.351947E-03    6.355585E-04
    9.399102E-01    3.328615E-03    6.143733E-04
    9.413904E-01    3.306170E-03    5.933588E-04
    9.428705E-01    3.284289E-03    5.723847E-04
    9.443507E-01    3.263617E-03    5.516441E-04
    9.458309E-01    3.243500E-03    5.311890E-04
    9.473110E-01    3.224233E-03    5.117344E-04
    9.487912E-01    3.205203E-03    4.929825E-04
    9.502714E-01    3.186272E-03    4.759444E-04
    9.517516E-01    3.167227E-03    4.598258E-04
    9.532317E-01    3.147749E-03    4.454587E-04
    9.547119E-01    3.128034E-03    4.318275E-04
    9.561921E-01    3.107978E-03    4.192550E-04
    9.576723E-01    3.087882E-03    4.069842E-04
    9.591524E-01    3.068024E-03    3.949034E-04
    9.606326E-01    3.048449E-03    3.827766E-04
    9.621128E-01    3.029688E-03    3.704617E-04
    9.635930E-01    3.011411E-03    3.580922E-04
    9.650731E-01    2.994069E-03    3.458452E-04
    9.665533E-01    2.977105E-03    3.338239E-04
    9.680335E-01    2.960638E-03    3.225839E-04
    9.695137E-01    2.944254E-03    3.118702E-04
    9.709938E-01    2.927742E-03    3.023423E-04
    9.724740E-01    2.911065E-03    2.933919E-04
    9.739542E-01    2.893974E-03    2.854212E-04
    9.754343E-01    2.876711E-03    2.777965E-04
    9.769145E-01    2.859303E-03    2.705300E-04
    9.783947E-01    2.841951E-03    2.632864E-04
    9.798749E-01    2.824993E-03    2.558656E-04
    9.813550E-01    2.808356E-03    2.483136E-04
    9.828352E-01    2.792498E-03    2.405566E-04
    9.843154E-01    2.777036E-03    2.327886E-04
    9.857956E-01    2.762239E-03    2.252544E-04
    9.872757E-01    2.747666E-03    2.179677E-04
    9.887559E-01    2.733273E-03    2.113943E-04
    9.902361E-01    2.718834E-03    2.052315E-04
    9.917163E-01    2.704109E-03    1.998716E-04
    9.931964E-01    2.689201E-03    1.948457E-04
    9.946766E-01    2.673965E-03    1.902638E-04
    9.961568E-01    2.658646E-03    1.857718E-04
    9.976369E-01    2.643396E-03    1.812180E-04
    9.991171E-01    2.628302E-03    1.765499E-04
    1.000597E+00    2.613737E-03    1.715959E-04
    1.002077E+00    2.599504E-03    1.665335E-04
    1.003558E+00    2.585943E-03    1.614106E-04
    1.005038E+00    2.572663E-03    1.563586E-04
    1.006518E+00    2.559748E-03    1.516650E-04
    1.007998E+00    2.546896E-03    1.472319E-04
    1.009478E+00    2.533944E-03    1.433966E-04
    1.010959E+00    2.520855E-03    1.398517E-04
    1.012439E+00    2.507432E-03    1.367684E-04
    1.013919E+00    2.493865E-03    1.338214E-04
    1.015399E+00    2.480163E-03    1.309385E-04
    1.016879E+00    2.466502E-03    1.279955E-04
    1.018359E+00    2.453140E-03    1.248217E-04
    1.019840E+00    2.440022E-03    1.215246E-04
    1.021320E+00    2.427495E-03    1.180432E-04
    1.022800E+00    2.415257E-03    1.145432E-04
    1.024280E+00    2.403480E-03    1.111898E-04
    1.025760E+00    2.391841E-03    1.079913E-04
    1.027240E+00    2.380256E-03    1.052157E-04
    1.028721E+00    2.368595E-03    1.026689E-04
    1.030201E+00    2.356653E-03    1.005341E-04
    1.031681E+00    2.344556E-03    9.854585E-05
    1.033161E+00    2.332222E-03    9.667897E-05
    1.034641E+00    2.319854E-03    9.478619E-05
    1.036121E+00    2.307614E-03    9.271620E-05
    1.037602E+00    2.295532E-03    9.052737E-05
    1.039082E+00    2.283926E-03    8.811720E-05
    1.040562E+00    2.272585E-03    8.564363E-05
    1.042042E+00    2.261726E-03    8.317865E-05
    1.043522E+00    2.251042E-03    8.079321E-05
    1.045003E+00    2.240512E-03    7.870012E-05
    1.046483E+00    2.229957E-03    7.678851E-05
    1.047963E+00    2.219190E-03    7.523603E-05
    1.049443E+00    2.208278E-03    7.382290E-05
    1.050923E+00    2.197095E-03    7.256261E-05
    1.052403E+00    2.185833E-03    7.130707E-05
    1.053884E+00    2.174587E-03    6.993565E-05
    1.055364E+00    2.163447E-03    6.846666E-05
    1.056844E+00    2.152683E-03    6.678116E-05
    1.058324E+00    2.142151E-03    6.501400E-05
    1.059804E+00    2.132090E-03    6.319529E-05
    1.061284E+00    2.122219E-03    6.141518E-05
    1.062765E+00    2.112568E-03    5.983162E-05
    1.064245E+00    2.102931E-03    5.838948E-05
    1.065725E+00    2.093149E-03    5.724560E-05
    1.067205E+00    2.083243E-03    5.622803E-05
    1.068685E+00    2.073079E-03    5.536492E-05
    1.070165E+00    2.062821E-03    5.451658E-05
    1.071646E+00    2.052523E-03    5.357553E-05
    1.073126E+00    2.042291E-03    5.254620E-05
    1.074606E+00    2.032353E-03    5.131534E-05
    1.076086E+00    2.022621E-03    5.000094E-05
    1.077566E+00    2.013324E-03    4.861054E-05
    1.079046E+00    2.004211E-03    4.723602E-05
    1.080527E+00    1.995324E-03    4.600192E-05
    1.082007E+00    1.986461E-03    4.487842E-05
    1.083487E+00    1.977477E-03    4.400530E-05
    1.084967E+00    1.968374E-03    4.324068E-05
    1.086447E+00    1.959009E-03    4.261095E-05
    1.087928E+00    1.949541E-03    4.199765E-05
    1.089408E+00    1.939998E-03    4.131721E-05
    1.090888E+00    1.930503E-03    4.056182E-05
    1.092368E+00    1.921271E-03    3.963404E-05
    1.093848E+00    1.912228E-03    3.863089E-05
    1.095328E+00    1.903586E-03    3.754425E-05
    1.096809E+00    1.895115E-03    3.647208E-05
    1.098289E+00    1.886854E-03    3.552949E-05
    1.099769E+00    1.878616E-03    3.468465E-05
    1.101249E+00    1.870275E-03    3.405354E-05
    1.102729E+00    1.861826E-03    3.351687E-05
    1.104209E+00    1.853125E-03    3.309790E-05
    1.105690E+00    1.844333E-03    3.269294E-05
    1.107170E+00    1.835482E-03    3.222263E-05
    1.108650E+00    1.826680E-03    3.168798E-05
    1.110130E+00    1.818127E-03    3.100605E-05
    1.111610E+00    1.809749E-03    3.026220E-05
    1.113090E+00    1.801750E-03    2.946091E-05
    1.114571E+00    1.793905E-03    2.867489E-05
    1.116051E+00    1.786233E-03    2.801173E-05
    1.117531E+00    1.778566E-03    2.743561E-05
    1.119011E+00    1.770766E-03    2.703932E-05
    1.120491E+00    1.762848E-03    2.671849E-05
    1.121972E+00    1.754683E-03    2.647266E-05
    1.123452E+00    1.746436E-03    2.621841E-05
    1.124932E+00    1.738153E-03    2.587217E-05
    1.126412E+00    1.729935E-03    2.545445E-05
    1.127892E+00    1.721978E-03    2.488706E-05
    1.129372E+00    1.714188E-03    2.426426E-05
    1.130853E+00    1.706739E-03    2.360288E-05
    1.132333E+00    1.699421E-03    2.296756E-05
    1.133813E+00    1.692206E-03    2.245664E-05
    1.135293E+00    1.684966E-03    2.202617E-05
    1.136773E+00    1.677558E-03    2.175403E-05
    1.138253E+00    1.670036E-03    2.153845E-05
    1.139734E+00    1.662312E-03    2.136413E-05
    1.141214E+00    1.654534E-03    2.116986E-05
    1.142694E+00    1.646795E-03    2.087316E-05
    1.144174E+00    1.639153E-03    2.051410E-05
    1.145654E+00    1.631823E-03    2.003521E-05
    1.147134E+00    1.624668E-03    1.952016E-05
    1.148615E+00    1.617814E-03    1.901263E-05
    1.150095E+00    1.611052E-03    1.854543E-05
    1.151575E+00    1.604327E-03    1.820590E-05
    1.153055E+00    1.597548E-03    1.793661E-05
    1.154535E+00    1.590560E-03    1.778317E-05
    1.156016E+00    1.583461E-03    1.765759E-05
    1.157496E+00    1.576213E-03    1.751117E-05
    1.158976E+00    1.568947E-03    1.732037E-05
    1.160456E+00    1.561780E-03    1.700527E-05
    1.161936E+00    1.554731E-03    1.663043E-05
    1.163416E+00    1.547988E-03    1.616097E-05
    1.164897E+00    1.541385E-03    1.567380E-05
    1.166377E+00    1.534977E-03    1.523746E-05
    1.167857E+00    1.528593E-03    1.485605E-05
    1.169337E+00    1.522110E-03    1.460389E-05
    1.170817E+00    1.515527E-03    1.440835E-05
    1.172297E+00    1.508717E-03    1.427860E-05
    1.173778E+00    1.501815E-03    1.415123E-05
    1.175258E+00    1.494844E-03    1.396666E-05
    1.176738E+00    1.487912E-03    1.373041E-05
    1.178218E+00    1.481196E-03    1.338051E-05
    1.179698E+00    1.474627E-03    1.298769E-05
    1.181178E+00    1.468344E-03    1.257619E-05
    1.182659E+00    1.462168E-03    1.218733E-05
    1.184139E+00    1.456066E-03    1.189316E-05
    1.185619E+00    1.449931E-03    1.166027E-05
    1.187099E+00    1.443625E-03    1.154208E-05
    1.188579E+00    1.437210E-03    1.146170E-05
    1.190060E+00    1.430613E-03    1.139466E-05
    1.191540E+00    1.423983E-03    1.130108E-05
    1.193020E+00    1.417442E-03    1.111407E-05
    1.194500E+00    1.411007E-03    1.087982E-05
    1.195980E+00    1.404857E-03    1.057699E-05
    1.197460E+00    1.398847E-03    1.026334E-05
    1.198941E+00    1.393036E-03    9.987606E-06
    1.200421E+00    1.387255E-03    9.758173E-06
    1.201901E+00    1.381394E-03    9.634878E-06
    1.203381E+00    1.375448E-03    9.559452E-06
    1.204861E+00    1.369292E-03    9.540883E-06
    1.206341E+00    1.363056E-03    9.515538E-06
    1.207822E+00    1.356779E-03    9.426237E-06
    1.209302E+00    1.350551E-03    9.288675E-06
    1.210782E+00    1.344546E-03    9.052934E-06
    1.212262E+00    1.338675E-03    8.786108E-06
    1.213742E+00    1.333051E-03    8.504278E-06
    1.215222E+00    1.327507E-03    8.245025E-06
    1.216703E+00    1.321975E-03    8.070830E-06
    1.218183E+00    1.316376E-03    7.942867E-06
    1.219663E+00    1.310574E-03    7.888259E-06
    1.221143E+00    1.304672E-03    7.847708E-06
    1.222623E+00    1.298639E-03    7.778448E-06
    1.224103E+00    1.292611E-03    7.669562E-06
    1.225584E+00    1.286730E-03    7.464932E-06
    1.227064E+00    1.280975E-03    7.220154E-06
    1.228544E+00    1.275503E-03    6.939055E-06
    1.230024E+00    1.270141E-03    6.668727E-06
    1.231504E+00    1.264874E-03    6.463451E-06
    1.232985E+00    1.259580E-03    6.305985E-06
    1.234465E+00    1.254115E-03    6.249557E-06
    1.235945E+00    1.248543E-03    6.223120E-06
    1.237425E+00    1.242787E-03    6.193487E-06
    1.238905E+00    1.236995E-03    6.138216E-06
    1.240385E+00    1.231286E-03    6.006279E-06
    1.241866E+00    1.225676E-03    5.834168E-06
    1.243346E+00    1.220318E-03    5.601766E-06
    1.244826E+00    1.215079E-03    5.365382E-06
    1.246306E+00    1.209980E-03    5.186678E-06
    1.247786E+00    1.204880E-03    5.050157E-06
    1.249266E+00    1.199648E-03    5.010022E-06
    1.250747E+00    1.194314E-03    5.008033E-06
    1.252227E+00    1.188794E-03    5.033836E-06
    1.253707E+00    1.183228E-03    5.047001E-06
    1.255187E+00    1.177710E-03    4.987419E-06
    1.256667E+00    1.172286E-03    4.890214E-06
    1.258147E+00    1.167120E-03    4.741910E-06
    1.259628E+00    1.162077E-03    4.586477E-06
    1.261108E+00    1.157188E-03    4.461221E-06
    1.262588E+00    1.152309E-03    4.372581E-06
    1.264068E+00    1.147307E-03    4.359940E-06
    1.265548E+00    1.142205E-03    4.375052E-06
    1.267029E+00    1.136910E-03    4.408299E-06
    1.268509E+00    1.131561E-03    4.423353E-06
    1.269989E+00    1.126253E-03    4.352442E-06
    1.271469E+00    1.121034E-03    4.232955E-06
    1.272949E+00    1.116075E-03    4.041089E-06
    1.274429E+00    1.111240E-03    3.832513E-06
    1.275910E+00    1.106554E-03    3.640273E-06
    1.277390E+00    1.101870E-03    3.477776E-06
    1.278870E+00    1.097055E-03    3.400589E-06
    1.280350E+00    1.092129E-03    3.354218E-06
    1.281830E+00    1.086996E-03    3.315814E-06
    1.283310E+00    1.081813E-03    3.263187E-06
    1.284791E+00    1.076668E-03    3.159663E-06
    1.286271E+00    1.071608E-03    3.018114E-06
    1.287751E+00    1.066787E-03    2.824537E-06
    1.289231E+00    1.062073E-03    2.636857E-06
    1.290711E+00    1.057468E-03    2.507293E-06
    1.292191E+00    1.052845E-03    2.417658E-06
    1.293672E+00    1.048059E-03    2.413566E-06
    1.295152E+00    1.043169E-03    2.443103E-06
    1.296632E+00    1.038124E-03    2.489531E-06
    1.298112E+00    1.033902E-03    2.519366E-06
    1.299592E+00    1.033063E-03    2.520495E-06
