   -2.414163E+00   -1.768179E-09    9.900324E-10
   -2.412683E+00   -1.392098E-08    4.639232E-09
   -2.411203E+00   -2.861410E-08    9.022162E-09
   -2.409722E+00   -4.335004E-08    1.803344E-08
   -2.408242E+00   -6.024234E-08    2.909947E-08
   -2.406762E+00   -8.107235E-08    4.072510E-08
   -2.405282E+00   -1.025178E-07    5.138664E-08
   -2.403802E+00   -1.198957E-07    6.388822E-08
   -2.402322E+00   -1.347455E-07    7.808794E-08
   -2.400841E+00   -1.528715E-07    8.671073E-08
   -2.399361E+00   -1.708024E-07    9.336569E-08
   -2.397881E+00   -1.816211E-07    1.006403E-07
   -2.396401E+00   -1.908146E-07    1.067686E-07
   -2.394921E+00   -1.973618E-07    1.094928E-07
   -2.393441E+00   -2.037793E-07    1.099525E-07
   -2.391960E+00   -2.106299E-07    1.089783E-07
   -2.390480E+00   -2.173382E-07    1.065969E-07
   -2.389000E+00   -2.230681E-07    1.003438E-07
   -2.387520E+00   -2.287185E-07    9.531243E-08
   -2.386040E+00   -2.381806E-07    8.972570E-08
   -2.384560E+00   -2.497047E-07    8.352653E-08
   -2.383079E+00   -2.666510E-07    7.664650E-08
   -2.381599E+00   -2.860059E-07    6.843986E-08
   -2.380119E+00   -3.058768E-07    5.842898E-08
   -2.378639E+00   -3.265087E-07    5.010199E-08
   -2.377159E+00   -3.511583E-07    4.311006E-08
   -2.375678E+00   -3.741890E-07    3.491723E-08
   -2.374198E+00   -3.938693E-07    2.708708E-08
   -2.372718E+00   -4.138270E-07    1.950199E-08
   -2.371238E+00   -4.308927E-07    1.437702E-08
   -2.369758E+00   -4.455612E-07    1.130754E-08
   -2.368278E+00   -4.558174E-07    1.027062E-08
   -2.366797E+00   -4.640568E-07    8.759650E-09
   -2.365317E+00   -4.708966E-07    6.483193E-09
   -2.363837E+00   -4.774693E-07    4.772958E-09
   -2.362357E+00   -4.833054E-07    1.884822E-09
   -2.360877E+00   -4.903034E-07   -5.356541E-10
   -2.359397E+00   -4.982644E-07   -2.430841E-09
   -2.357916E+00   -5.046009E-07   -4.534860E-09
   -2.356436E+00   -5.108298E-07   -2.725390E-09
   -2.354956E+00   -5.182290E-07   -9.471081E-10
   -2.353476E+00   -5.260513E-07    2.178329E-09
   -2.351996E+00   -5.339822E-07    6.884947E-09
   -2.350516E+00   -5.449537E-07    1.249356E-08
   -2.349035E+00   -5.571886E-07    1.912754E-08
   -2.347555E+00   -5.702153E-07    2.603231E-08
   -2.346075E+00   -5.843837E-07    3.261023E-08
   -2.344595E+00   -5.987304E-07    3.783215E-08
   -2.343115E+00   -6.109028E-07    4.274117E-08
   -2.341634E+00   -6.204060E-07    4.789007E-08
   -2.340154E+00   -6.300466E-07    5.248215E-08
   -2.338674E+00   -6.377369E-07    5.479036E-08
   -2.337194E+00   -6.460035E-07    5.635442E-08
   -2.335714E+00   -6.574151E-07    5.870383E-08
   -2.334234E+00   -6.686468E-07    6.005761E-08
   -2.332753E+00   -6.771790E-07    6.052877E-08
   -2.331273E+00   -6.871989E-07    6.045149E-08
   -2.329793E+00   -6.976117E-07    5.802743E-08
   -2.328313E+00   -7.071511E-07    5.524737E-08
   -2.326833E+00   -7.175163E-07    5.060907E-08
   -2.325353E+00   -7.268581E-07    4.725373E-08
   -2.323872E+00   -7.363533E-07    4.533516E-08
   -2.322392E+00   -7.466147E-07    4.231332E-08
   -2.320912E+00   -7.571545E-07    3.910962E-08
   -2.319432E+00   -7.683146E-07    3.674678E-08
   -2.317952E+00   -7.841770E-07    3.734451E-08
   -2.316472E+00   -8.015262E-07    3.850666E-08
   -2.314991E+00   -8.171589E-07    3.978952E-08
   -2.313511E+00   -8.337933E-07    4.067413E-08
   -2.312031E+00   -8.498320E-07    4.060706E-08
   -2.310551E+00   -8.652106E-07    4.115696E-08
   -2.309071E+00   -8.806033E-07    4.169941E-08
   -2.307591E+00   -8.947604E-07    4.292154E-08
   -2.306110E+00   -9.092782E-07    4.688122E-08
   -2.304630E+00   -9.224506E-07    5.014245E-08
   -2.303150E+00   -9.329998E-07    5.152482E-08
   -2.301670E+00   -9.444943E-07    5.175887E-08
   -2.300190E+00   -9.562738E-07    5.153012E-08
   -2.298709E+00   -9.662060E-07    5.128652E-08
   -2.297229E+00   -9.752814E-07    5.080178E-08
   -2.295749E+00   -9.856938E-07    4.986236E-08
   -2.294269E+00   -9.993528E-07    4.688107E-08
   -2.292789E+00   -1.013466E-06    4.376737E-08
   -2.291309E+00   -1.025219E-06    4.082353E-08
   -2.289828E+00   -1.036612E-06    3.783151E-08
   -2.288348E+00   -1.046572E-06    3.407161E-08
   -2.286868E+00   -1.055812E-06    3.101401E-08
   -2.285388E+00   -1.064832E-06    2.764891E-08
   -2.283908E+00   -1.074341E-06    2.423657E-08
   -2.282428E+00   -1.084582E-06    1.986678E-08
   -2.280947E+00   -1.094980E-06    1.511278E-08
   -2.279467E+00   -1.105937E-06    1.199474E-08
   -2.277987E+00   -1.116062E-06    7.940184E-09
   -2.276507E+00   -1.125908E-06    5.019240E-09
   -2.275027E+00   -1.135899E-06    2.656088E-09
   -2.273547E+00   -1.145764E-06    3.625081E-10
   -2.272066E+00   -1.155064E-06   -1.717654E-09
   -2.270586E+00   -1.163424E-06   -4.369444E-09
   -2.269106E+00   -1.172480E-06   -6.744977E-09
   -2.267626E+00   -1.182124E-06   -7.964974E-09
   -2.266146E+00   -1.191610E-06   -8.951320E-09
   -2.264665E+00   -1.202082E-06   -1.193311E-08
   -2.263185E+00   -1.213234E-06   -1.515199E-08
   -2.261705E+00   -1.223779E-06   -1.734684E-08
   -2.260225E+00   -1.233756E-06   -1.800307E-08
   -2.258745E+00   -1.243593E-06   -1.571722E-08
   -2.257265E+00   -1.253546E-06   -1.226626E-08
   -2.255784E+00   -1.265242E-06   -6.047076E-09
   -2.254304E+00   -1.277753E-06    1.180756E-09
   -2.252824E+00   -1.291078E-06    9.673660E-09
   -2.251344E+00   -1.305479E-06    1.894208E-08
   -2.249864E+00   -1.320923E-06    2.959264E-08
   -2.248384E+00   -1.336511E-06    3.977340E-08
   -2.246903E+00   -1.355715E-06    4.941296E-08
   -2.245423E+00   -1.375358E-06    5.890015E-08
   -2.243943E+00   -1.393583E-06    6.773572E-08
   -2.242463E+00   -1.411639E-06    7.695219E-08
   -2.240983E+00   -1.429334E-06    8.632755E-08
   -2.239503E+00   -1.446291E-06    9.544149E-08
   -2.238022E+00   -1.461598E-06    1.042135E-07
   -2.236542E+00   -1.477948E-06    1.124704E-07
   -2.235062E+00   -1.493679E-06    1.178213E-07
   -2.233582E+00   -1.508701E-06    1.224019E-07
   -2.232102E+00   -1.525028E-06    1.296938E-07
   -2.230621E+00   -1.542307E-06    1.366997E-07
   -2.229141E+00   -1.559604E-06    1.421013E-07
   -2.227661E+00   -1.577041E-06    1.472138E-07
   -2.226181E+00   -1.593193E-06    1.493205E-07
   -2.224701E+00   -1.608518E-06    1.511581E-07
   -2.223221E+00   -1.624000E-06    1.547538E-07
   -2.221740E+00   -1.639339E-06    1.570210E-07
   -2.220260E+00   -1.654128E-06    1.562257E-07
   -2.218780E+00   -1.668905E-06    1.551425E-07
   -2.217300E+00   -1.685833E-06    1.497016E-07
   -2.215820E+00   -1.702525E-06    1.427220E-07
   -2.214340E+00   -1.717665E-06    1.361770E-07
   -2.212859E+00   -1.733649E-06    1.286323E-07
   -2.211379E+00   -1.752352E-06    1.183240E-07
   -2.209899E+00   -1.769914E-06    1.085070E-07
   -2.208419E+00   -1.784644E-06    9.812124E-08
   -2.206939E+00   -1.800012E-06    8.748623E-08
   -2.205459E+00   -1.814535E-06    7.806386E-08
   -2.203978E+00   -1.827905E-06    6.916389E-08
   -2.202498E+00   -1.842776E-06    6.350330E-08
   -2.201018E+00   -1.858632E-06    5.935162E-08
   -2.199538E+00   -1.875073E-06    5.775037E-08
   -2.198058E+00   -1.891977E-06    5.661581E-08
   -2.196577E+00   -1.909709E-06    5.742509E-08
   -2.195097E+00   -1.926108E-06    5.881440E-08
   -2.193617E+00   -1.940679E-06    5.962475E-08
   -2.192137E+00   -1.954897E-06    6.073347E-08
   -2.190657E+00   -1.966070E-06    6.357753E-08
   -2.189177E+00   -1.977672E-06    6.677645E-08
   -2.187696E+00   -1.989014E-06    6.903296E-08
   -2.186216E+00   -1.998468E-06    7.152128E-08
   -2.184736E+00   -2.005796E-06    7.528756E-08
   -2.183256E+00   -2.012662E-06    7.865673E-08
   -2.181776E+00   -2.021126E-06    8.090482E-08
   -2.180296E+00   -2.030080E-06    8.250343E-08
   -2.178815E+00   -2.038848E-06    8.344855E-08
   -2.177335E+00   -2.047668E-06    8.348747E-08
   -2.175855E+00   -2.056835E-06    8.000222E-08
   -2.174375E+00   -2.066545E-06    7.670179E-08
   -2.172895E+00   -2.076545E-06    7.408100E-08
   -2.171415E+00   -2.086667E-06    7.124567E-08
   -2.169934E+00   -2.096597E-06    6.655770E-08
   -2.168454E+00   -2.106360E-06    6.106566E-08
   -2.166974E+00   -2.115666E-06    5.677112E-08
   -2.165494E+00   -2.125315E-06    5.345002E-08
   -2.164014E+00   -2.136518E-06    4.950167E-08
   -2.162534E+00   -2.148445E-06    4.471676E-08
   -2.161053E+00   -2.161159E-06    4.167250E-08
   -2.159573E+00   -2.174109E-06    3.976017E-08
   -2.158093E+00   -2.186888E-06    3.962715E-08
   -2.156613E+00   -2.198922E-06    3.967425E-08
   -2.155133E+00   -2.211855E-06    4.055770E-08
   -2.153652E+00   -2.224624E-06    4.180877E-08
   -2.152172E+00   -2.235973E-06    4.251675E-08
   -2.150692E+00   -2.247102E-06    4.406246E-08
   -2.149212E+00   -2.256871E-06    4.587764E-08
   -2.147732E+00   -2.266779E-06    4.795321E-08
   -2.146252E+00   -2.277349E-06    5.269753E-08
   -2.144771E+00   -2.287710E-06    5.801520E-08
   -2.143291E+00   -2.300208E-06    6.117391E-08
   -2.141811E+00   -2.312996E-06    6.341129E-08
   -2.140331E+00   -2.324926E-06    6.637711E-08
   -2.138851E+00   -2.336899E-06    6.940332E-08
   -2.137371E+00   -2.348443E-06    7.191381E-08
   -2.135890E+00   -2.359301E-06    7.317713E-08
   -2.134410E+00   -2.368800E-06    7.270601E-08
   -2.132930E+00   -2.378349E-06    7.275757E-08
   -2.131450E+00   -2.385507E-06    7.446157E-08
   -2.129970E+00   -2.392232E-06    7.634016E-08
   -2.128490E+00   -2.400486E-06    7.842213E-08
   -2.127009E+00   -2.408795E-06    7.992961E-08
   -2.125529E+00   -2.416888E-06    8.049164E-08
   -2.124049E+00   -2.424976E-06    8.154759E-08
   -2.122569E+00   -2.432576E-06    8.246135E-08
   -2.121089E+00   -2.440290E-06    8.384888E-08
   -2.119608E+00   -2.449174E-06    8.520057E-08
   -2.118128E+00   -2.458412E-06    8.621848E-08
   -2.116648E+00   -2.468005E-06    8.823874E-08
   -2.115168E+00   -2.477757E-06    9.094663E-08
   -2.113688E+00   -2.486543E-06    9.309757E-08
   -2.112208E+00   -2.494916E-06    9.468193E-08
   -2.110727E+00   -2.506249E-06    9.634313E-08
   -2.109247E+00   -2.518502E-06    9.808490E-08
   -2.107767E+00   -2.530021E-06    9.993472E-08
   -2.106287E+00   -2.542318E-06    1.011008E-07
   -2.104807E+00   -2.556523E-06    1.015496E-07
   -2.103327E+00   -2.571401E-06    1.023284E-07
   -2.101846E+00   -2.587736E-06    1.033224E-07
   -2.100366E+00   -2.603727E-06    1.038352E-07
   -2.098886E+00   -2.619493E-06    1.039370E-07
   -2.097406E+00   -2.635209E-06    1.036849E-07
   -2.095926E+00   -2.648312E-06    1.019971E-07
   -2.094446E+00   -2.661356E-06    1.010198E-07
   -2.092965E+00   -2.673038E-06    1.007440E-07
   -2.091485E+00   -2.683613E-06    9.964327E-08
   -2.090005E+00   -2.693341E-06    9.920183E-08
   -2.088525E+00   -2.702657E-06    1.001134E-07
   -2.087045E+00   -2.713530E-06    1.006765E-07
   -2.085564E+00   -2.725046E-06    1.007291E-07
   -2.084084E+00   -2.738086E-06    1.017661E-07
   -2.082604E+00   -2.751750E-06    1.019931E-07
   -2.081124E+00   -2.765431E-06    1.021526E-07
   -2.079644E+00   -2.778976E-06    1.033073E-07
   -2.078164E+00   -2.791746E-06    1.044450E-07
   -2.076683E+00   -2.804745E-06    1.063710E-07
   -2.075203E+00   -2.817066E-06    1.098478E-07
   -2.073723E+00   -2.828968E-06    1.134616E-07
   -2.072243E+00   -2.842963E-06    1.170559E-07
   -2.070763E+00   -2.856908E-06    1.203549E-07
   -2.069283E+00   -2.871029E-06    1.231292E-07
   -2.067802E+00   -2.885709E-06    1.255355E-07
   -2.066322E+00   -2.900889E-06    1.276566E-07
   -2.064842E+00   -2.916389E-06    1.288240E-07
   -2.063362E+00   -2.931863E-06    1.280122E-07
   -2.061882E+00   -2.948203E-06    1.270546E-07
   -2.060402E+00   -2.965229E-06    1.255201E-07
   -2.058921E+00   -2.981002E-06    1.237497E-07
   -2.057441E+00   -2.995980E-06    1.202688E-07
   -2.055961E+00   -3.010894E-06    1.163794E-07
   -2.054481E+00   -3.024024E-06    1.125693E-07
   -2.053001E+00   -3.037648E-06    1.079328E-07
   -2.051520E+00   -3.052300E-06    1.022237E-07
   -2.050040E+00   -3.066291E-06    9.710416E-08
   -2.048560E+00   -3.079433E-06    9.274927E-08
   -2.047080E+00   -3.092423E-06    8.827701E-08
   -2.045600E+00   -3.106628E-06    8.254088E-08
   -2.044120E+00   -3.121280E-06    7.654783E-08
   -2.042639E+00   -3.135908E-06    7.094096E-08
   -2.041159E+00   -3.151135E-06    6.521642E-08
   -2.039679E+00   -3.165871E-06    6.017285E-08
   -2.038199E+00   -3.180830E-06    5.515419E-08
   -2.036719E+00   -3.196869E-06    4.963152E-08
   -2.035239E+00   -3.212256E-06    4.504481E-08
   -2.033758E+00   -3.227218E-06    4.100581E-08
   -2.032278E+00   -3.242296E-06    3.713501E-08
   -2.030798E+00   -3.257451E-06    3.468986E-08
   -2.029318E+00   -3.272749E-06    3.235490E-08
   -2.027838E+00   -3.288425E-06    3.091663E-08
   -2.026358E+00   -3.304694E-06    2.971309E-08
   -2.024877E+00   -3.321325E-06    2.959329E-08
   -2.023397E+00   -3.337984E-06    2.996757E-08
   -2.021917E+00   -3.356619E-06    3.074915E-08
   -2.020437E+00   -3.375988E-06    3.171335E-08
   -2.018957E+00   -3.394943E-06    3.337522E-08
   -2.017476E+00   -3.412511E-06    3.497309E-08
   -2.015996E+00   -3.428526E-06    3.767520E-08
   -2.014516E+00   -3.444470E-06    4.153915E-08
   -2.013036E+00   -3.459022E-06    4.526437E-08
   -2.011556E+00   -3.473683E-06    4.886535E-08
   -2.010076E+00   -3.486695E-06    5.300160E-08
   -2.008595E+00   -3.498449E-06    5.738232E-08
   -2.007115E+00   -3.511040E-06    6.162449E-08
   -2.005635E+00   -3.524216E-06    6.520542E-08
   -2.004155E+00   -3.537947E-06    6.799123E-08
   -2.002675E+00   -3.551555E-06    7.058704E-08
   -2.001195E+00   -3.565919E-06    7.311888E-08
   -1.999714E+00   -3.580710E-06    7.473857E-08
   -1.998234E+00   -3.594582E-06    7.470709E-08
   -1.996754E+00   -3.608004E-06    7.533143E-08
   -1.995274E+00   -3.621298E-06    7.699725E-08
   -1.993794E+00   -3.634924E-06    7.892158E-08
   -1.992314E+00   -3.648200E-06    8.128097E-08
   -1.990833E+00   -3.661123E-06    8.364949E-08
   -1.989353E+00   -3.675663E-06    8.698525E-08
   -1.987873E+00   -3.691665E-06    9.051616E-08
   -1.986393E+00   -3.707929E-06    9.334722E-08
   -1.984913E+00   -3.724242E-06    9.621189E-08
   -1.983433E+00   -3.742823E-06    9.810019E-08
   -1.981952E+00   -3.761537E-06    9.928287E-08
   -1.980472E+00   -3.779524E-06    1.007173E-07
   -1.978992E+00   -3.796850E-06    1.018047E-07
   -1.977512E+00   -3.813268E-06    1.017451E-07
   -1.976032E+00   -3.829457E-06    1.020421E-07
   -1.974551E+00   -3.844687E-06    1.014560E-07
   -1.973071E+00   -3.859753E-06    1.006061E-07
   -1.971591E+00   -3.873545E-06    1.005891E-07
   -1.970111E+00   -3.886394E-06    1.004358E-07
   -1.968631E+00   -3.898782E-06    1.012633E-07
   -1.967151E+00   -3.911413E-06    1.021855E-07
   -1.965670E+00   -3.925246E-06    1.031117E-07
   -1.964190E+00   -3.940006E-06    1.041240E-07
   -1.962710E+00   -3.955655E-06    1.045739E-07
   -1.961230E+00   -3.971778E-06    1.049517E-07
   -1.959750E+00   -3.988172E-06    1.054768E-07
   -1.958270E+00   -4.005147E-06    1.057240E-07
   -1.956789E+00   -4.023558E-06    1.058427E-07
   -1.955309E+00   -4.041982E-06    1.067348E-07
   -1.953829E+00   -4.060741E-06    1.075965E-07
   -1.952349E+00   -4.079621E-06    1.082284E-07
   -1.950869E+00   -4.098139E-06    1.094777E-07
   -1.949389E+00   -4.116790E-06    1.105513E-07
   -1.947908E+00   -4.135225E-06    1.109949E-07
   -1.946428E+00   -4.154016E-06    1.121361E-07
   -1.944948E+00   -4.174213E-06    1.120669E-07
   -1.943468E+00   -4.194568E-06    1.114352E-07
   -1.941988E+00   -4.216082E-06    1.116312E-07
   -1.940507E+00   -4.237753E-06    1.120023E-07
   -1.939027E+00   -4.259287E-06    1.126929E-07
   -1.937547E+00   -4.281018E-06    1.133566E-07
   -1.936067E+00   -4.303473E-06    1.144264E-07
   -1.934587E+00   -4.325766E-06    1.152710E-07
   -1.933107E+00   -4.347047E-06    1.156597E-07
   -1.931626E+00   -4.368297E-06    1.165160E-07
   -1.930146E+00   -4.388404E-06    1.178663E-07
   -1.928666E+00   -4.407967E-06    1.191259E-07
   -1.927186E+00   -4.426798E-06    1.205481E-07
   -1.925706E+00   -4.446315E-06    1.216382E-07
   -1.924226E+00   -4.467307E-06    1.230069E-07
   -1.922745E+00   -4.488610E-06    1.243376E-07
   -1.921265E+00   -4.509429E-06    1.245108E-07
   -1.919785E+00   -4.530069E-06    1.244457E-07
   -1.918305E+00   -4.551263E-06    1.235324E-07
   -1.916825E+00   -4.572478E-06    1.222128E-07
   -1.915345E+00   -4.594787E-06    1.212084E-07
   -1.913864E+00   -4.616389E-06    1.203837E-07
   -1.912384E+00   -4.636260E-06    1.200603E-07
   -1.910904E+00   -4.656148E-06    1.199614E-07
   -1.909424E+00   -4.676522E-06    1.206652E-07
   -1.907944E+00   -4.696475E-06    1.223427E-07
   -1.906463E+00   -4.714798E-06    1.240027E-07
   -1.904983E+00   -4.732438E-06    1.252028E-07
   -1.903503E+00   -4.750960E-06    1.273630E-07
   -1.902023E+00   -4.769972E-06    1.295571E-07
   -1.900543E+00   -4.789195E-06    1.301558E-07
   -1.899063E+00   -4.808800E-06    1.306115E-07
   -1.897582E+00   -4.828433E-06    1.301140E-07
   -1.896102E+00   -4.847882E-06    1.289752E-07
   -1.894622E+00   -4.866150E-06    1.274877E-07
   -1.893142E+00   -4.884037E-06    1.250482E-07
   -1.891662E+00   -4.901064E-06    1.211587E-07
   -1.890182E+00   -4.917282E-06    1.172961E-07
   -1.888701E+00   -4.933270E-06    1.141891E-07
   -1.887221E+00   -4.948581E-06    1.111397E-07
   -1.885741E+00   -4.960488E-06    1.070302E-07
   -1.884261E+00   -4.972517E-06    1.028377E-07
   -1.882781E+00   -4.985685E-06    9.931098E-08
   -1.881301E+00   -4.998898E-06    9.625072E-08
   -1.879820E+00   -5.013374E-06    9.412218E-08
   -1.878340E+00   -5.028516E-06    9.223344E-08
   -1.876860E+00   -5.042866E-06    9.101961E-08
   -1.875380E+00   -5.057324E-06    8.941295E-08
   -1.873900E+00   -5.073443E-06    8.787491E-08
   -1.872419E+00   -5.089771E-06    8.728750E-08
   -1.870939E+00   -5.106121E-06    8.699210E-08
   -1.869459E+00   -5.121988E-06    8.686423E-08
   -1.867979E+00   -5.138061E-06    8.856425E-08
   -1.866499E+00   -5.154449E-06    9.054863E-08
   -1.865019E+00   -5.170992E-06    9.317830E-08
   -1.863538E+00   -5.187729E-06    9.620375E-08
   -1.862058E+00   -5.204920E-06    9.986904E-08
   -1.860578E+00   -5.222200E-06    1.040213E-07
   -1.859098E+00   -5.240273E-06    1.079827E-07
   -1.857618E+00   -5.258732E-06    1.117919E-07
   -1.856138E+00   -5.278004E-06    1.151311E-07
   -1.854657E+00   -5.297720E-06    1.180608E-07
   -1.853177E+00   -5.317821E-06    1.200121E-07
   -1.851697E+00   -5.338519E-06    1.217848E-07
   -1.850217E+00   -5.358910E-06    1.231449E-07
   -1.848737E+00   -5.379018E-06    1.240859E-07
   -1.847257E+00   -5.399450E-06    1.248420E-07
   -1.845776E+00   -5.419492E-06    1.252548E-07
   -1.844296E+00   -5.438714E-06    1.251735E-07
   -1.842816E+00   -5.457829E-06    1.256889E-07
   -1.841336E+00   -5.477142E-06    1.260414E-07
   -1.839856E+00   -5.496702E-06    1.260071E-07
   -1.838376E+00   -5.515404E-06    1.258991E-07
   -1.836895E+00   -5.533680E-06    1.254200E-07
   -1.835415E+00   -5.552776E-06    1.244414E-07
   -1.833935E+00   -5.572684E-06    1.231728E-07
   -1.832455E+00   -5.593649E-06    1.214593E-07
   -1.830975E+00   -5.615194E-06    1.193622E-07
   -1.829494E+00   -5.636875E-06    1.166510E-07
   -1.828014E+00   -5.657691E-06    1.141212E-07
   -1.826534E+00   -5.677592E-06    1.109152E-07
   -1.825054E+00   -5.696872E-06    1.076923E-07
   -1.823574E+00   -5.714881E-06    1.051558E-07
   -1.822094E+00   -5.732589E-06    1.024847E-07
   -1.820613E+00   -5.750790E-06    1.000962E-07
   -1.819133E+00   -5.769460E-06    9.760587E-08
   -1.817653E+00   -5.788090E-06    9.622890E-08
   -1.816173E+00   -5.807055E-06    9.519833E-08
   -1.814693E+00   -5.826807E-06    9.378085E-08
   -1.813213E+00   -5.846885E-06    9.306048E-08
   -1.811732E+00   -5.868492E-06    9.221986E-08
   -1.810252E+00   -5.890663E-06    9.087456E-08
   -1.808772E+00   -5.913290E-06    8.982007E-08
   -1.807292E+00   -5.935839E-06    8.936906E-08
   -1.805812E+00   -5.958974E-06    8.807782E-08
   -1.804332E+00   -5.982251E-06    8.603356E-08
   -1.802851E+00   -6.005449E-06    8.403710E-08
   -1.801371E+00   -6.028750E-06    8.218279E-08
   -1.799891E+00   -6.050191E-06    8.156685E-08
   -1.798411E+00   -6.071003E-06    8.130272E-08
   -1.796931E+00   -6.092103E-06    7.936299E-08
   -1.795450E+00   -6.113461E-06    7.718026E-08
   -1.793970E+00   -6.134566E-06    7.623024E-08
   -1.792490E+00   -6.155534E-06    7.523331E-08
   -1.791010E+00   -6.176554E-06    7.364694E-08
   -1.789530E+00   -6.198203E-06    7.212864E-08
   -1.788050E+00   -6.221232E-06    7.026486E-08
   -1.786569E+00   -6.244562E-06    6.828708E-08
   -1.785089E+00   -6.266945E-06    6.597439E-08
   -1.783609E+00   -6.289055E-06    6.407085E-08
   -1.782129E+00   -6.311554E-06    6.351041E-08
   -1.780649E+00   -6.333415E-06    6.320296E-08
   -1.779169E+00   -6.355036E-06    6.286952E-08
   -1.777688E+00   -6.376164E-06    6.243741E-08
   -1.776208E+00   -6.396111E-06    6.340312E-08
   -1.774728E+00   -6.415876E-06    6.528301E-08
   -1.773248E+00   -6.434691E-06    6.740077E-08
   -1.771768E+00   -6.453608E-06    6.942772E-08
   -1.770288E+00   -6.473617E-06    7.246009E-08
   -1.768807E+00   -6.494363E-06    7.546860E-08
   -1.767327E+00   -6.516228E-06    7.756214E-08
   -1.765847E+00   -6.538636E-06    7.912339E-08
   -1.764367E+00   -6.562468E-06    8.151921E-08
   -1.762887E+00   -6.586588E-06    8.435905E-08
   -1.761406E+00   -6.610601E-06    8.595051E-08
   -1.759926E+00   -6.634854E-06    8.726165E-08
   -1.758446E+00   -6.658970E-06    8.792365E-08
   -1.756966E+00   -6.682767E-06    8.827760E-08
   -1.755486E+00   -6.705125E-06    8.847542E-08
   -1.754006E+00   -6.726733E-06    8.896168E-08
   -1.752525E+00   -6.748976E-06    9.039184E-08
   -1.751045E+00   -6.771134E-06    9.156778E-08
   -1.749565E+00   -6.793475E-06    9.214394E-08
   -1.748085E+00   -6.815755E-06    9.248294E-08
   -1.746605E+00   -6.838789E-06    9.179117E-08
   -1.745125E+00   -6.862946E-06    9.072722E-08
   -1.743644E+00   -6.887262E-06    8.952631E-08
   -1.742164E+00   -6.912330E-06    8.841161E-08
   -1.740684E+00   -6.939087E-06    8.471614E-08
   -1.739204E+00   -6.965367E-06    8.041070E-08
   -1.737724E+00   -6.991223E-06    7.670395E-08
   -1.736244E+00   -7.017025E-06    7.266712E-08
   -1.734763E+00   -7.041086E-06    6.900803E-08
   -1.733283E+00   -7.064330E-06    6.580600E-08
   -1.731803E+00   -7.088858E-06    6.335508E-08
   -1.730323E+00   -7.113344E-06    6.098895E-08
   -1.728843E+00   -7.135872E-06    5.883032E-08
   -1.727362E+00   -7.157825E-06    5.662409E-08
   -1.725882E+00   -7.180622E-06    5.488842E-08
   -1.724402E+00   -7.203930E-06    5.327341E-08
   -1.722922E+00   -7.226890E-06    5.220790E-08
   -1.721442E+00   -7.250042E-06    5.124479E-08
   -1.719962E+00   -7.275109E-06    4.889235E-08
   -1.718481E+00   -7.301041E-06    4.626350E-08
   -1.717001E+00   -7.327316E-06    4.341711E-08
   -1.715521E+00   -7.353603E-06    4.110515E-08
   -1.714041E+00   -7.379476E-06    3.973218E-08
   -1.712561E+00   -7.405567E-06    3.831712E-08
   -1.711081E+00   -7.431416E-06    3.657826E-08
   -1.709600E+00   -7.456769E-06    3.464640E-08
   -1.708120E+00   -7.482191E-06    3.392216E-08
   -1.706640E+00   -7.507306E-06    3.325387E-08
   -1.705160E+00   -7.532174E-06    3.338199E-08
   -1.703680E+00   -7.557809E-06    3.458318E-08
   -1.702200E+00   -7.582915E-06    3.600753E-08
   -1.700719E+00   -7.607714E-06    3.717997E-08
   -1.699239E+00   -7.632964E-06    3.823014E-08
   -1.697759E+00   -7.658538E-06    3.943703E-08
   -1.696279E+00   -7.684714E-06    4.078778E-08
   -1.694799E+00   -7.711131E-06    4.224387E-08
   -1.693318E+00   -7.737774E-06    4.409268E-08
   -1.691838E+00   -7.764439E-06    4.604063E-08
   -1.690358E+00   -7.790380E-06    4.817166E-08
   -1.688878E+00   -7.816175E-06    5.058521E-08
   -1.687398E+00   -7.842032E-06    5.335352E-08
   -1.685918E+00   -7.867053E-06    5.595640E-08
   -1.684437E+00   -7.890680E-06    5.900031E-08
   -1.682957E+00   -7.914290E-06    6.291254E-08
   -1.681477E+00   -7.939104E-06    6.732618E-08
   -1.679997E+00   -7.963625E-06    7.149468E-08
   -1.678517E+00   -7.987415E-06    7.512321E-08
   -1.677037E+00   -8.011633E-06    7.849477E-08
   -1.675556E+00   -8.038090E-06    8.141313E-08
   -1.674076E+00   -8.066068E-06    8.393516E-08
   -1.672596E+00   -8.094346E-06    8.589303E-08
   -1.671116E+00   -8.122508E-06    8.725901E-08
   -1.669636E+00   -8.151860E-06    8.749201E-08
   -1.668156E+00   -8.181260E-06    8.763471E-08
   -1.666675E+00   -8.210601E-06    8.744373E-08
   -1.665195E+00   -8.239968E-06    8.753403E-08
   -1.663715E+00   -8.268127E-06    8.848152E-08
   -1.662235E+00   -8.295500E-06    8.933246E-08
   -1.660755E+00   -8.321782E-06    8.948911E-08
   -1.659275E+00   -8.347986E-06    8.961873E-08
   -1.657794E+00   -8.374561E-06    9.103967E-08
   -1.656314E+00   -8.400684E-06    9.277391E-08
   -1.654834E+00   -8.427014E-06    9.445567E-08
   -1.653354E+00   -8.454068E-06    9.599453E-08
   -1.651874E+00   -8.482204E-06    9.710026E-08
   -1.650393E+00   -8.510359E-06    9.821795E-08
   -1.648913E+00   -8.538688E-06    9.851971E-08
   -1.647433E+00   -8.568074E-06    9.825396E-08
   -1.645953E+00   -8.598278E-06    9.765900E-08
   -1.644473E+00   -8.628187E-06    9.665006E-08
   -1.642993E+00   -8.656853E-06    9.488997E-08
   -1.641512E+00   -8.685048E-06    9.292001E-08
   -1.640032E+00   -8.712330E-06    9.077319E-08
   -1.638552E+00   -8.739375E-06    8.855435E-08
   -1.637072E+00   -8.765853E-06    8.613565E-08
   -1.635592E+00   -8.792109E-06    8.398864E-08
   -1.634112E+00   -8.817853E-06    8.219753E-08
   -1.632631E+00   -8.843451E-06    8.061809E-08
   -1.631151E+00   -8.870347E-06    7.959669E-08
   -1.629671E+00   -8.897652E-06    7.854872E-08
   -1.628191E+00   -8.926350E-06    7.778595E-08
   -1.626711E+00   -8.955516E-06    7.689705E-08
   -1.625231E+00   -8.985397E-06    7.609822E-08
   -1.623750E+00   -9.015594E-06    7.538054E-08
   -1.622270E+00   -9.046357E-06    7.462480E-08
   -1.620790E+00   -9.076978E-06    7.401335E-08
   -1.619310E+00   -9.106554E-06    7.309594E-08
   -1.617830E+00   -9.136096E-06    7.241440E-08
   -1.616349E+00   -9.164344E-06    7.210049E-08
   -1.614869E+00   -9.192241E-06    7.180735E-08
   -1.613389E+00   -9.220106E-06    7.214016E-08
   -1.611909E+00   -9.247479E-06    7.305886E-08
   -1.610429E+00   -9.274257E-06    7.374641E-08
   -1.608949E+00   -9.300999E-06    7.465397E-08
   -1.607468E+00   -9.328347E-06    7.746751E-08
   -1.605988E+00   -9.356493E-06    8.021273E-08
   -1.604508E+00   -9.386060E-06    8.226720E-08
   -1.603028E+00   -9.416135E-06    8.453684E-08
   -1.601548E+00   -9.448409E-06    8.575250E-08
   -1.600068E+00   -9.481527E-06    8.633707E-08
   -1.598587E+00   -9.514822E-06    8.673811E-08
   -1.597107E+00   -9.548081E-06    8.699487E-08
   -1.595627E+00   -9.581493E-06    8.676639E-08
   -1.594147E+00   -9.614612E-06    8.644323E-08
   -1.592667E+00   -9.647341E-06    8.616948E-08
   -1.591187E+00   -9.679878E-06    8.611102E-08
   -1.589706E+00   -9.710624E-06    8.646762E-08
   -1.588226E+00   -9.740959E-06    8.714850E-08
   -1.586746E+00   -9.771471E-06    8.836611E-08
   -1.585266E+00   -9.801869E-06    8.939067E-08
   -1.583786E+00   -9.831737E-06    9.051575E-08
   -1.582305E+00   -9.862069E-06    9.172342E-08
   -1.580825E+00   -9.893577E-06    9.256841E-08
   -1.579345E+00   -9.925795E-06    9.301235E-08
   -1.577865E+00   -9.960392E-06    9.328457E-08
   -1.576385E+00   -9.995593E-06    9.323757E-08
   -1.574905E+00   -1.003068E-05    9.222682E-08
   -1.573424E+00   -1.006544E-05    9.116807E-08
   -1.571944E+00   -1.010035E-05    8.993420E-08
   -1.570464E+00   -1.013513E-05    8.868857E-08
   -1.568984E+00   -1.016919E-05    8.736960E-08
   -1.567504E+00   -1.020307E-05    8.571203E-08
   -1.566024E+00   -1.023536E-05    8.416200E-08
   -1.564543E+00   -1.026641E-05    8.286717E-08
   -1.563063E+00   -1.029717E-05    8.205996E-08
   -1.561583E+00   -1.032804E-05    8.105591E-08
   -1.560103E+00   -1.036022E-05    7.931578E-08
   -1.558623E+00   -1.039336E-05    7.732473E-08
   -1.557143E+00   -1.042605E-05    7.458611E-08
   -1.555662E+00   -1.045892E-05    7.156997E-08
   -1.554182E+00   -1.049395E-05    6.785799E-08
   -1.552702E+00   -1.053021E-05    6.353297E-08
   -1.551222E+00   -1.056767E-05    5.883848E-08
   -1.549742E+00   -1.060491E-05    5.421704E-08
   -1.548261E+00   -1.064172E-05    4.950157E-08
   -1.546781E+00   -1.067848E-05    4.475831E-08
   -1.545301E+00   -1.071388E-05    4.058849E-08
   -1.543821E+00   -1.074872E-05    3.653659E-08
   -1.542341E+00   -1.078412E-05    3.286353E-08
   -1.540861E+00   -1.081967E-05    2.941439E-08
   -1.539380E+00   -1.085393E-05    2.629787E-08
   -1.537900E+00   -1.088820E-05    2.390685E-08
   -1.536420E+00   -1.092309E-05    2.279563E-08
   -1.534940E+00   -1.095748E-05    2.198480E-08
   -1.533460E+00   -1.099269E-05    2.060900E-08
   -1.531980E+00   -1.102937E-05    1.890584E-08
   -1.530499E+00   -1.106763E-05    1.761305E-08
   -1.529019E+00   -1.110626E-05    1.651264E-08
   -1.527539E+00   -1.114636E-05    1.549332E-08
   -1.526059E+00   -1.118680E-05    1.432173E-08
   -1.524579E+00   -1.122779E-05    1.246370E-08
   -1.523099E+00   -1.126847E-05    1.046479E-08
   -1.521618E+00   -1.130692E-05    8.823930E-09
   -1.520138E+00   -1.134558E-05    7.706524E-09
   -1.518658E+00   -1.138390E-05    7.347848E-09
   -1.517178E+00   -1.142181E-05    7.137368E-09
   -1.515698E+00   -1.145957E-05    7.786362E-09
   -1.514218E+00   -1.149666E-05    9.208050E-09
   -1.512737E+00   -1.153317E-05    1.137331E-08
   -1.511257E+00   -1.156974E-05    1.322982E-08
   -1.509777E+00   -1.160698E-05    1.488697E-08
   -1.508297E+00   -1.164478E-05    1.677796E-08
   -1.506817E+00   -1.168356E-05    1.849576E-08
   -1.505336E+00   -1.172275E-05    2.042422E-08
   -1.503856E+00   -1.176337E-05    2.204584E-08
   -1.502376E+00   -1.180442E-05    2.322243E-08
   -1.500896E+00   -1.184532E-05    2.382715E-08
   -1.499416E+00   -1.188602E-05    2.372754E-08
   -1.497936E+00   -1.192679E-05    2.366168E-08
   -1.496455E+00   -1.196699E-05    2.368791E-08
   -1.494975E+00   -1.200417E-05    2.355357E-08
   -1.493495E+00   -1.204057E-05    2.395244E-08
   -1.492015E+00   -1.207687E-05    2.539304E-08
   -1.490535E+00   -1.211218E-05    2.714128E-08
   -1.489055E+00   -1.214629E-05    2.919325E-08
   -1.487574E+00   -1.218072E-05    3.136017E-08
   -1.486094E+00   -1.221588E-05    3.371832E-08
   -1.484614E+00   -1.225136E-05    3.610923E-08
   -1.483134E+00   -1.228959E-05    3.886195E-08
   -1.481654E+00   -1.232911E-05    4.133588E-08
   -1.480174E+00   -1.237009E-05    4.251601E-08
   -1.478693E+00   -1.241200E-05    4.318281E-08
   -1.477213E+00   -1.245465E-05    4.364857E-08
   -1.475733E+00   -1.249745E-05    4.382854E-08
   -1.474253E+00   -1.254013E-05    4.309466E-08
   -1.472773E+00   -1.258271E-05    4.243741E-08
   -1.471292E+00   -1.262564E-05    4.185500E-08
   -1.469812E+00   -1.266820E-05    4.121853E-08
   -1.468332E+00   -1.270913E-05    3.982597E-08
   -1.466852E+00   -1.274932E-05    3.851487E-08
   -1.465372E+00   -1.278853E-05    3.810640E-08
   -1.463892E+00   -1.282770E-05    3.761793E-08
   -1.462411E+00   -1.286687E-05    3.651600E-08
   -1.460931E+00   -1.290675E-05    3.549523E-08
   -1.459451E+00   -1.294836E-05    3.467710E-08
   -1.457971E+00   -1.299079E-05    3.395142E-08
   -1.456491E+00   -1.303405E-05    3.294816E-08
   -1.455011E+00   -1.307803E-05    3.134229E-08
   -1.453530E+00   -1.312304E-05    2.838866E-08
   -1.452050E+00   -1.316822E-05    2.487544E-08
   -1.450570E+00   -1.321354E-05    2.123941E-08
   -1.449090E+00   -1.325864E-05    1.732933E-08
   -1.447610E+00   -1.330315E-05    1.289303E-08
   -1.446130E+00   -1.334733E-05    8.897070E-09
   -1.444649E+00   -1.338988E-05    5.925031E-09
   -1.443169E+00   -1.343124E-05    3.473197E-09
   -1.441689E+00   -1.347227E-05    2.308873E-09
   -1.440209E+00   -1.351280E-05    1.182114E-09
   -1.438729E+00   -1.355331E-05    1.108866E-09
   -1.437248E+00   -1.359430E-05    1.598212E-09
   -1.435768E+00   -1.363571E-05    2.277500E-09
   -1.434288E+00   -1.367774E-05    3.480739E-09
   -1.432808E+00   -1.372185E-05    4.871981E-09
   -1.431328E+00   -1.376713E-05    6.076286E-09
   -1.429848E+00   -1.381387E-05    7.202023E-09
   -1.428367E+00   -1.386173E-05    8.185220E-09
   -1.426887E+00   -1.391117E-05    8.407947E-09
   -1.425407E+00   -1.396110E-05    8.179160E-09
   -1.423927E+00   -1.400980E-05    8.015164E-09
   -1.422447E+00   -1.405691E-05    7.588693E-09
   -1.420967E+00   -1.410408E-05    6.430882E-09
   -1.419486E+00   -1.415136E-05    5.755045E-09
   -1.418006E+00   -1.419675E-05    5.994011E-09
   -1.416526E+00   -1.424147E-05    6.371773E-09
   -1.415046E+00   -1.428549E-05    7.120407E-09
   -1.413566E+00   -1.432960E-05    8.185204E-09
   -1.412086E+00   -1.437490E-05    1.000162E-08
   -1.410605E+00   -1.442020E-05    1.184229E-08
   -1.409125E+00   -1.446662E-05    1.324540E-08
   -1.407645E+00   -1.451395E-05    1.439256E-08
   -1.406165E+00   -1.456295E-05    1.475557E-08
   -1.404685E+00   -1.461316E-05    1.469150E-08
   -1.403204E+00   -1.466411E-05    1.494000E-08
   -1.401724E+00   -1.471514E-05    1.532980E-08
   -1.400244E+00   -1.476661E-05    1.412467E-08
   -1.398764E+00   -1.481763E-05    1.247818E-08
   -1.397284E+00   -1.486696E-05    1.051380E-08
   -1.395804E+00   -1.491541E-05    8.674621E-09
   -1.394323E+00   -1.496157E-05    7.170055E-09
   -1.392843E+00   -1.500684E-05    5.727033E-09
   -1.391363E+00   -1.505116E-05    6.331301E-09
   -1.389883E+00   -1.509504E-05    7.374693E-09
   -1.388403E+00   -1.513971E-05    8.408630E-09
   -1.386923E+00   -1.518466E-05    1.001685E-08
   -1.385442E+00   -1.523023E-05    1.151742E-08
   -1.383962E+00   -1.527698E-05    1.236064E-08
   -1.382482E+00   -1.532572E-05    1.263469E-08
   -1.381002E+00   -1.537589E-05    1.265801E-08
   -1.379522E+00   -1.542909E-05    1.170637E-08
   -1.378042E+00   -1.548313E-05    1.016686E-08
   -1.376561E+00   -1.553898E-05    8.118961E-09
   -1.375081E+00   -1.559600E-05    5.616401E-09
   -1.373601E+00   -1.565267E-05    1.788002E-09
   -1.372121E+00   -1.570813E-05   -2.318222E-09
   -1.370641E+00   -1.576216E-05   -6.508751E-09
   -1.369160E+00   -1.581589E-05   -1.017027E-08
   -1.367680E+00   -1.586894E-05   -1.320812E-08
   -1.366200E+00   -1.592135E-05   -1.616392E-08
   -1.364720E+00   -1.597168E-05   -1.817155E-08
   -1.363240E+00   -1.602166E-05   -1.922134E-08
   -1.361760E+00   -1.607240E-05   -1.902724E-08
   -1.360279E+00   -1.612383E-05   -1.900729E-08
   -1.358799E+00   -1.617728E-05   -2.042668E-08
   -1.357319E+00   -1.623179E-05   -2.182056E-08
   -1.355839E+00   -1.628912E-05   -2.227452E-08
   -1.354359E+00   -1.634735E-05   -2.314915E-08
   -1.352879E+00   -1.640660E-05   -2.520755E-08
   -1.351398E+00   -1.646662E-05   -2.755161E-08
   -1.349918E+00   -1.652745E-05   -3.030107E-08
   -1.348438E+00   -1.658807E-05   -3.296095E-08
   -1.346958E+00   -1.664732E-05   -3.594627E-08
   -1.345478E+00   -1.670572E-05   -3.925179E-08
   -1.343998E+00   -1.676270E-05   -4.201491E-08
   -1.342517E+00   -1.681868E-05   -4.386958E-08
   -1.341037E+00   -1.687221E-05   -4.393164E-08
   -1.339557E+00   -1.692498E-05   -4.364485E-08
   -1.338077E+00   -1.697818E-05   -4.231469E-08
   -1.336597E+00   -1.703188E-05   -4.057465E-08
   -1.335117E+00   -1.708586E-05   -3.780241E-08
   -1.333636E+00   -1.714128E-05   -3.440871E-08
   -1.332156E+00   -1.720041E-05   -3.091932E-08
   -1.330676E+00   -1.726041E-05   -2.802443E-08
   -1.329196E+00   -1.732320E-05   -2.647820E-08
   -1.327716E+00   -1.738732E-05   -2.527593E-08
   -1.326235E+00   -1.745220E-05   -2.482408E-08
   -1.324755E+00   -1.751689E-05   -2.494420E-08
   -1.323275E+00   -1.758294E-05   -2.595899E-08
   -1.321795E+00   -1.764916E-05   -2.690014E-08
   -1.320315E+00   -1.771257E-05   -2.804845E-08
   -1.318835E+00   -1.777466E-05   -2.962293E-08
   -1.317354E+00   -1.783528E-05   -3.011269E-08
   -1.315874E+00   -1.789465E-05   -3.021832E-08
   -1.314394E+00   -1.795097E-05   -2.987909E-08
   -1.312914E+00   -1.800699E-05   -2.901316E-08
   -1.311434E+00   -1.806437E-05   -2.768202E-08
   -1.309954E+00   -1.812276E-05   -2.582054E-08
   -1.308473E+00   -1.818351E-05   -2.283775E-08
   -1.306993E+00   -1.824492E-05   -2.011954E-08
   -1.305513E+00   -1.830929E-05   -1.823387E-08
   -1.304033E+00   -1.837594E-05   -1.679559E-08
   -1.302553E+00   -1.844483E-05   -1.710138E-08
   -1.301073E+00   -1.851392E-05   -1.798653E-08
   -1.299592E+00   -1.858429E-05   -2.002867E-08
   -1.298112E+00   -1.865525E-05   -2.232238E-08
   -1.296632E+00   -1.872521E-05   -2.466063E-08
   -1.295152E+00   -1.879451E-05   -2.752923E-08
   -1.293672E+00   -1.886058E-05   -3.133410E-08
   -1.292191E+00   -1.892534E-05   -3.434295E-08
   -1.290711E+00   -1.898832E-05   -3.609157E-08
   -1.289231E+00   -1.904987E-05   -3.753093E-08
   -1.287751E+00   -1.911037E-05   -3.717943E-08
   -1.286271E+00   -1.917061E-05   -3.641077E-08
   -1.284791E+00   -1.923141E-05   -3.509771E-08
   -1.283310E+00   -1.929370E-05   -3.369581E-08
   -1.281830E+00   -1.935924E-05   -3.268018E-08
   -1.280350E+00   -1.942654E-05   -3.169192E-08
   -1.278870E+00   -1.949704E-05   -3.081383E-08
   -1.277390E+00   -1.956892E-05   -3.068861E-08
   -1.275910E+00   -1.964399E-05   -3.249896E-08
   -1.274429E+00   -1.971921E-05   -3.460073E-08
   -1.272949E+00   -1.979444E-05   -3.696748E-08
   -1.271469E+00   -1.986980E-05   -3.985233E-08
   -1.269989E+00   -1.994426E-05   -4.359492E-08
   -1.268509E+00   -2.001713E-05   -4.708969E-08
   -1.267029E+00   -2.008582E-05   -5.062031E-08
   -1.265548E+00   -2.015331E-05   -5.378895E-08
   -1.264068E+00   -2.021817E-05   -5.465235E-08
   -1.262588E+00   -2.028184E-05   -5.476150E-08
   -1.261108E+00   -2.034604E-05   -5.435764E-08
   -1.259628E+00   -2.041109E-05   -5.351526E-08
   -1.258147E+00   -2.047749E-05   -5.226820E-08
   -1.256667E+00   -2.054466E-05   -5.099185E-08
   -1.255187E+00   -2.061493E-05   -4.945742E-08
   -1.253707E+00   -2.068759E-05   -4.836030E-08
   -1.252227E+00   -2.076391E-05   -4.894163E-08
   -1.250747E+00   -2.084166E-05   -4.979518E-08
   -1.249266E+00   -2.092154E-05   -5.079948E-08
   -1.247786E+00   -2.100208E-05   -5.224730E-08
   -1.246306E+00   -2.108332E-05   -5.519746E-08
   -1.244826E+00   -2.116426E-05   -5.835646E-08
   -1.243346E+00   -2.124282E-05   -6.125828E-08
   -1.241866E+00   -2.131957E-05   -6.409215E-08
   -1.240385E+00   -2.139336E-05   -6.517165E-08
   -1.238905E+00   -2.146609E-05   -6.556799E-08
   -1.237425E+00   -2.153659E-05   -6.517997E-08
   -1.235945E+00   -2.160672E-05   -6.405236E-08
   -1.234465E+00   -2.167783E-05   -6.150719E-08
   -1.232985E+00   -2.175036E-05   -5.869692E-08
   -1.231504E+00   -2.182612E-05   -5.518751E-08
   -1.230024E+00   -2.190388E-05   -5.127016E-08
   -1.228544E+00   -2.198705E-05   -4.790875E-08
   -1.227064E+00   -2.207236E-05   -4.505057E-08
   -1.225584E+00   -2.216049E-05   -4.315414E-08
   -1.224103E+00   -2.224990E-05   -4.195654E-08
   -1.222623E+00   -2.233980E-05   -4.156461E-08
   -1.221143E+00   -2.242968E-05   -4.140443E-08
   -1.219663E+00   -2.251984E-05   -4.250524E-08
   -1.218183E+00   -2.260880E-05   -4.381679E-08
   -1.216703E+00   -2.269376E-05   -4.512029E-08
   -1.215222E+00   -2.277683E-05   -4.626553E-08
   -1.213742E+00   -2.285628E-05   -4.659987E-08
   -1.212262E+00   -2.293415E-05   -4.621856E-08
   -1.210782E+00   -2.301077E-05   -4.285424E-08
   -1.209302E+00   -2.308731E-05   -3.881048E-08
   -1.207822E+00   -2.316514E-05   -3.451171E-08
   -1.206341E+00   -2.324427E-05   -2.972960E-08
   -1.204861E+00   -2.332740E-05   -2.507669E-08
   -1.203381E+00   -2.341272E-05   -2.033424E-08
   -1.201901E+00   -2.350368E-05   -1.562261E-08
   -1.200421E+00   -2.359737E-05   -1.185698E-08
   -1.198941E+00   -2.369385E-05   -9.556548E-09
   -1.197460E+00   -2.379208E-05   -8.108377E-09
   -1.195980E+00   -2.389278E-05   -8.633629E-09
   -1.194500E+00   -2.399249E-05   -9.877942E-09
   -1.193020E+00   -2.409039E-05   -1.198659E-08
   -1.191540E+00   -2.418706E-05   -1.458088E-08
   -1.190060E+00   -2.427845E-05   -1.812749E-08
   -1.188579E+00   -2.436796E-05   -2.083025E-08
   -1.187099E+00   -2.445403E-05   -2.155894E-08
   -1.185619E+00   -2.453900E-05   -2.213106E-08
   -1.184139E+00   -2.462253E-05   -2.102739E-08
   -1.182659E+00   -2.470572E-05   -1.936534E-08
   -1.181178E+00   -2.479054E-05   -1.681428E-08
   -1.179698E+00   -2.487660E-05   -1.387097E-08
   -1.178218E+00   -2.496525E-05   -1.161102E-08
   -1.176738E+00   -2.505773E-05   -9.176264E-09
   -1.175258E+00   -2.515814E-05   -6.798298E-09
   -1.173778E+00   -2.526011E-05   -5.311299E-09
   -1.172297E+00   -2.536415E-05   -5.862696E-09
   -1.170817E+00   -2.546908E-05   -6.957909E-09
   -1.169337E+00   -2.557722E-05   -9.451589E-09
   -1.167857E+00   -2.568469E-05   -1.264211E-08
   -1.166377E+00   -2.578910E-05   -1.607139E-08
   -1.164897E+00   -2.589189E-05   -1.927764E-08
   -1.163416E+00   -2.598896E-05   -2.205376E-08
   -1.161936E+00   -2.608397E-05   -2.426018E-08
   -1.160456E+00   -2.617371E-05   -2.464731E-08
   -1.158976E+00   -2.626113E-05   -2.471944E-08
   -1.157496E+00   -2.634820E-05   -2.306791E-08
   -1.156016E+00   -2.643635E-05   -2.006002E-08
   -1.154535E+00   -2.652781E-05   -1.580343E-08
   -1.153055E+00   -2.662182E-05   -1.108070E-08
   -1.151575E+00   -2.672192E-05   -6.893727E-09
   -1.150095E+00   -2.682592E-05   -3.632934E-09
   -1.148615E+00   -2.693597E-05   -1.214187E-09
   -1.147134E+00   -2.704872E-05    3.584910E-10
   -1.145654E+00   -2.716663E-05    4.403605E-10
   -1.144174E+00   -2.728570E-05   -2.591345E-10
   -1.142694E+00   -2.740489E-05   -4.255055E-09
   -1.141214E+00   -2.752291E-05   -9.161324E-09
   -1.139734E+00   -2.763831E-05   -1.336339E-08
   -1.138253E+00   -2.775052E-05   -1.713450E-08
   -1.136773E+00   -2.785470E-05   -2.049301E-08
   -1.135293E+00   -2.795598E-05   -2.302980E-08
   -1.133813E+00   -2.805325E-05   -2.337096E-08
   -1.132333E+00   -2.814846E-05   -2.266707E-08
   -1.130853E+00   -2.824013E-05   -1.961073E-08
   -1.129372E+00   -2.833317E-05   -1.568200E-08
   -1.127892E+00   -2.843336E-05   -1.017245E-08
   -1.126412E+00   -2.853706E-05   -4.801409E-09
   -1.124932E+00   -2.864846E-05   -6.998367E-10
   -1.123452E+00   -2.876441E-05    3.247404E-09
   -1.121972E+00   -2.888892E-05    5.660592E-09
   -1.120491E+00   -2.901702E-05    6.993940E-09
   -1.119011E+00   -2.914974E-05    6.123485E-09
   -1.117531E+00   -2.928288E-05    4.241752E-09
   -1.116051E+00   -2.941462E-05    8.211894E-10
   -1.114571E+00   -2.954467E-05   -3.576701E-09
   -1.113090E+00   -2.966937E-05   -9.661504E-09
   -1.111610E+00   -2.979030E-05   -1.572822E-08
   -1.110130E+00   -2.990316E-05   -2.089025E-08
   -1.108650E+00   -3.001222E-05   -2.479363E-08
   -1.107170E+00   -3.011724E-05   -2.635372E-08
   -1.105690E+00   -3.022206E-05   -2.687870E-08
   -1.104209E+00   -3.032783E-05   -2.502108E-08
   -1.102729E+00   -3.043516E-05   -2.255172E-08
   -1.101249E+00   -3.054877E-05   -1.918936E-08
   -1.099769E+00   -3.066630E-05   -1.511597E-08
   -1.098289E+00   -3.079417E-05   -1.024143E-08
   -1.096809E+00   -3.092623E-05   -6.042384E-09
   -1.095328E+00   -3.106371E-05   -3.774954E-09
   -1.093848E+00   -3.120611E-05   -2.421300E-09
   -1.092368E+00   -3.135486E-05   -3.362532E-09
   -1.090888E+00   -3.150420E-05   -5.384099E-09
   -1.089408E+00   -3.165104E-05   -9.269085E-09
   -1.087928E+00   -3.179503E-05   -1.374869E-08
   -1.086447E+00   -3.193237E-05   -1.875960E-08
   -1.084967E+00   -3.206456E-05   -2.421739E-08
   -1.083487E+00   -3.218821E-05   -2.934972E-08
   -1.082007E+00   -3.230901E-05   -3.341591E-08
   -1.080527E+00   -3.242152E-05   -3.453924E-08
   -1.079046E+00   -3.253162E-05   -3.418663E-08
   -1.077566E+00   -3.264528E-05   -3.069786E-08
   -1.076086E+00   -3.276124E-05   -2.617435E-08
   -1.074606E+00   -3.287968E-05   -2.007331E-08
   -1.073126E+00   -3.300386E-05   -1.384460E-08
   -1.071646E+00   -3.314298E-05   -7.943315E-09
   -1.070165E+00   -3.328724E-05   -2.256202E-09
   -1.068685E+00   -3.344309E-05    1.315613E-09
   -1.067205E+00   -3.360362E-05    3.375135E-09
   -1.065725E+00   -3.376908E-05    2.309276E-09
   -1.064245E+00   -3.393593E-05    9.997029E-11
   -1.062765E+00   -3.409690E-05   -4.154834E-09
   -1.061284E+00   -3.425329E-05   -8.961990E-09
   -1.059804E+00   -3.440102E-05   -1.375714E-08
   -1.058324E+00   -3.454222E-05   -1.852011E-08
   -1.056844E+00   -3.467073E-05   -2.251254E-08
   -1.055364E+00   -3.479351E-05   -2.491959E-08
   -1.053884E+00   -3.490652E-05   -2.340448E-08
   -1.052403E+00   -3.501819E-05   -2.106422E-08
   -1.050923E+00   -3.513504E-05   -1.588632E-08
   -1.049443E+00   -3.525559E-05   -8.990643E-09
   -1.047963E+00   -3.538370E-05   -5.586858E-10
   -1.046483E+00   -3.551767E-05    8.466633E-09
   -1.045003E+00   -3.567129E-05    1.678780E-08
   -1.043522E+00   -3.583356E-05    2.401708E-08
   -1.042042E+00   -3.600986E-05    2.905794E-08
   -1.040562E+00   -3.619235E-05    3.267353E-08
   -1.039082E+00   -3.637946E-05    3.275612E-08
   -1.037602E+00   -3.656595E-05    3.150175E-08
   -1.036121E+00   -3.674459E-05    2.768076E-08
   -1.034641E+00   -3.691801E-05    2.270512E-08
   -1.033161E+00   -3.707727E-05    1.627981E-08
   -1.031681E+00   -3.722978E-05    1.039491E-08
   -1.030201E+00   -3.736709E-05    6.298203E-09
   -1.028721E+00   -3.749558E-05    3.724713E-09
   -1.027240E+00   -3.761845E-05    5.002831E-09
   -1.025760E+00   -3.773989E-05    7.620798E-09
   -1.024280E+00   -3.785972E-05    1.442085E-08
   -1.022800E+00   -3.798329E-05    2.286251E-08
   -1.021320E+00   -3.812193E-05    3.146072E-08
   -1.019840E+00   -3.827010E-05    4.001257E-08
   -1.018359E+00   -3.843914E-05    4.851418E-08
   -1.016879E+00   -3.861907E-05    5.581039E-08
   -1.015399E+00   -3.882038E-05    5.882644E-08
   -1.013919E+00   -3.902898E-05    5.992608E-08
   -1.012439E+00   -3.924526E-05    5.744100E-08
   -1.010959E+00   -3.946073E-05    5.322342E-08
   -1.009478E+00   -3.966254E-05    4.606067E-08
   -1.007998E+00   -3.985660E-05    3.759175E-08
   -1.006518E+00   -4.002920E-05    2.816964E-08
   -1.005038E+00   -4.019086E-05    1.905138E-08
   -1.003558E+00   -4.033160E-05    1.358503E-08
   -1.002077E+00   -4.045946E-05    1.022929E-08
   -1.000597E+00   -4.057221E-05    1.071464E-08
   -9.991171E-01   -4.068504E-05    1.342365E-08
   -9.976369E-01   -4.080065E-05    2.103807E-08
   -9.961568E-01   -4.091984E-05    3.040707E-08
   -9.946766E-01   -4.105904E-05    4.236967E-08
   -9.931964E-01   -4.121495E-05    5.477918E-08
   -9.917163E-01   -4.139905E-05    6.457816E-08
   -9.902361E-01   -4.159565E-05    7.353969E-08
   -9.887559E-01   -4.181923E-05    7.972531E-08
   -9.872757E-01   -4.205197E-05    8.347618E-08
   -9.857956E-01   -4.229525E-05    8.214813E-08
   -9.843154E-01   -4.253805E-05    7.830284E-08
   -9.828352E-01   -4.276579E-05    7.234785E-08
   -9.813550E-01   -4.298138E-05    6.624418E-08
   -9.798749E-01   -4.316587E-05    5.933424E-08
   -9.783947E-01   -4.333185E-05    5.283670E-08
   -9.769145E-01   -4.346819E-05    5.029786E-08
   -9.754343E-01   -4.359048E-05    5.037690E-08
   -9.739542E-01   -4.368591E-05    5.586997E-08
   -9.724740E-01   -4.377683E-05    6.459329E-08
   -9.709938E-01   -4.386736E-05    7.945134E-08
   -9.695137E-01   -4.396509E-05    9.712686E-08
   -9.680335E-01   -4.409491E-05    1.167900E-07
   -9.665533E-01   -4.424241E-05    1.362818E-07
   -9.650731E-01   -4.443403E-05    1.543278E-07
   -9.635930E-01   -4.464424E-05    1.703892E-07
   -9.621128E-01   -4.489577E-05    1.823690E-07
   -9.606326E-01   -4.515977E-05    1.912032E-07
   -9.591524E-01   -4.544071E-05    1.938018E-07
   -9.576723E-01   -4.572536E-05    1.940277E-07
   -9.561921E-01   -4.598768E-05    1.898615E-07
   -9.547119E-01   -4.623318E-05    1.849347E-07
   -9.532317E-01   -4.642448E-05    1.797124E-07
   -9.517516E-01   -4.658490E-05    1.753216E-07
   -9.502714E-01   -4.669189E-05    1.760202E-07
   -9.487912E-01   -4.677514E-05    1.799071E-07
   -9.473110E-01   -4.681812E-05    1.907201E-07
   -9.458309E-01   -4.684872E-05    2.055147E-07
   -9.443507E-01   -4.687642E-05    2.279641E-07
   -9.428705E-01   -4.691631E-05    2.532028E-07
   -9.413904E-01   -4.700143E-05    2.803437E-07
   -9.399102E-01   -4.711861E-05    3.077442E-07
   -9.384300E-01   -4.730605E-05    3.348420E-07
   -9.369498E-01   -4.752491E-05    3.596187E-07
   -9.354697E-01   -4.780897E-05    3.772988E-07
   -9.339895E-01   -4.812082E-05    3.908496E-07
   -9.325093E-01   -4.845489E-05    3.969325E-07
   -9.310291E-01   -4.878894E-05    3.999318E-07
   -9.295490E-01   -4.909355E-05    3.984520E-07
   -9.280688E-01   -4.936698E-05    3.967825E-07
   -9.265886E-01   -4.956063E-05    3.960313E-07
   -9.251084E-01   -4.970521E-05    3.984520E-07
   -9.236283E-01   -4.973623E-05    4.093157E-07
   -9.221481E-01   -4.971633E-05    4.249114E-07
   -9.206679E-01   -4.961669E-05    4.528509E-07
   -9.191878E-01   -4.949058E-05    4.863011E-07
   -9.177076E-01   -4.935645E-05    5.306725E-07
   -9.162274E-01   -4.923246E-05    5.795266E-07
   -9.147472E-01   -4.917653E-05    6.338625E-07
   -9.132671E-01   -4.918029E-05    6.900753E-07
   -9.117869E-01   -4.930638E-05    7.464325E-07
   -9.103067E-01   -4.949444E-05    8.000947E-07
   -9.088265E-01   -4.981266E-05    8.482187E-07
   -9.073464E-01   -5.018488E-05    8.929683E-07
   -9.058662E-01   -5.061467E-05    9.300027E-07
   -9.043860E-01   -5.104880E-05    9.648252E-07
   -9.029058E-01   -5.143905E-05    9.990597E-07
   -9.014257E-01   -5.177532E-05    1.035872E-06
   -8.999455E-01   -5.195452E-05    1.081691E-06
   -8.984653E-01   -5.203469E-05    1.133934E-06
   -8.969851E-01   -5.190694E-05    1.205757E-06
   -8.955050E-01   -5.167739E-05    1.288022E-06
   -8.940248E-01   -5.126910E-05    1.395451E-06
   -8.925446E-01   -5.081099E-05    1.517333E-06
   -8.910645E-01   -5.031193E-05    1.665568E-06
   -8.895843E-01   -4.982354E-05    1.825548E-06
   -8.881041E-01   -4.945858E-05    2.001958E-06
   -8.866239E-01   -4.919799E-05    2.184553E-06
   -8.851438E-01   -4.922346E-05    2.378188E-06
   -8.836636E-01   -4.940359E-05    2.574592E-06
   -8.821834E-01   -4.990522E-05    2.775300E-06
   -8.807032E-01   -5.055474E-05    2.977908E-06
   -8.792231E-01   -5.140864E-05    3.186995E-06
   -8.777429E-01   -5.232087E-05    3.403876E-06
   -8.762627E-01   -5.325797E-05    3.643982E-06
   -8.747825E-01   -5.415553E-05    3.899432E-06
   -8.733024E-01   -5.478850E-05    4.203902E-06
   -8.718222E-01   -5.522086E-05    4.539997E-06
   -8.703420E-01   -5.521007E-05    4.944824E-06
   -8.688619E-01   -5.500266E-05    5.390770E-06
   -8.673817E-01   -5.449758E-05    5.932598E-06
   -8.659015E-01   -5.388834E-05    6.526030E-06
   -8.644213E-01   -5.329570E-05    7.226725E-06
   -8.629412E-01   -5.283304E-05    7.980070E-06
   -8.614610E-01   -5.290549E-05    8.835717E-06
   -8.599808E-01   -5.340391E-05    9.743809E-06
   -8.585006E-01   -5.507285E-05    1.075422E-05
   -8.570205E-01   -5.744432E-05    1.181802E-05
   -8.555403E-01   -6.140590E-05    1.299794E-05
   -8.540601E-01   -6.626361E-05    1.424539E-05
   -8.525799E-01   -7.292887E-05    1.565710E-05
   -8.510998E-01   -8.044327E-05    1.716768E-05
   -8.496196E-01   -8.953211E-05    1.891708E-05
   -8.481394E-01   -9.935958E-05    2.081517E-05
   -8.466592E-01   -1.105373E-04    2.307582E-05
   -8.451791E-01   -1.223644E-04    2.554676E-05
   -8.436989E-01   -1.356978E-04    2.850783E-05
   -8.422187E-01   -1.499726E-04    3.174644E-05
   -8.407386E-01   -1.668813E-04    3.561009E-05
   -8.392584E-01   -1.856508E-04    3.982039E-05
   -8.377782E-01   -2.097001E-04    4.478160E-05
   -8.362980E-01   -2.373890E-04    5.015288E-05
   -8.348179E-01   -2.746677E-04    5.641014E-05
   -8.333377E-01   -3.182510E-04    6.313537E-05
   -8.318575E-01   -3.776694E-04    7.085733E-05
   -8.303773E-01   -4.466584E-04    7.911940E-05
   -8.288972E-01   -5.385152E-04    8.853608E-05
   -8.274170E-01   -6.435193E-04    9.857555E-05
   -8.259368E-01   -7.779963E-04    1.099640E-04
   -8.244566E-01   -9.286138E-04    1.220837E-04
   -8.229765E-01   -1.113885E-03    1.357617E-04
   -8.214963E-01   -1.317515E-03    1.502467E-04
   -8.200161E-01   -1.559259E-03    1.663914E-04
   -8.185360E-01   -1.820265E-03    1.833568E-04
   -8.170558E-01   -2.119396E-03    2.018587E-04
   -8.155756E-01   -2.437287E-03    2.210469E-04
   -8.140954E-01   -2.791171E-03    2.413716E-04
   -8.126153E-01   -3.161871E-03    2.621043E-04
   -8.111351E-01   -3.563309E-03    2.832903E-04
   -8.096549E-01   -3.978095E-03    3.045093E-04
   -8.081747E-01   -4.414669E-03    3.253908E-04
   -8.066946E-01   -4.859320E-03    3.459072E-04
   -8.052144E-01   -5.313275E-03    3.653657E-04
   -8.037342E-01   -5.767890E-03    3.841581E-04
   -8.022540E-01   -6.214759E-03    4.013878E-04
   -8.007739E-01   -6.652841E-03    4.177441E-04
   -7.992937E-01   -7.062012E-03    4.322058E-04
   -7.978135E-01   -7.450691E-03    4.456645E-04
   -7.963334E-01   -7.786679E-03    4.569912E-04
   -7.948532E-01   -8.090297E-03    4.671818E-04
   -7.933730E-01   -8.317117E-03    4.749276E-04
   -7.918928E-01   -8.499807E-03    4.813480E-04
   -7.904127E-01   -8.584039E-03    4.848600E-04
   -7.889325E-01   -8.614555E-03    4.867784E-04
   -7.874523E-01   -8.529819E-03    4.852226E-04
   -7.859721E-01   -8.384317E-03    4.817777E-04
   -7.844920E-01   -8.113007E-03    4.742865E-04
   -7.830118E-01   -7.777435E-03    4.646615E-04
   -7.815316E-01   -7.312540E-03    4.505953E-04
   -7.800514E-01   -6.783693E-03    4.342736E-04
   -7.785713E-01   -6.129988E-03    4.134960E-04
   -7.770911E-01   -5.416737E-03    3.905731E-04
   -7.756109E-01   -4.593066E-03    3.636651E-04
   -7.741307E-01   -3.719655E-03    3.349907E-04
   -7.726506E-01   -2.760242E-03    3.033817E-04
   -7.711704E-01   -1.765972E-03    2.706750E-04
   -7.696902E-01   -7.208376E-04    2.366150E-04
   -7.682101E-01    3.394418E-04    2.023446E-04
   -7.667299E-01    1.408167E-03    1.686232E-04
   -7.652497E-01    2.469715E-03    1.356385E-04
   -7.637695E-01    3.494299E-03    1.049832E-04
   -7.622894E-01    4.489787E-03    7.585412E-05
   -7.608092E-01    5.407936E-03    5.031512E-05
   -7.593290E-01    6.279300E-03    2.673445E-05
   -7.578488E-01    7.044216E-03    7.193161E-06
   -7.563687E-01    7.751468E-03   -1.036830E-05
   -7.548885E-01    8.339026E-03   -2.422892E-05
   -7.534083E-01    8.866633E-03   -3.643365E-05
   -7.519281E-01    9.278040E-03   -4.577347E-05
   -7.504480E-01    9.635070E-03   -5.391395E-05
   -7.489678E-01    9.893590E-03   -6.012032E-05
   -7.474876E-01    1.010903E-02   -6.555986E-05
   -7.460075E-01    1.025237E-02   -6.977732E-05
   -7.445273E-01    1.036670E-02   -7.350853E-05
   -7.430471E-01    1.043666E-02   -7.640662E-05
   -7.415669E-01    1.049073E-02   -7.889963E-05
   -7.400868E-01    1.052356E-02   -8.053809E-05
   -7.386066E-01    1.054961E-02   -8.167380E-05
   -7.371264E-01    1.056672E-02   -8.153667E-05
   -7.356462E-01    1.057995E-02   -8.057460E-05
   -7.341661E-01    1.058310E-02   -7.747468E-05
   -7.326859E-01    1.057847E-02   -7.303592E-05
   -7.312057E-01    1.054943E-02   -6.531884E-05
   -7.297255E-01    1.050240E-02   -5.564578E-05
   -7.282454E-01    1.040622E-02   -4.144505E-05
   -7.267652E-01    1.027826E-02   -2.470867E-05
   -7.252850E-01    1.007203E-02   -2.478959E-06
   -7.238048E-01    9.819547E-03    2.266002E-05
   -7.223247E-01    9.461578E-03    5.377982E-05
   -7.208445E-01    9.045437E-03    8.792175E-05
   -7.193643E-01    8.504280E-03    1.280932E-04
   -7.178842E-01    7.897703E-03    1.712279E-04
   -7.164040E-01    7.158149E-03    2.201523E-04
   -7.149238E-01    6.352293E-03    2.718980E-04
   -7.134436E-01    5.417537E-03    3.291252E-04
   -7.119635E-01    4.421826E-03    3.889904E-04
   -7.104833E-01    3.313143E-03    4.538353E-04
   -7.090031E-01    2.153800E-03    5.209626E-04
   -7.075229E-01    9.072692E-04    5.921239E-04
   -7.060428E-01   -3.757641E-04    6.649682E-04
   -7.045626E-01   -1.717269E-03    7.403759E-04
   -7.030824E-01   -3.079748E-03    8.166123E-04
   -7.016022E-01   -4.468043E-03    8.935845E-04
   -7.001221E-01   -5.861216E-03    9.704606E-04
   -6.986419E-01   -7.247058E-03    1.046251E-03
   -6.971617E-01   -8.620419E-03    1.121083E-03
   -6.956816E-01   -9.950340E-03    1.193207E-03
   -6.942014E-01   -1.124856E-02    1.263593E-03
   -6.927212E-01   -1.246135E-02    1.329683E-03
   -6.912410E-01   -1.361949E-02    1.393158E-03
   -6.897609E-01   -1.464218E-02    1.450298E-03
   -6.882807E-01   -1.558321E-02    1.503635E-03
   -6.868005E-01   -1.633200E-02    1.547907E-03
   -6.853203E-01   -1.696974E-02    1.586828E-03
   -6.838402E-01   -1.735579E-02    1.613328E-03
   -6.823600E-01   -1.760233E-02    1.632754E-03
   -6.808798E-01   -1.754520E-02    1.636359E-03
   -6.793996E-01   -1.732551E-02    1.631298E-03
   -6.779195E-01   -1.676407E-02    1.607707E-03
   -6.764393E-01   -1.602621E-02    1.574410E-03
   -6.749591E-01   -1.493044E-02    1.521224E-03
   -6.734789E-01   -1.365641E-02    1.458101E-03
   -6.719988E-01   -1.203434E-02    1.375576E-03
   -6.705186E-01   -1.024582E-02    1.283825E-03
   -6.690384E-01   -8.146399E-03    1.175043E-03
   -6.675583E-01   -5.906139E-03    1.058668E-03
   -6.660781E-01   -3.420319E-03    9.293343E-04
   -6.645979E-01   -8.331057E-04    7.947920E-04
   -6.631177E-01    1.907758E-03    6.526889E-04
   -6.616376E-01    4.697887E-03    5.083760E-04
   -6.601574E-01    7.526595E-03    3.630833E-04
   -6.586772E-01    1.034276E-02    2.191899E-04
   -6.571970E-01    1.306748E-02    8.220241E-05
   -6.557169E-01    1.571322E-02   -4.912247E-05
   -6.542367E-01    1.813601E-02   -1.643921E-04
   -6.527565E-01    2.041637E-02   -2.691624E-04
   -6.512763E-01    2.235621E-02   -3.479592E-04
   -6.497962E-01    2.410180E-02   -4.113915E-04
   -6.483160E-01    2.542002E-02   -4.397923E-04
   -6.468358E-01    2.651045E-02   -4.488923E-04
   -6.453557E-01    2.712927E-02   -4.168522E-04
   -6.438755E-01    2.750997E-02   -3.635878E-04
   -6.423953E-01    2.742185E-02   -2.680070E-04
   -6.409151E-01    2.710879E-02   -1.520529E-04
   -6.394350E-01    2.637451E-02    1.730515E-06
   -6.379548E-01    2.544873E-02    1.723555E-04
   -6.364746E-01    2.418488E-02    3.715572E-04
   -6.349944E-01    2.277742E-02    5.821724E-04
   -6.335143E-01    2.113792E-02    8.095288E-04
   -6.320341E-01    1.941115E-02    1.042239E-03
   -6.305539E-01    1.756769E-02    1.279965E-03
   -6.290737E-01    1.569413E-02    1.517658E-03
   -6.275936E-01    1.381459E-02    1.751069E-03
   -6.261134E-01    1.195681E-02    1.980697E-03
   -6.246332E-01    1.018610E-02    2.200492E-03
   -6.231530E-01    8.477327E-03    2.414746E-03
   -6.216729E-01    6.921006E-03    2.617542E-03
   -6.201927E-01    5.450759E-03    2.814811E-03
   -6.187125E-01    4.163530E-03    3.001944E-03
   -6.172324E-01    2.969117E-03    3.184622E-03
   -6.157522E-01    1.955401E-03    3.359669E-03
   -6.142720E-01    1.025803E-03    3.531416E-03
   -6.127918E-01    2.469804E-04    3.697240E-03
   -6.113117E-01   -4.666973E-04    3.860156E-03
   -6.098315E-01   -1.071912E-03    4.016688E-03
   -6.083513E-01   -1.633249E-03    4.169434E-03
   -6.068711E-01   -2.124948E-03    4.312913E-03
   -6.053910E-01   -2.588320E-03    4.450685E-03
   -6.039108E-01   -3.002598E-03    4.574620E-03
   -6.024306E-01   -3.393277E-03    4.690403E-03
   -6.009504E-01   -3.731720E-03    4.787464E-03
   -5.994703E-01   -4.038469E-03    4.874052E-03
   -5.979901E-01   -4.265975E-03    4.937742E-03
   -5.965099E-01   -4.444169E-03    4.989150E-03
   -5.950298E-01   -4.502832E-03    5.014734E-03
   -5.935496E-01   -4.491887E-03    5.027003E-03
   -5.920694E-01   -4.324341E-03    5.012352E-03
   -5.905892E-01   -4.072305E-03    4.984385E-03
   -5.891091E-01   -3.646032E-03    4.930765E-03
   -5.876289E-01   -3.133616E-03    4.865255E-03
   -5.861487E-01   -2.459390E-03    4.778728E-03
   -5.846685E-01   -1.713506E-03    4.683498E-03
   -5.831884E-01   -8.496560E-04    4.575333E-03
   -5.817082E-01    5.783602E-05    4.463290E-03
   -5.802280E-01    1.018553E-03    4.349105E-03
   -5.787478E-01    1.988525E-03    4.236756E-03
   -5.772677E-01    2.945106E-03    4.133822E-03
   -5.757875E-01    3.881328E-03    4.038316E-03
   -5.743073E-01    4.756671E-03    3.962642E-03
   -5.728271E-01    5.596034E-03    3.899020E-03
   -5.713470E-01    6.362527E-03    3.862952E-03
   -5.698668E-01    7.097332E-03    3.841970E-03
   -5.683866E-01    7.787818E-03    3.852788E-03
   -5.669065E-01    8.469976E-03    3.879789E-03
   -5.654263E-01    9.170239E-03    3.938626E-03
   -5.639461E-01    9.899276E-03    4.012497E-03
   -5.624659E-01    1.072754E-02    4.113414E-03
   -5.609858E-01    1.162621E-02    4.225644E-03
   -5.595056E-01    1.270457E-02    4.354704E-03
   -5.580254E-01    1.389008E-02    4.488579E-03
   -5.565452E-01    1.531924E-02    4.623473E-03
   -5.550651E-01    1.688127E-02    4.753966E-03
   -5.535849E-01    1.872304E-02    4.864662E-03
   -5.521047E-01    2.070772E-02    4.959510E-03
   -5.506245E-01    2.297592E-02    5.010244E-03
   -5.491444E-01    2.538036E-02    5.032744E-03
   -5.476642E-01    2.803721E-02    4.986979E-03
   -5.461840E-01    3.080591E-02    4.901840E-03
   -5.447039E-01    3.376132E-02    4.729722E-03
   -5.432237E-01    3.678748E-02    4.511506E-03
   -5.417435E-01    3.990210E-02    4.199686E-03
   -5.402633E-01    4.303107E-02    3.842555E-03
   -5.387832E-01    4.612400E-02    3.402554E-03
   -5.373030E-01    4.916481E-02    2.927292E-03
   -5.358228E-01    5.203193E-02    2.398046E-03
   -5.343426E-01    5.477827E-02    1.851866E-03
   -5.328625E-01    5.721966E-02    1.294413E-03
   -5.313823E-01    5.948050E-02    7.432902E-04
   -5.299021E-01    6.133374E-02    2.288832E-04
   -5.284219E-01    6.296618E-02   -2.556247E-04
   -5.269418E-01    6.413738E-02   -6.592772E-04
   -5.254616E-01    6.507568E-02   -1.013360E-03
   -5.239814E-01    6.555895E-02   -1.253217E-03
   -5.225013E-01    6.582773E-02   -1.430217E-03
   -5.210211E-01    6.570738E-02   -1.473832E-03
   -5.195409E-01    6.541844E-02   -1.448836E-03
   -5.180607E-01    6.485398E-02   -1.286727E-03
   -5.165806E-01    6.418597E-02   -1.058186E-03
   -5.151004E-01    6.338362E-02   -7.052064E-04
   -5.136202E-01    6.255117E-02   -2.963769E-04
   -5.121400E-01    6.173152E-02    2.069543E-04
   -5.106599E-01    6.095289E-02    7.468024E-04
   -5.091797E-01    6.032021E-02    1.334492E-03
   -5.076995E-01    5.978897E-02    1.932068E-03
   -5.062193E-01    5.950901E-02    2.519652E-03
   -5.047392E-01    5.937437E-02    3.087338E-03
   -5.032590E-01    5.955997E-02    3.587195E-03
   -5.017788E-01    5.991578E-02    4.040968E-03
   -5.002986E-01    6.062272E-02    4.383736E-03
   -4.988185E-01    6.150583E-02    4.665036E-03
   -4.973383E-01    6.273443E-02    4.819243E-03
   -4.958581E-01    6.412862E-02    4.911783E-03
   -4.943780E-01    6.583322E-02    4.892138E-03
   -4.928978E-01    6.768015E-02    4.825153E-03
   -4.914176E-01    6.978285E-02    4.685695E-03
   -4.899374E-01    7.199816E-02    4.522469E-03
   -4.884573E-01    7.440828E-02    4.337578E-03
   -4.869771E-01    7.690157E-02    4.154398E-03
   -4.854969E-01    7.953643E-02    3.997563E-03
   -4.840167E-01    8.223214E-02    3.863812E-03
   -4.825366E-01    8.503558E-02    3.792383E-03
   -4.810564E-01    8.788929E-02    3.758238E-03
   -4.795762E-01    9.084305E-02    3.807106E-03
   -4.780960E-01    9.384976E-02    3.899880E-03
   -4.766159E-01    9.697321E-02    4.081827E-03
   -4.751357E-01    1.001624E-01    4.307425E-03
   -4.736555E-01    1.034999E-01    4.615351E-03
   -4.721754E-01    1.069197E-01    4.960475E-03
   -4.706952E-01    1.105181E-01    5.369306E-03
   -4.692150E-01    1.142105E-01    5.803448E-03
   -4.677348E-01    1.180947E-01    6.273079E-03
   -4.662547E-01    1.220726E-01    6.752182E-03
   -4.647745E-01    1.262262E-01    7.233128E-03
   -4.632943E-01    1.304575E-01    7.706564E-03
   -4.618141E-01    1.348168E-01    8.149335E-03
   -4.603340E-01    1.392232E-01    8.570001E-03
   -4.588538E-01    1.436857E-01    8.935868E-03
   -4.573736E-01    1.481560E-01    9.270854E-03
   -4.558934E-01    1.526033E-01    9.541206E-03
   -4.544133E-01    1.570211E-01    9.780028E-03
   -4.529331E-01    1.613502E-01    9.961940E-03
   -4.514529E-01    1.656241E-01    1.012073E-02
   -4.499727E-01    1.697762E-01    1.024819E-02
   -4.484926E-01    1.738674E-01    1.036929E-02
   -4.470124E-01    1.778474E-01    1.049931E-02
   -4.455322E-01    1.817832E-01    1.064566E-02
   -4.440521E-01    1.856626E-01    1.084909E-02
   -4.425719E-01    1.895340E-01    1.109295E-02
   -4.410917E-01    1.934357E-01    1.143928E-02
   -4.396115E-01    1.973774E-01    1.184571E-02
   -4.381314E-01    2.014497E-01    1.238488E-02
   -4.366512E-01    2.056113E-01    1.299354E-02
   -4.351710E-01    2.099954E-01    1.374043E-02
   -4.336908E-01    2.145094E-01    1.455265E-02
   -4.322107E-01    2.193127E-01    1.548163E-02
   -4.307305E-01    2.242708E-01    1.645953E-02
   -4.292503E-01    2.295500E-01    1.751287E-02
   -4.277701E-01    2.349911E-01    1.859193E-02
   -4.262900E-01    2.407510E-01    1.969864E-02
   -4.248098E-01    2.466648E-01    2.080810E-02
   -4.233296E-01    2.528708E-01    2.190374E-02
   -4.218495E-01    2.592145E-01    2.298441E-02
   -4.203693E-01    2.658169E-01    2.402218E-02
   -4.188891E-01    2.725420E-01    2.503333E-02
   -4.174089E-01    2.795044E-01    2.598265E-02
   -4.159288E-01    2.865851E-01    2.689709E-02
   -4.144486E-01    2.939099E-01    2.773369E-02
   -4.129684E-01    3.013653E-01    2.852689E-02
   -4.114882E-01    3.091076E-01    2.922317E-02
   -4.100081E-01    3.170102E-01    2.986546E-02
   -4.085279E-01    3.252730E-01    3.038828E-02
   -4.070477E-01    3.337376E-01    3.084588E-02
   -4.055675E-01    3.426493E-01    3.116373E-02
   -4.040874E-01    3.518051E-01    3.140847E-02
   -4.026072E-01    3.614841E-01    3.150443E-02
   -4.011270E-01    3.714382E-01    3.152700E-02
   -3.996468E-01    3.819577E-01    3.140981E-02
   -3.981667E-01    3.927620E-01    3.122858E-02
   -3.966865E-01    4.041276E-01    3.093483E-02
   -3.952063E-01    4.157640E-01    3.059380E-02
   -3.937262E-01    4.279125E-01    3.017655E-02
   -3.922460E-01    4.402986E-01    2.972934E-02
   -3.907658E-01    4.531182E-01    2.923414E-02
   -3.892856E-01    4.661330E-01    2.871745E-02
   -3.878055E-01    4.794958E-01    2.815419E-02
   -3.863253E-01    4.930134E-01    2.756114E-02
   -3.848451E-01    5.068070E-01    2.688615E-02
   -3.833649E-01    5.207252E-01    2.615508E-02
   -3.818848E-01    5.348711E-01    2.527665E-02
   -3.804046E-01    5.491230E-01    2.430634E-02
   -3.789244E-01    5.635746E-01    2.311944E-02
   -3.774442E-01    5.781205E-01    2.181204E-02
   -3.759641E-01    5.928427E-01    2.025231E-02
   -3.744839E-01    6.076449E-01    1.856916E-02
   -3.730037E-01    6.225837E-01    1.666367E-02
   -3.715236E-01    6.375749E-01    1.466903E-02
   -3.700434E-01    6.526288E-01    1.255804E-02
   -3.685632E-01    6.676877E-01    1.042712E-02
   -3.670830E-01    6.826926E-01    8.342502E-03
   -3.656029E-01    6.976337E-01    6.326083E-03
   -3.641227E-01    7.123645E-01    4.533977E-03
   -3.626425E-01    7.269456E-01    2.894204E-03
   -3.611623E-01    7.411320E-01    1.627384E-03
   -3.596822E-01    7.550717E-01    5.737367E-04
   -3.582020E-01    7.684178E-01   -1.637945E-05
   -3.567218E-01    7.814161E-01   -3.641330E-04
   -3.552416E-01    7.936178E-01   -2.204967E-04
   -3.537615E-01    8.053709E-01    1.659236E-04
   -3.522813E-01    8.161292E-01    1.021623E-03
   -3.508011E-01    8.263428E-01    2.099381E-03
   -3.493209E-01    8.353785E-01    3.588076E-03
   -3.478408E-01    8.437850E-01    5.261528E-03
   -3.463606E-01    8.508639E-01    7.254001E-03
   -3.448804E-01    8.572520E-01    9.375581E-03
   -3.434003E-01    8.622232E-01    1.168288E-02
   -3.419201E-01    8.664799E-01    1.404070E-02
   -3.404399E-01    8.693213E-01    1.640340E-02
   -3.389597E-01    8.714765E-01    1.871567E-02
   -3.374796E-01    8.723325E-01    2.081546E-02
   -3.359994E-01    8.725906E-01    2.275290E-02
   -3.345192E-01    8.717849E-01    2.425919E-02
   -3.330390E-01    8.705260E-01    2.550309E-02
   -3.315589E-01    8.685382E-01    2.614835E-02
   -3.300787E-01    8.662816E-01    2.647043E-02
   -3.285985E-01    8.636845E-01    2.612966E-02
   -3.271183E-01    8.610145E-01    2.546622E-02
   -3.256382E-01    8.583818E-01    2.420995E-02
   -3.241580E-01    8.558492E-01    2.269989E-02
   -3.226778E-01    8.536507E-01    2.079547E-02
   -3.211977E-01    8.516689E-01    1.876082E-02
   -3.197175E-01    8.501791E-01    1.661081E-02
   -3.182373E-01    8.489434E-01    1.447582E-02
   -3.167571E-01    8.481893E-01    1.250507E-02
   -3.152770E-01    8.476429E-01    1.067245E-02
   -3.137968E-01    8.474127E-01    9.196667E-03
   -3.123166E-01    8.472783E-01    7.920530E-03
   -3.108364E-01    8.471964E-01    7.045084E-03
   -3.093563E-01    8.470702E-01    6.350620E-03
   -3.078761E-01    8.467236E-01    5.944375E-03
   -3.063959E-01    8.462118E-01    5.632215E-03
   -3.049157E-01    8.452913E-01    5.393184E-03
   -3.034356E-01    8.441470E-01    5.132012E-03
   -3.019554E-01    8.425602E-01    4.719239E-03
   -3.004752E-01    8.407774E-01    4.187262E-03
   -2.989950E-01    8.386952E-01    3.358199E-03
   -2.975149E-01    8.365279E-01    2.367373E-03
   -2.960347E-01    8.343467E-01    1.058824E-03
   -2.945545E-01    8.322445E-01   -3.912679E-04
   -2.930744E-01    8.304757E-01   -2.066987E-03
   -2.915942E-01    8.289561E-01   -3.818940E-03
   -2.901140E-01    8.280765E-01   -5.641957E-03
   -2.886338E-01    8.275708E-01   -7.459069E-03
   -2.871537E-01    8.278776E-01   -9.185144E-03
   -2.856735E-01    8.285984E-01   -1.082966E-02
   -2.841933E-01    8.301105E-01   -1.224828E-02
   -2.827131E-01    8.319740E-01   -1.352783E-02
   -2.812330E-01    8.344038E-01   -1.448836E-02
   -2.797528E-01    8.370278E-01   -1.527519E-02
   -2.782726E-01    8.398298E-01   -1.570020E-02
   -2.767924E-01    8.426046E-01   -1.594508E-02
   -2.753123E-01    8.450820E-01   -1.584918E-02
   -2.738321E-01    8.472901E-01   -1.560224E-02
   -2.723519E-01    8.487320E-01   -1.511161E-02
   -2.708718E-01    8.496883E-01   -1.453750E-02
   -2.693916E-01    8.495017E-01   -1.388833E-02
   -2.679114E-01    8.486769E-01   -1.325280E-02
   -2.664312E-01    8.464861E-01   -1.275131E-02
   -2.649511E-01    8.435903E-01   -1.236908E-02
   -2.634709E-01    8.392864E-01   -1.232104E-02
   -2.619907E-01    8.343013E-01   -1.248067E-02
   -2.605105E-01    8.280405E-01   -1.311785E-02
   -2.590304E-01    8.212029E-01   -1.401401E-02
   -2.575502E-01    8.133644E-01   -1.544559E-02
   -2.560700E-01    8.051139E-01   -1.714225E-02
   -2.545898E-01    7.962341E-01   -1.934238E-02
   -2.531097E-01    7.871424E-01   -2.177117E-02
   -2.516295E-01    7.778375E-01   -2.459415E-02
   -2.501493E-01    7.685304E-01   -2.757533E-02
   -2.486692E-01    7.594201E-01   -3.078272E-02
   -2.471890E-01    7.505023E-01   -3.405289E-02
   -2.457088E-01    7.421395E-01   -3.733926E-02
   -2.442286E-01    7.341277E-01   -4.057543E-02
   -2.427485E-01    7.269390E-01   -4.358869E-02
   -2.412683E-01    7.202079E-01   -4.642711E-02
   -2.397881E-01    7.144539E-01   -4.878670E-02
   -2.383079E-01    7.092044E-01   -5.084232E-02
   -2.368278E-01    7.049657E-01   -5.216443E-02
   -2.353476E-01    7.012200E-01   -5.306087E-02
   -2.338674E-01    6.984120E-01   -5.300102E-02
   -2.323872E-01    6.960389E-01   -5.241988E-02
   -2.309071E-01    6.944522E-01   -5.073449E-02
   -2.294269E-01    6.932123E-01   -4.848102E-02
   -2.279467E-01    6.925680E-01   -4.509358E-02
   -2.264665E-01    6.921713E-01   -4.115860E-02
   -2.249864E-01    6.921727E-01   -3.620392E-02
   -2.235062E-01    6.923267E-01   -3.079416E-02
   -2.220260E-01    6.926998E-01   -2.461330E-02
   -2.205459E-01    6.931435E-01   -1.812782E-02
   -2.190657E-01    6.936587E-01   -1.121002E-02
   -2.175855E-01    6.941792E-01   -4.167940E-03
   -2.161053E-01    6.946577E-01    2.939832E-03
   -2.146252E-01    6.950928E-01    9.992735E-03
   -2.131450E-01    6.954034E-01    1.677284E-02
   -2.116648E-01    6.956359E-01    2.334293E-02
   -2.101846E-01    6.956853E-01    2.936372E-02
   -2.087045E-01    6.956314E-01    3.505467E-02
   -2.072243E-01    6.953489E-01    3.999485E-02
   -2.057441E-01    6.949412E-01    4.452406E-02
   -2.042639E-01    6.942595E-01    4.818098E-02
   -2.027838E-01    6.934277E-01    5.138748E-02
   -2.013036E-01    6.922648E-01    5.368783E-02
   -1.998234E-01    6.909190E-01    5.554464E-02
   -1.983433E-01    6.891677E-01    5.655875E-02
   -1.968631E-01    6.871922E-01    5.718622E-02
   -1.953829E-01    6.847228E-01    5.713321E-02
   -1.939027E-01    6.819837E-01    5.679652E-02
   -1.924226E-01    6.786612E-01    5.602118E-02
   -1.909424E-01    6.750269E-01    5.509576E-02
   -1.894622E-01    6.707349E-01    5.401154E-02
   -1.879820E-01    6.661009E-01    5.291640E-02
   -1.865019E-01    6.607655E-01    5.192511E-02
   -1.850217E-01    6.550762E-01    5.103982E-02
   -1.835415E-01    6.486841E-01    5.045239E-02
   -1.820613E-01    6.419495E-01    5.004409E-02
   -1.805812E-01    6.345618E-01    5.002757E-02
   -1.791010E-01    6.268712E-01    5.021060E-02
   -1.776208E-01    6.186381E-01    5.077610E-02
   -1.761406E-01    6.101742E-01    5.151439E-02
   -1.746605E-01    6.013488E-01    5.254589E-02
   -1.731803E-01    5.924019E-01    5.369276E-02
   -1.717001E-01    5.833495E-01    5.500318E-02
   -1.702200E-01    5.743213E-01    5.636189E-02
   -1.687398E-01    5.655093E-01    5.775468E-02
   -1.672596E-01    5.568938E-01    5.913700E-02
   -1.657794E-01    5.488515E-01    6.045244E-02
   -1.642993E-01    5.411841E-01    6.171629E-02
   -1.628191E-01    5.344317E-01    6.284960E-02
   -1.613389E-01    5.282096E-01    6.390761E-02
   -1.598587E-01    5.231663E-01    6.480038E-02
   -1.583786E-01    5.187544E-01    6.560488E-02
   -1.568984E-01    5.156496E-01    6.622336E-02
   -1.554182E-01    5.131984E-01    6.674449E-02
   -1.539380E-01    5.120092E-01    6.706293E-02
   -1.524579E-01    5.114056E-01    6.727664E-02
   -1.509777E-01    5.118393E-01    6.727657E-02
   -1.494975E-01    5.127052E-01    6.716950E-02
   -1.480174E-01    5.142295E-01    6.685377E-02
   -1.465372E-01    5.159673E-01    6.643981E-02
   -1.450570E-01    5.178830E-01    6.584921E-02
   -1.435768E-01    5.197591E-01    6.518409E-02
   -1.420967E-01    5.212983E-01    6.440485E-02
   -1.406165E-01    5.225449E-01    6.358916E-02
   -1.391363E-01    5.229747E-01    6.274657E-02
   -1.376561E-01    5.228922E-01    6.191501E-02
   -1.361760E-01    5.216077E-01    6.115539E-02
   -1.346958E-01    5.196506E-01    6.045597E-02
   -1.332156E-01    5.162440E-01    5.992157E-02
   -1.317354E-01    5.120806E-01    5.948876E-02
   -1.302553E-01    5.063808E-01    5.928823E-02
   -1.287751E-01    4.999220E-01    5.921255E-02
   -1.272949E-01    4.920033E-01    5.939000E-02
   -1.258147E-01    4.834020E-01    5.968779E-02
   -1.243346E-01    4.735642E-01    6.019681E-02
   -1.228544E-01    4.631867E-01    6.078806E-02
   -1.213742E-01    4.519110E-01    6.148057E-02
   -1.198941E-01    4.402854E-01    6.218485E-02
   -1.184139E-01    4.281698E-01    6.282331E-02
   -1.169337E-01    4.159160E-01    6.338034E-02
   -1.154535E-01    4.035962E-01    6.367405E-02
   -1.139734E-01    3.913438E-01    6.378667E-02
   -1.124932E-01    3.794098E-01    6.344507E-02
   -1.110130E-01    3.677160E-01    6.283617E-02
   -1.095328E-01    3.566373E-01    6.162854E-02
   -1.080527E-01    3.459187E-01    6.009961E-02
   -1.065725E-01    3.359936E-01    5.790735E-02
   -1.050923E-01    3.264863E-01    5.538551E-02
   -1.036121E-01    3.178259E-01    5.223379E-02
   -1.021320E-01    3.095814E-01    4.879365E-02
   -1.006518E-01    3.021297E-01    4.485079E-02
   -9.917163E-02    2.950455E-01    4.070197E-02
   -9.769145E-02    2.886255E-01    3.624348E-02
   -9.621128E-02    2.824976E-01    3.168424E-02
   -9.473110E-02    2.768696E-01    2.703187E-02
   -9.325093E-02    2.714494E-01    2.238481E-02
   -9.177076E-02    2.663628E-01    1.784374E-02
   -9.029058E-02    2.614048E-01    1.339794E-02
   -8.881041E-02    2.566331E-01    9.215411E-03
   -8.733024E-02    2.519226E-01    5.195022E-03
   -8.585006E-02    2.472768E-01    1.549127E-03
   -8.436989E-02    2.426371E-01   -1.889171E-03
   -8.288972E-02    2.379619E-01   -4.879895E-03
   -8.140954E-02    2.332468E-01   -7.634269E-03
   -7.992937E-02    2.284097E-01   -9.897513E-03
   -7.844920E-02    2.234911E-01   -1.190927E-02
   -7.696902E-02    2.183695E-01   -1.341271E-02
   -7.548885E-02    2.131269E-01   -1.466252E-02
   -7.400868E-02    2.076033E-01   -1.541230E-02
   -7.252850E-02    2.019203E-01   -1.591840E-02
   -7.104833E-02    1.958820E-01   -1.595444E-02
   -6.956816E-02    1.896482E-01   -1.576589E-02
   -6.808798E-02    1.829896E-01   -1.515165E-02
   -6.660781E-02    1.761021E-01   -1.433712E-02
   -6.512763E-02    1.687238E-01   -1.314814E-02
   -6.364746E-02    1.610835E-01   -1.178552E-02
   -6.216729E-02    1.528840E-01   -1.010381E-02
   -6.068711E-02    1.443861E-01   -8.277376E-03
   -5.920694E-02    1.352501E-01   -6.193267E-03
   -5.772677E-02    1.257724E-01   -3.997677E-03
   -5.624659E-02    1.155622E-01   -1.617738E-03
   -5.476642E-02    1.049593E-01    8.325972E-04
   -5.328625E-02    9.351721E-02    3.373916E-03
   -5.180607E-02    8.162852E-02    5.932157E-03
   -5.032590E-02    6.879552E-02    8.458890E-03
   -4.884573E-02    5.546752E-02    1.093288E-02
   -4.736555E-02    4.111212E-02    1.321949E-02
   -4.588538E-02    2.622964E-02    1.536848E-02
   -4.440521E-02    1.027854E-02    1.715165E-02
   -4.292503E-02   -6.207247E-03    1.870774E-02
   -4.144486E-02   -2.374915E-02    1.972949E-02
   -3.996468E-02   -4.180567E-02    2.045132E-02
   -3.848451E-02   -6.085174E-02    2.052902E-02
   -3.700434E-02   -8.036722E-02    2.027564E-02
   -3.552416E-02   -1.007610E-01    1.937234E-02
   -3.404399E-02   -1.215594E-01    1.816594E-02
   -3.256382E-02   -1.430909E-01    1.642751E-02
   -3.108364E-02   -1.649472E-01    1.447366E-02
   -2.960347E-02   -1.873625E-01    1.221159E-02
   -2.812330E-02   -2.100078E-01    9.863868E-03
   -2.664312E-02   -2.330033E-01    7.488243E-03
   -2.516295E-02   -2.561129E-01    5.169414E-03
   -2.368278E-02   -2.793144E-01    3.095589E-03
   -2.220260E-02   -3.024855E-01    1.201149E-03
   -2.072243E-02   -3.254258E-01   -2.450776E-04
   -1.924226E-02   -3.481573E-01   -1.437435E-03
   -1.776208E-02   -3.702695E-01   -2.096448E-03
   -1.628191E-02   -3.919654E-01   -2.493946E-03
   -1.480174E-02   -4.126102E-01   -2.414360E-03
   -1.332156E-02   -4.326208E-01   -2.135423E-03
   -1.184139E-02   -4.511568E-01   -1.562562E-03
   -1.036121E-02   -4.688624E-01   -9.039267E-04
   -8.881041E-03   -4.847509E-01   -2.025018E-04
   -7.400868E-03   -4.996723E-01    4.589507E-04
   -5.920694E-03   -5.125894E-01    9.360821E-04
   -4.440521E-03   -5.244951E-01    1.283468E-03
   -2.960347E-03   -5.344137E-01    1.333213E-03
   -1.480174E-03   -5.433827E-01    1.235375E-03
   -1.665335E-16   -5.505873E-01    8.842236E-04
    1.480174E-03   -5.569961E-01    4.439841E-04
    2.960347E-03   -5.620126E-01   -7.616946E-05
    4.440521E-03   -5.664387E-01   -5.820900E-04
    5.920694E-03   -5.698928E-01   -9.549843E-04
    7.400868E-03   -5.729570E-01   -1.217485E-03
    8.881041E-03   -5.754034E-01   -1.198666E-03
    1.036121E-02   -5.776020E-01   -1.025697E-03
    1.184139E-02   -5.793809E-01   -5.528524E-04
    1.332156E-02   -5.809634E-01    4.937588E-05
    1.480174E-02   -5.821337E-01    8.433475E-04
    1.628191E-02   -5.830677E-01    1.691314E-03
    1.776208E-02   -5.834368E-01    2.557144E-03
    1.924226E-02   -5.834672E-01    3.388689E-03
    2.072243E-02   -5.826999E-01    4.077326E-03
    2.220260E-02   -5.814758E-01    4.666350E-03
    2.368278E-02   -5.792377E-01    5.020885E-03
    2.516295E-02   -5.764544E-01    5.251239E-03
    2.664312E-02   -5.725337E-01    5.238784E-03
    2.812330E-02   -5.680368E-01    5.115615E-03
    2.960347E-02   -5.624034E-01    4.803845E-03
    3.108364E-02   -5.562232E-01    4.417661E-03
    3.256382E-02   -5.490135E-01    3.925268E-03
    3.404399E-02   -5.413284E-01    3.400744E-03
    3.552416E-02   -5.327776E-01    2.850488E-03
    3.700434E-02   -5.238372E-01    2.303903E-03
    3.848451E-02   -5.141995E-01    1.790794E-03
    3.996468E-02   -5.042511E-01    1.303557E-03
    4.144486E-02   -4.937493E-01    8.778348E-04
    4.292503E-02   -4.830023E-01    4.834183E-04
    4.440521E-02   -4.718255E-01    1.443415E-04
    4.588538E-02   -4.604652E-01   -1.744787E-04
    4.736555E-02   -4.488066E-01   -4.737391E-04
    4.884573E-02   -4.370384E-01   -7.757922E-04
    5.032590E-02   -4.251415E-01   -1.110312E-03
    5.180607E-02   -4.132320E-01   -1.474024E-03
    5.328625E-02   -4.014105E-01   -1.918429E-03
    5.476642E-02   -3.896932E-01   -2.411320E-03
    5.624659E-02   -3.783050E-01   -3.009655E-03
    5.772677E-02   -3.671387E-01   -3.660559E-03
    5.920694E-02   -3.565177E-01   -4.407413E-03
    6.068711E-02   -3.462100E-01   -5.193623E-03
    6.216729E-02   -3.365850E-01   -6.034900E-03
    6.364746E-02   -3.273150E-01   -6.889760E-03
    6.512763E-02   -3.187522E-01   -7.741982E-03
    6.660781E-02   -3.105275E-01   -8.578217E-03
    6.808798E-02   -3.029243E-01   -9.355484E-03
    6.956816E-02   -2.955955E-01   -1.009159E-02
    7.104833E-02   -2.887325E-01   -1.072640E-02
    7.252850E-02   -2.820601E-01   -1.130328E-02
    7.400868E-02   -2.756910E-01   -1.175375E-02
    7.548885E-02   -2.694415E-01   -1.213749E-02
    7.696902E-02   -2.633851E-01   -1.238381E-02
    7.844920E-02   -2.574132E-01   -1.256089E-02
    7.992937E-02   -2.516083E-01   -1.260170E-02
    8.140954E-02   -2.458956E-01   -1.257742E-02
    8.288972E-02   -2.404000E-01   -1.243374E-02
    8.436989E-02   -2.350341E-01   -1.223841E-02
    8.585006E-02   -2.299718E-01   -1.196129E-02
    8.733024E-02   -2.250809E-01   -1.165642E-02
    8.881041E-02   -2.205611E-01   -1.132565E-02
    9.029058E-02   -2.162326E-01   -1.099718E-02
    9.177076E-02   -2.122775E-01   -1.070201E-02
    9.325093E-02   -2.084937E-01   -1.043546E-02
    9.473110E-02   -2.049995E-01   -1.024318E-02
    9.621128E-02   -2.016138E-01   -1.009251E-02
    9.769145E-02   -1.983561E-01   -1.002601E-02
    9.917163E-02   -1.951123E-01   -9.998939E-03
    1.006518E-01   -1.917907E-01   -1.004207E-02
    1.021320E-01   -1.883774E-01   -1.011613E-02
    1.036121E-01   -1.846826E-01   -1.024763E-02
    1.050923E-01   -1.808038E-01   -1.040915E-02
    1.065725E-01   -1.764878E-01   -1.064183E-02
    1.080527E-01   -1.719291E-01   -1.091986E-02
    1.095328E-01   -1.668596E-01   -1.131428E-02
    1.110130E-01   -1.615338E-01   -1.178094E-02
    1.124932E-01   -1.557163E-01   -1.241764E-02
    1.139734E-01   -1.496733E-01   -1.314826E-02
    1.154535E-01   -1.432350E-01   -1.407208E-02
    1.169337E-01   -1.366319E-01   -1.508745E-02
    1.184139E-01   -1.297690E-01   -1.625905E-02
    1.198941E-01   -1.228097E-01   -1.748755E-02
    1.213742E-01   -1.157174E-01   -1.877500E-02
    1.228544E-01   -1.085827E-01   -2.006082E-02
    1.243346E-01   -1.013971E-01   -2.127946E-02
    1.258147E-01   -9.419565E-02   -2.243457E-02
    1.272949E-01   -8.696935E-02   -2.341173E-02
    1.287751E-01   -7.972908E-02   -2.428063E-02
    1.302553E-01   -7.245271E-02   -2.490826E-02
    1.317354E-01   -6.515426E-02   -2.540965E-02
    1.332156E-01   -5.780845E-02   -2.565898E-02
    1.346958E-01   -5.044201E-02   -2.578685E-02
    1.361760E-01   -4.305235E-02   -2.568650E-02
    1.376561E-01   -3.566676E-02   -2.548067E-02
    1.391363E-01   -2.833332E-02   -2.508149E-02
    1.406165E-01   -2.105311E-02   -2.459393E-02
    1.420967E-01   -1.394040E-02   -2.394484E-02
    1.435768E-01   -6.943042E-03   -2.322202E-02
    1.450570E-01   -2.368134E-04   -2.236548E-02
    1.465372E-01    6.297448E-03   -2.144916E-02
    1.480174E-01    1.244650E-02   -2.042860E-02
    1.494975E-01    1.838966E-02   -1.936427E-02
    1.509777E-01    2.391124E-02   -1.823045E-02
    1.524579E-01    2.922567E-02   -1.707135E-02
    1.539380E-01    3.414993E-02   -1.588071E-02
    1.554182E-01    3.889879E-02   -1.468339E-02
    1.568984E-01    4.334888E-02   -1.348897E-02
    1.583786E-01    4.768067E-02   -1.230270E-02
    1.598587E-01    5.184510E-02   -1.114244E-02
    1.613389E-01    5.596249E-02   -9.997944E-03
    1.628191E-01    6.006026E-02   -8.886348E-03
    1.642993E-01    6.418471E-02   -7.790177E-03
    1.657794E-01    6.843144E-02   -6.720804E-03
    1.672596E-01    7.277068E-02   -5.662869E-03
    1.687398E-01    7.734934E-02   -4.626706E-03
    1.702200E-01    8.206959E-02   -3.603735E-03
    1.717001E-01    8.710421E-02   -2.620091E-03
    1.731803E-01    9.230438E-02   -1.667679E-03
    1.746605E-01    9.783630E-02   -8.117206E-04
    1.761406E-01    1.035257E-01   -2.604427E-05
    1.776208E-01    1.094957E-01    5.672451E-04
    1.791010E-01    1.155799E-01    1.036516E-03
    1.805812E-01    1.218252E-01    1.203142E-03
    1.820613E-01    1.281107E-01    1.194431E-03
    1.835415E-01    1.343882E-01    7.991270E-04
    1.850217E-01    1.406157E-01    2.010976E-04
    1.865019E-01    1.466551E-01   -8.003599E-04
    1.879820E-01    1.525618E-01   -1.990818E-03
    1.894622E-01    1.581431E-01   -3.509673E-03
    1.909424E-01    1.635440E-01   -5.156354E-03
    1.924226E-01    1.685786E-01   -6.965399E-03
    1.939027E-01    1.734438E-01   -8.800856E-03
    1.953829E-01    1.780332E-01   -1.056894E-02
    1.968631E-01    1.825332E-01   -1.224124E-02
    1.983433E-01    1.869817E-01   -1.360106E-02
    1.998234E-01    1.914809E-01   -1.474954E-02
    2.013036E-01    1.962512E-01   -1.538281E-02
    2.027838E-01    2.012462E-01   -1.572410E-02
    2.042639E-01    2.068669E-01   -1.544094E-02
    2.057441E-01    2.128828E-01   -1.484071E-02
    2.072243E-01    2.198331E-01   -1.362793E-02
    2.087045E-01    2.273080E-01   -1.213446E-02
    2.101846E-01    2.359125E-01   -1.015680E-02
    2.116648E-01    2.451025E-01   -7.986197E-03
    2.131450E-01    2.554645E-01   -5.543221E-03
    2.146252E-01    2.663933E-01   -3.025383E-03
    2.161053E-01    2.783811E-01   -4.837070E-04
    2.175855E-01    2.908450E-01    2.007890E-03
    2.190657E-01    3.041280E-01    4.281536E-03
    2.205459E-01    3.177443E-01    6.392192E-03
    2.220260E-01    3.318606E-01    8.081563E-03
    2.235062E-01    3.461403E-01    9.520161E-03
    2.249864E-01    3.605713E-01    1.039419E-02
    2.264665E-01    3.749915E-01    1.096404E-02
    2.279467E-01    3.892230E-01    1.090277E-02
    2.294269E-01    4.032805E-01    1.052577E-02
    2.309071E-01    4.168403E-01    9.540101E-03
    2.323872E-01    4.300817E-01    8.272932E-03
    2.338674E-01    4.425583E-01    6.509766E-03
    2.353476E-01    4.545950E-01    4.541352E-03
    2.368278E-01    4.656509E-01    2.262389E-03
    2.383079E-01    4.761745E-01   -1.171220E-04
    2.397881E-01    4.855687E-01   -2.584314E-03
    2.412683E-01    4.943772E-01   -5.039499E-03
    2.427485E-01    5.019973E-01   -7.366113E-03
    2.442286E-01    5.090283E-01   -9.582073E-03
    2.457088E-01    5.149186E-01   -1.149958E-02
    2.471890E-01    5.202702E-01   -1.323859E-02
    2.486692E-01    5.246296E-01   -1.458205E-02
    2.501493E-01    5.285427E-01   -1.571877E-02
    2.516295E-01    5.316692E-01   -1.644394E-02
    2.531097E-01    5.344526E-01   -1.697322E-02
    2.545898E-01    5.366327E-01   -1.714543E-02
    2.560700E-01    5.385377E-01   -1.716191E-02
    2.575502E-01    5.399045E-01   -1.691901E-02
    2.590304E-01    5.409829E-01   -1.657323E-02
    2.605105E-01    5.413887E-01   -1.607269E-02
    2.619907E-01    5.413810E-01   -1.551717E-02
    2.634709E-01    5.403347E-01   -1.488800E-02
    2.649511E-01    5.386383E-01   -1.423561E-02
    2.664312E-01    5.353419E-01   -1.355547E-02
    2.679114E-01    5.310837E-01   -1.286727E-02
    2.693916E-01    5.245735E-01   -1.216975E-02
    2.708718E-01    5.167807E-01   -1.146957E-02
    2.723519E-01    5.061453E-01   -1.076698E-02
    2.738321E-01    4.939779E-01   -1.006458E-02
    2.753123E-01    4.785988E-01   -9.365638E-03
    2.767924E-01    4.615837E-01   -8.670198E-03
    2.782726E-01    4.413341E-01   -7.986166E-03
    2.797528E-01    4.195376E-01   -7.310804E-03
    2.812330E-01    3.948900E-01   -6.661552E-03
    2.827131E-01    3.689867E-01   -6.031932E-03
    2.841933E-01    3.409981E-01   -5.460652E-03
    2.856735E-01    3.122161E-01   -4.931368E-03
    2.871537E-01    2.824002E-01   -4.517428E-03
    2.886338E-01    2.523609E-01   -4.178499E-03
    2.901140E-01    2.224766E-01   -4.023408E-03
    2.915942E-01    1.929673E-01   -3.974204E-03
    2.930744E-01    1.647772E-01   -4.153555E-03
    2.945545E-01    1.375096E-01   -4.447927E-03
    2.960347E-01    1.125552E-01   -4.956318E-03
    2.975149E-01    8.895688E-02   -5.555018E-03
    2.989950E-01    6.839324E-02   -6.286380E-03
    3.004752E-01    4.946820E-02   -7.055086E-03
    3.019554E-01    3.398172E-02   -7.836286E-03
    3.034356E-01    2.025656E-02   -8.593321E-03
    3.049157E-01    1.006733E-02   -9.247117E-03
    3.063959E-01    1.621165E-03   -9.826414E-03
    3.078761E-01   -3.442697E-03   -1.022172E-02
    3.093563E-01   -6.888693E-03   -1.051301E-02
    3.108364E-01   -7.278159E-03   -1.058276E-02
    3.123166E-01   -6.240390E-03   -1.054003E-02
    3.137968E-01   -2.564729E-03   -1.027861E-02
    3.152770E-01    2.317287E-03   -9.915848E-03
    3.167571E-01    9.383548E-03   -9.376100E-03
    3.182373E-01    1.742716E-02   -8.765339E-03
    3.197175E-01    2.719471E-02   -8.055618E-03
    3.211977E-01    3.770800E-02   -7.320942E-03
    3.226778E-01    4.947670E-02   -6.588500E-03
    3.241580E-01    6.175235E-02   -5.883119E-03
    3.256382E-01    7.479382E-02   -5.280637E-03
    3.271183E-01    8.809096E-02   -4.751479E-03
    3.285985E-01    1.016413E-01   -4.406865E-03
    3.300787E-01    1.151895E-01   -4.170718E-03
    3.315589E-01    1.284832E-01   -4.179443E-03
    3.330390E-01    1.415323E-01   -4.322867E-03
    3.345192E-01    1.538814E-01   -4.757205E-03
    3.359994E-01    1.657912E-01   -5.345733E-03
    3.374796E-01    1.766822E-01   -6.253687E-03
    3.389597E-01    1.870150E-01   -7.321957E-03
    3.404399E-01    1.961773E-01   -8.698357E-03
    3.419201E-01    2.047471E-01   -1.021411E-02
    3.434003E-01    2.121524E-01   -1.196032E-02
    3.448804E-01    2.189984E-01   -1.378841E-02
    3.463606E-01    2.247874E-01   -1.569746E-02
    3.478408E-01    2.300812E-01   -1.759987E-02
    3.493209E-01    2.344460E-01   -1.938926E-02
    3.508011E-01    2.383706E-01   -2.107278E-02
    3.522813E-01    2.414445E-01   -2.245309E-02
    3.537615E-01    2.440974E-01   -2.364225E-02
    3.552416E-01    2.458961E-01   -2.438612E-02
    3.567218E-01    2.472526E-01   -2.488493E-02
    3.582020E-01    2.476814E-01   -2.486736E-02
    3.596822E-01    2.476219E-01   -2.458739E-02
    3.611623E-01    2.465383E-01   -2.379042E-02
    3.626425E-01    2.449237E-01   -2.274590E-02
    3.641227E-01    2.422260E-01   -2.123990E-02
    3.656029E-01    2.389877E-01   -1.952460E-02
    3.670830E-01    2.346972E-01   -1.744051E-02
    3.685632E-01    2.299108E-01   -1.519939E-02
    3.700434E-01    2.242247E-01   -1.270194E-02
    3.715236E-01    2.181497E-01   -1.010601E-02
    3.730037E-01    2.114461E-01   -7.373114E-03
    3.744839E-01    2.045139E-01   -4.601902E-03
    3.759641E-01    1.973102E-01   -1.814860E-03
    3.774442E-01    1.900668E-01    9.491396E-04
    3.789244E-01    1.829323E-01    3.603517E-03
    3.804046E-01    1.759399E-01    6.170361E-03
    3.818848E-01    1.693837E-01    8.495248E-03
    3.833649E-01    1.631052E-01    1.066587E-02
    3.848451E-01    1.574613E-01    1.246460E-02
    3.863253E-01    1.521510E-01    1.404933E-02
    3.878055E-01    1.474924E-01    1.516182E-02
    3.892856E-01    1.431271E-01    1.602423E-02
    3.907658E-01    1.392391E-01    1.637855E-02
    3.922460E-01    1.355158E-01    1.648577E-02
    3.937262E-01    1.319465E-01    1.613432E-02
    3.952063E-01    1.283584E-01    1.558099E-02
    3.966865E-01    1.245397E-01    1.469404E-02
    3.981667E-01    1.205156E-01    1.368035E-02
    3.996468E-01    1.159276E-01    1.249772E-02
    4.011270E-01    1.110007E-01    1.127249E-02
    4.026072E-01    1.053308E-01    1.004084E-02
    4.040874E-01    9.928481E-02    8.841422E-03
    4.055675E-01    9.253554E-02    7.767668E-03
    4.070477E-01    8.548819E-02    6.782216E-03
    4.085279E-01    7.800615E-02    6.014079E-03
    4.100081E-01    7.041143E-02    5.370075E-03
    4.114882E-01    6.284060E-02    4.996218E-03
    4.129684E-01    5.542145E-02    4.764204E-03
    4.144486E-01    4.860442E-02    4.822076E-03
    4.159288E-01    4.224207E-02    5.024783E-03
    4.174089E-01    3.709361E-02    5.511556E-03
    4.188891E-01    3.269671E-02    6.135428E-03
    4.203693E-01    3.006378E-02    7.020623E-03
    4.218495E-01    2.842233E-02    8.029268E-03
    4.233296E-01    2.892650E-02    9.270392E-03
    4.248098E-01    3.054894E-02    1.062141E-02
    4.262900E-01    3.441308E-02    1.218304E-02
    4.277701E-01    3.935178E-02    1.384797E-02
    4.292503E-01    4.623976E-02    1.572176E-02
    4.307305E-01    5.394649E-02    1.770414E-02
    4.322107E-01    6.286896E-02    1.991678E-02
    4.336908E-01    7.213796E-02    2.225196E-02
    4.351710E-01    8.149288E-02    2.484456E-02
    4.366512E-01    9.055717E-02    2.756854E-02
    4.381314E-01    9.834300E-02    3.054969E-02
    4.396115E-01    1.051442E-01    3.365014E-02
    4.410917E-01    1.093300E-01    3.695808E-02
    4.425719E-01    1.119267E-01    4.034958E-02
    4.440521E-01    1.109022E-01    4.386424E-02
    4.455322E-01    1.079203E-01    4.742009E-02
    4.470124E-01    1.009050E-01    5.102671E-02
    4.484926E-01    9.190776E-02    5.464932E-02
    4.499727E-01    7.920687E-02    5.829797E-02
    4.514529E-01    6.487643E-02    6.196116E-02
    4.529331E-01    4.789665E-02    6.565801E-02
    4.544133E-01    2.996586E-02    6.936999E-02
    4.558934E-01    1.098113E-02    7.309104E-02
    4.573736E-01   -8.076945E-03    7.679290E-02
    4.588538E-01   -2.636068E-02    8.037646E-02
    4.603340E-01   -4.381303E-02    8.384304E-02
    4.618141E-01   -5.879027E-02    8.692301E-02
    4.632943E-01   -7.218133E-02    8.971489E-02
    4.647745E-01   -8.185062E-02    9.170430E-02
    4.662547E-01   -8.947078E-02    9.316119E-02
    4.677348E-01   -9.280425E-02    9.325486E-02
    4.692150E-01   -9.399702E-02    9.250139E-02
    4.706952E-01   -9.110536E-02    8.969759E-02
    4.721754E-01   -8.635981E-02    8.568502E-02
    4.736555E-01   -7.844250E-02    7.889895E-02
    4.751357E-01   -6.927409E-02    7.056944E-02
    4.766159E-01   -5.837470E-02    5.892056E-02
    4.780960E-01   -4.702842E-02    4.555679E-02
    4.795762E-01   -3.565311E-02    2.881354E-02
    4.810564E-01   -2.468962E-02    1.050179E-02
    4.825366E-01   -1.535205E-02   -1.049628E-02
    4.840167E-01   -7.186121E-03   -3.250961E-02
    4.854969E-01   -1.963788E-03   -5.571525E-02
    4.869771E-01    1.556820E-03   -7.902860E-02
    4.884573E-01    1.370230E-03   -1.015016E-01
    4.899374E-01   -7.402680E-04   -1.230219E-01
    4.914176E-01   -6.677967E-03   -1.416338E-01
    4.928978E-01   -1.444440E-02   -1.583540E-01
    4.943780E-01   -2.556985E-02   -1.705948E-01
    4.958581E-01   -3.817345E-02   -1.803542E-01
    4.973383E-01   -5.325524E-02   -1.848917E-01
    4.988185E-01   -6.931424E-02   -1.867970E-01
    5.002986E-01   -8.678642E-02   -1.835878E-01
    5.017788E-01   -1.046980E-01   -1.779746E-01
    5.032590E-01   -1.229817E-01   -1.679771E-01
    5.047392E-01   -1.412187E-01   -1.560386E-01
    5.062193E-01   -1.589489E-01   -1.407665E-01
    5.076995E-01   -1.762474E-01   -1.241136E-01
    5.091797E-01   -1.923844E-01   -1.052801E-01
    5.106599E-01   -2.078202E-01   -8.564774E-02
    5.121400E-01   -2.216684E-01   -6.499986E-02
    5.136202E-01   -2.346563E-01   -4.413371E-02
    5.151004E-01   -2.458391E-01   -2.340316E-02
    5.165806E-01   -2.560998E-01   -3.019064E-03
    5.180607E-01   -2.645191E-01    1.614068E-02
    5.195409E-01   -2.720388E-01    3.444220E-02
    5.210211E-01   -2.778390E-01    5.058846E-02
    5.225013E-01   -2.828376E-01    6.547045E-02
    5.239814E-01   -2.863860E-01    7.752393E-02
    5.254616E-01   -2.893045E-01    8.805203E-02
    5.269418E-01   -2.911919E-01    9.538567E-02
    5.284219E-01   -2.926973E-01    1.010891E-01
    5.299021E-01   -2.937425E-01    1.035435E-01
    5.313823E-01   -2.947257E-01    1.044174E-01
    5.328625E-01   -2.959432E-01    1.022976E-01
    5.343426E-01   -2.974612E-01    9.880495E-02
    5.358228E-01   -2.999365E-01    9.289694E-02
    5.373030E-01   -3.030526E-01    8.598513E-02
    5.387832E-01   -3.077183E-01    7.754005E-02
    5.402633E-01   -3.132536E-01    6.858904E-02
    5.417435E-01   -3.206217E-01    5.916634E-02
    5.432237E-01   -3.288991E-01    4.977010E-02
    5.447039E-01   -3.388732E-01    4.089937E-02
    5.461840E-01   -3.495848E-01    3.248512E-02
    5.476642E-01   -3.614687E-01    2.526133E-02
    5.491444E-01   -3.737602E-01    1.871045E-02
    5.506245E-01   -3.864866E-01    1.354097E-02
    5.521047E-01   -3.992451E-01    9.028331E-03
    5.535849E-01   -4.117370E-01    5.686461E-03
    5.550651E-01   -4.239615E-01    2.838258E-03
    5.565452E-01   -4.354600E-01    7.894483E-04
    5.580254E-01   -4.465409E-01   -9.400862E-04
    5.595056E-01   -4.567533E-01   -2.141228E-03
    5.609858E-01   -4.665461E-01   -3.101501E-03
    5.624659E-01   -4.755721E-01   -3.561914E-03
    5.639461E-01   -4.842616E-01   -3.735386E-03
    5.654263E-01   -4.923714E-01   -3.221784E-03
    5.669065E-01   -5.002288E-01   -2.299439E-03
    5.683866E-01   -5.076258E-01   -4.359796E-04
    5.698668E-01   -5.147955E-01    1.944844E-03
    5.713470E-01   -5.214776E-01    5.403564E-03
    5.728271E-01   -5.278825E-01    9.389533E-03
    5.743073E-01   -5.336407E-01    1.432933E-02
    5.757875E-01   -5.390229E-01    1.965475E-02
    5.772677E-01   -5.435468E-01    2.548804E-02
    5.787478E-01   -5.475948E-01    3.140668E-02
    5.802280E-01   -5.506212E-01    3.709748E-02
    5.817082E-01   -5.531192E-01    4.245278E-02
    5.831884E-01   -5.545667E-01    4.666998E-02
    5.846685E-01   -5.555154E-01    5.008452E-02
    5.861487E-01   -5.555675E-01    5.145229E-02
    5.876289E-01   -5.552447E-01    5.160250E-02
    5.891091E-01   -5.543588E-01    4.900995E-02
    5.905892E-01   -5.532997E-01    4.494530E-02
    5.920694E-01   -5.521273E-01    3.786389E-02
    5.935496E-01   -5.510147E-01    2.931037E-02
    5.950298E-01   -5.502356E-01    1.803895E-02
    5.965099E-01   -5.497114E-01    5.598435E-03
    5.979901E-01   -5.498198E-01   -8.659046E-03
    5.994703E-01   -5.502724E-01   -2.350434E-02
    6.009504E-01   -5.513953E-01   -3.879398E-02
    6.024306E-01   -5.528077E-01   -5.391331E-02
    6.039108E-01   -5.546412E-01   -6.789209E-02
    6.053910E-01   -5.565802E-01   -8.091232E-02
    6.068711E-01   -5.584873E-01   -9.129689E-02
    6.083513E-01   -5.602517E-01   -1.000484E-01
    6.098315E-01   -5.614912E-01   -1.050153E-01
    6.113117E-01   -5.623655E-01   -1.078948E-01
    6.127918E-01   -5.623566E-01   -1.063496E-01
    6.142720E-01   -5.618611E-01   -1.025405E-01
    6.157522E-01   -5.603714E-01   -9.425027E-02
    6.172324E-01   -5.584078E-01   -8.381629E-02
    6.187125E-01   -5.556014E-01   -6.942905E-02
    6.201927E-01   -5.524495E-01   -5.329690E-02
    6.216729E-01   -5.487886E-01   -3.425164E-02
    6.231530E-01   -5.449694E-01   -1.408459E-02
    6.246332E-01   -5.410174E-01    7.587865E-03
    6.261134E-01   -5.370767E-01    2.962289E-02
    6.275936E-01   -5.332692E-01    5.158898E-02
    6.290737E-01   -5.295543E-01    7.313122E-02
    6.305539E-01   -5.260086E-01    9.309084E-02
    6.320341E-01   -5.225046E-01    1.119272E-01
    6.335143E-01   -5.189318E-01    1.279488E-01
    6.349944E-01   -5.152202E-01    1.423371E-01
    6.364746E-01   -5.109836E-01    1.531368E-01
    6.379548E-01   -5.063521E-01    1.620493E-01
    6.394350E-01   -5.006723E-01    1.671327E-01
    6.409151E-01   -4.943557E-01    1.703325E-01
    6.423953E-01   -4.865971E-01    1.699176E-01
    6.438755E-01   -4.780711E-01    1.678022E-01
    6.453557E-01   -4.680066E-01    1.625269E-01
    6.468358E-01   -4.572184E-01    1.557921E-01
    6.483160E-01   -4.451645E-01    1.463583E-01
    6.497962E-01   -4.326084E-01    1.356708E-01
    6.512763E-01   -4.193691E-01    1.226447E-01
    6.527565E-01   -4.059669E-01    1.085309E-01
    6.542367E-01   -3.926045E-01    9.242464E-02
    6.557169E-01   -3.794351E-01    7.543807E-02
    6.571970E-01   -3.669528E-01    5.699719E-02
    6.586772E-01   -3.549316E-01    3.802905E-02
    6.601574E-01   -3.439886E-01    1.850746E-02
    6.616376E-01   -3.336201E-01   -9.920501E-04
    6.631177E-01   -3.243897E-01   -1.977088E-02
    6.645979E-01   -3.156874E-01   -3.782631E-02
    6.660781E-01   -3.079067E-01   -5.369698E-02
    6.675583E-01   -3.005044E-01   -6.812207E-02
    6.690384E-01   -2.936879E-01   -7.902571E-02
    6.705186E-01   -2.870874E-01   -8.791183E-02
    6.719988E-01   -2.808013E-01   -9.239933E-02
    6.734789E-01   -2.746386E-01   -9.459202E-02
    6.749591E-01   -2.687100E-01   -9.218577E-02
    6.764393E-01   -2.629188E-01   -8.756386E-02
    6.779195E-01   -2.574860E-01   -7.883833E-02
    6.793996E-01   -2.522878E-01   -6.829131E-02
    6.808798E-01   -2.476779E-01   -5.466191E-02
    6.823600E-01   -2.434154E-01   -3.980440E-02
    6.838402E-01   -2.399227E-01   -2.314934E-02
    6.853203E-01   -2.368299E-01   -5.926615E-03
    6.868005E-01   -2.345134E-01    1.178903E-02
    6.882807E-01   -2.325461E-01    2.944849E-02
    6.897609E-01   -2.311499E-01    4.643930E-02
    6.912410E-01   -2.299566E-01    6.284569E-02
    6.927212E-01   -2.289811E-01    7.764244E-02
    6.942014E-01   -2.280168E-01    9.144384E-02
    6.956816E-01   -2.268883E-01    1.029313E-01
    6.971617E-01   -2.255950E-01    1.131276E-01
    6.986419E-01   -2.238385E-01    1.205261E-01
    7.001221E-01   -2.218010E-01    1.264442E-01
    7.016022E-01   -2.191401E-01    1.292955E-01
    7.030824E-01   -2.161539E-01    1.305937E-01
    7.045626E-01   -2.125181E-01    1.288262E-01
    7.060428E-01   -2.085701E-01    1.255934E-01
    7.075229E-01   -2.040388E-01    1.196736E-01
    7.090031E-01   -1.992424E-01    1.125887E-01
    7.104833E-01   -1.939760E-01    1.036373E-01
    7.119635E-01   -1.885077E-01    9.402691E-02
    7.134436E-01   -1.827079E-01    8.369475E-02
    7.149238E-01   -1.767822E-01    7.329928E-02
    7.164040E-01   -1.706948E-01    6.331794E-02
    7.178842E-01   -1.645779E-01    5.376261E-02
    7.193643E-01   -1.585192E-01    4.535898E-02
    7.208445E-01   -1.525549E-01    3.760423E-02
    7.223247E-01   -1.469201E-01    3.114680E-02
    7.238048E-01   -1.415223E-01    2.527836E-02
    7.252850E-01   -1.367371E-01    2.039180E-02
    7.267652E-01   -1.323201E-01    1.588368E-02
    7.282454E-01   -1.287373E-01    1.192372E-02
    7.297255E-01   -1.256033E-01    8.159175E-03
    7.312057E-01   -1.233906E-01    4.700825E-03
    7.326859E-01   -1.216291E-01    1.392975E-03
    7.341661E-01   -1.207107E-01   -1.545418E-03
    7.356462E-01   -1.201668E-01   -4.235558E-03
    7.371264E-01   -1.202497E-01   -6.263899E-03
    7.386066E-01   -1.205753E-01   -7.871191E-03
    7.400868E-01   -1.212337E-01   -8.465356E-03
    7.415669E-01   -1.219806E-01   -8.483892E-03
    7.430471E-01   -1.227521E-01   -7.267956E-03
    7.445273E-01   -1.234636E-01   -5.429798E-03
    7.460075E-01   -1.239232E-01   -2.422399E-03
    7.474876E-01   -1.241998E-01    1.087731E-03
    7.489678E-01   -1.240190E-01    5.357815E-03
    7.504480E-01   -1.235793E-01    9.853141E-03
    7.519281E-01   -1.225988E-01    1.445212E-02
    7.534083E-01   -1.213584E-01    1.892668E-02
    7.548885E-01   -1.196688E-01    2.282642E-02
    7.563687E-01   -1.178156E-01    2.630273E-02
    7.578488E-01   -1.158033E-01    2.873340E-02
    7.593290E-01   -1.138144E-01    3.058272E-02
    7.608092E-01   -1.120989E-01    3.123198E-02
    7.622894E-01   -1.106336E-01    3.129702E-02
    7.637695E-01   -1.098715E-01    3.027765E-02
    7.652497E-01   -1.095385E-01    2.877486E-02
    7.667299E-01   -1.101492E-01    2.643911E-02
    7.682101E-01   -1.112317E-01    2.375526E-02
    7.696902E-01   -1.131651E-01    2.050671E-02
    7.711704E-01   -1.154314E-01    1.703754E-02
    7.726506E-01   -1.180969E-01    1.324376E-02
    7.741307E-01   -1.207974E-01    9.344422E-03
    7.756109E-01   -1.232003E-01    5.348223E-03
    7.770911E-01   -1.252656E-01    1.362228E-03
    7.785713E-01   -1.262975E-01   -2.483211E-03
    7.800514E-01   -1.266565E-01   -6.198125E-03
    7.815316E-01   -1.254244E-01   -9.535119E-03
    7.830118E-01   -1.233164E-01   -1.262876E-02
    7.844920E-01   -1.193876E-01   -1.513873E-02
    7.859721E-01   -1.145601E-01   -1.731556E-02
    7.874523E-01   -1.080452E-01   -1.876014E-02
    7.889325E-01   -1.007779E-01   -1.981512E-02
    7.904127E-01   -9.224333E-02   -2.006647E-02
    7.918928E-01   -8.321132E-02   -1.991740E-02
    7.933730E-01   -7.347096E-02   -1.900285E-02
    7.948532E-01   -6.351706E-02   -1.774136E-02
    7.963334E-01   -5.339695E-02   -1.589374E-02
    7.978135E-01   -4.330854E-02   -1.382241E-02
    7.992937E-01   -3.347665E-02   -1.146195E-02
    8.007739E-01   -2.385151E-02   -9.037827E-03
    8.022540E-01   -1.476526E-02   -6.633541E-03
    8.037342E-01   -5.999161E-03   -4.297325E-03
    8.052144E-01    2.039986E-03   -2.171867E-03
    8.066946E-01    9.675469E-03   -1.668157E-04
    8.081747E-01    1.642392E-02    1.606253E-03
    8.096549E-01    2.268750E-02    3.280816E-03
    8.111351E-01    2.789661E-02    4.802878E-03
    8.126153E-01    3.253812E-02    6.267545E-03
    8.140954E-01    3.597480E-02    7.635599E-03
    8.155756E-01    3.878444E-02    8.951535E-03
    8.170558E-01    4.032076E-02    1.013069E-02
    8.185360E-01    4.122991E-02    1.121616E-02
    8.200161E-01    4.094600E-02    1.205631E-02
    8.214963E-01    4.011720E-02    1.274697E-02
    8.229765E-01    3.834073E-02    1.309920E-02
    8.244566E-01    3.617684E-02    1.327281E-02
    8.259368E-01    3.343002E-02    1.309334E-02
    8.274170E-01    3.049129E-02    1.275018E-02
    8.288972E-01    2.736194E-02    1.212271E-02
    8.303773E-01    2.422528E-02    1.138054E-02
    8.318575E-01    2.122388E-02    1.046998E-02
    8.333377E-01    1.834894E-02    9.506229E-03
    8.348179E-01    1.581024E-02    8.494901E-03
    8.362980E-01    1.346440E-02    7.486035E-03
    8.377782E-01    1.152354E-02    6.526084E-03
    8.392584E-01    9.782270E-03    5.607679E-03
    8.407386E-01    8.414813E-03    4.796220E-03
    8.422187E-01    7.215315E-03    4.045122E-03
    8.436989E-01    6.307068E-03    3.419421E-03
    8.451791E-01    5.521055E-03    2.854982E-03
    8.466592E-01    4.934781E-03    2.404559E-03
    8.481394E-01    4.428310E-03    2.005072E-03
    8.496196E-01    4.047299E-03    1.693542E-03
    8.510998E-01    3.715013E-03    1.418939E-03
    8.525799E-01    3.458304E-03    1.205001E-03
    8.540601E-01    3.231135E-03    1.015597E-03
    8.555403E-01    3.050682E-03    8.656289E-04
    8.570205E-01    2.889060E-03    7.315568E-04
    8.585006E-01    2.758311E-03    6.234904E-04
    8.599808E-01    2.640366E-03    5.263024E-04
    8.614610E-01    2.543820E-03    4.477629E-04
    8.629412E-01    2.456144E-03    3.773776E-04
    8.644213E-01    2.383041E-03    3.213959E-04
    8.659015E-01    2.315866E-03    2.717571E-04
    8.673817E-01    2.258110E-03    2.331237E-04
    8.688619E-01    2.204074E-03    1.991604E-04
    8.703420E-01    2.155919E-03    1.729024E-04
    8.718222E-01    2.110059E-03    1.497236E-04
    8.733024E-01    2.067874E-03    1.313267E-04
    8.747825E-01    2.027203E-03    1.147407E-04
    8.762627E-01    1.989083E-03    1.008755E-04
    8.777429E-01    1.952098E-03    8.805666E-05
    8.792231E-01    1.917156E-03    7.695054E-05
    8.807032E-01    1.883144E-03    6.660686E-05
    8.821834E-01    1.850844E-03    5.773733E-05
    8.836636E-01    1.819343E-03    4.961186E-05
    8.851438E-01    1.789326E-03    4.298631E-05
    8.866239E-01    1.760012E-03    3.709151E-05
    8.881041E-01    1.732045E-03    3.254251E-05
    8.895843E-01    1.704726E-03    2.857407E-05
    8.910645E-01    1.678659E-03    2.553217E-05
    8.925446E-01    1.653180E-03    2.283156E-05
    8.940248E-01    1.628779E-03    2.058341E-05
    8.955050E-01    1.604859E-03    1.846360E-05
    8.969851E-01    1.581767E-03    1.646911E-05
    8.984653E-01    1.559020E-03    1.450865E-05
    8.999455E-01    1.536861E-03    1.262002E-05
    9.014257E-01    1.514957E-03    1.079073E-05
    9.029058E-01    1.493508E-03    9.160089E-06
    9.043860E-01    1.472289E-03    7.666977E-06
    9.058662E-01    1.451579E-03    6.500580E-06
    9.073464E-01    1.431158E-03    5.505013E-06
    9.088265E-01    1.411394E-03    4.821767E-06
    9.103067E-01    1.391999E-03    4.262903E-06
    9.117869E-01    1.373377E-03    3.868471E-06
    9.132671E-01    1.355142E-03    3.514184E-06
    9.147472E-01    1.337625E-03    3.161118E-06
    9.162274E-01    1.320418E-03    2.780485E-06
    9.177076E-01    1.303724E-03    2.325089E-06
    9.191878E-01    1.287222E-03    1.836645E-06
    9.206679E-01    1.271004E-03    1.316579E-06
    9.221481E-01    1.254902E-03    8.080578E-07
    9.236283E-01    1.239016E-03    3.729806E-07
    9.251084E-01    1.223250E-03   -3.355665E-09
    9.265886E-01    1.207791E-03   -2.380168E-07
    9.280688E-01    1.192530E-03   -4.055304E-07
    9.295490E-01    1.177753E-03   -4.621896E-07
    9.310291E-01    1.163250E-03   -4.846295E-07
    9.325093E-01    1.149312E-03   -4.889603E-07
    9.339895E-01    1.135650E-03   -5.072235E-07
    9.354697E-01    1.122484E-03   -5.846300E-07
    9.369498E-01    1.109521E-03   -6.975838E-07
    9.384300E-01    1.096865E-03   -8.787062E-07
    9.399102E-01    1.084314E-03   -1.082373E-06
    9.413904E-01    1.071909E-03   -1.295444E-06
    9.428705E-01    1.059560E-03   -1.494669E-06
    9.443507E-01    1.047335E-03   -1.632720E-06
    9.458309E-01    1.035202E-03   -1.729601E-06
    9.473110E-01    1.023318E-03   -1.745255E-06
    9.487912E-01    1.011593E-03   -1.727373E-06
    9.502714E-01    1.000257E-03   -1.666861E-06
    9.517516E-01    9.891350E-04   -1.602549E-06
    9.532317E-01    9.784398E-04   -1.562000E-06
    9.547119E-01    9.679378E-04   -1.546065E-06
    9.561921E-01    9.577563E-04   -1.589833E-06
    9.576723E-01    9.476960E-04   -1.661234E-06
    9.591524E-01    9.378004E-04   -1.772578E-06
    9.606326E-01    9.279497E-04   -1.889003E-06
    9.621128E-01    9.181626E-04   -1.990357E-06
    9.635930E-01    9.084108E-04   -2.074320E-06
    9.650731E-01    8.987593E-04   -2.102535E-06
    9.665533E-01    8.891920E-04   -2.101505E-06
    9.680335E-01    8.798592E-04   -2.053577E-06
    9.695137E-01    8.706725E-04   -1.992564E-06
    9.709938E-01    8.618119E-04   -1.930392E-06
    9.724740E-01    8.531172E-04   -1.878816E-06
    9.739542E-01    8.447261E-04   -1.865640E-06
    9.754343E-01    8.364605E-04   -1.875704E-06
    9.769145E-01    8.283799E-04   -1.928432E-06
    9.783947E-01    8.203581E-04   -1.995534E-06
    9.798749E-01    8.124011E-04   -2.072104E-06
    9.813550E-01    8.044609E-04   -2.143686E-06
    9.828352E-01    7.965595E-04   -2.185145E-06
    9.843154E-01    7.886938E-04   -2.205176E-06
    9.857956E-01    7.809491E-04   -2.182007E-06
    9.872757E-01    7.732915E-04   -2.140679E-06
    9.887559E-01    7.658572E-04   -2.078610E-06
    9.902361E-01    7.585508E-04   -2.016681E-06
    9.917163E-01    7.515055E-04   -1.975830E-06
    9.931964E-01    7.445812E-04   -1.950940E-06
    9.946766E-01    7.378542E-04   -1.965447E-06
    9.961568E-01    7.311953E-04   -1.998152E-06
    9.976369E-01    7.246101E-04   -2.053265E-06
    9.991171E-01    7.180431E-04   -2.112345E-06
    1.000597E+00    7.114995E-04   -2.159653E-06
    1.002077E+00    7.049674E-04   -2.193105E-06
    1.003558E+00    6.984836E-04   -2.193925E-06
    1.005038E+00    6.920476E-04   -2.177678E-06
    1.006518E+00    6.857564E-04   -2.133363E-06
    1.007998E+00    6.795571E-04   -2.082904E-06
    1.009478E+00    6.735655E-04   -2.039589E-06
    1.010959E+00    6.676782E-04   -2.008350E-06
    1.012439E+00    6.619764E-04   -2.005741E-06
    1.013919E+00    6.563456E-04   -2.018152E-06
    1.015399E+00    6.508106E-04   -2.059841E-06
    1.016879E+00    6.452999E-04   -2.109166E-06
    1.018359E+00    6.398053E-04   -2.156811E-06
    1.019840E+00    6.343144E-04   -2.196435E-06
    1.021320E+00    6.288380E-04   -2.209055E-06
    1.022800E+00    6.233827E-04   -2.206593E-06
    1.024280E+00    6.180149E-04   -2.176780E-06
    1.025760E+00    6.127128E-04   -2.137542E-06
    1.027240E+00    6.075690E-04   -2.092333E-06
    1.028721E+00    6.025100E-04   -2.052326E-06
    1.030201E+00    5.976147E-04   -2.035648E-06
    1.031681E+00    5.927902E-04   -2.033632E-06
    1.033161E+00    5.880664E-04   -2.058323E-06
    1.034641E+00    5.833700E-04   -2.092127E-06
    1.036121E+00    5.786985E-04   -2.134408E-06
    1.037602E+00    5.740292E-04   -2.173834E-06
    1.039082E+00    5.693613E-04   -2.195417E-06
    1.040562E+00    5.647027E-04   -2.204962E-06
    1.042042E+00    5.600925E-04   -2.189038E-06
    1.043522E+00    5.555254E-04   -2.163923E-06
    1.045003E+00    5.510761E-04   -2.132765E-06
    1.046483E+00    5.466977E-04   -2.103584E-06
    1.047963E+00    5.424647E-04   -2.086606E-06
    1.049443E+00    5.382941E-04   -2.080183E-06
    1.050923E+00    5.342205E-04   -2.097511E-06
    1.052403E+00    5.301784E-04   -2.124913E-06
    1.053884E+00    5.261611E-04   -2.161272E-06
    1.055364E+00    5.221445E-04   -2.196329E-06
    1.056844E+00    5.181239E-04   -2.219754E-06
    1.058324E+00    5.141047E-04   -2.232446E-06
    1.059804E+00    5.101141E-04   -2.220338E-06
    1.061284E+00    5.061543E-04   -2.198566E-06
    1.062765E+00    5.022834E-04   -2.165392E-06
    1.064245E+00    4.984685E-04   -2.130395E-06
    1.065725E+00    4.947768E-04   -2.103872E-06
    1.067205E+00    4.911424E-04   -2.086452E-06
    1.068685E+00    4.875968E-04   -2.091371E-06
    1.070165E+00    4.840780E-04   -2.105788E-06
    1.071646E+00    4.805838E-04   -2.130102E-06
    1.073126E+00    4.770909E-04   -2.156107E-06
    1.074606E+00    4.735894E-04   -2.173802E-06
    1.076086E+00    4.700868E-04   -2.183319E-06
    1.077566E+00    4.665986E-04   -2.175152E-06
    1.079046E+00    4.631313E-04   -2.158187E-06
    1.080527E+00    4.597377E-04   -2.131953E-06
    1.082007E+00    4.563916E-04   -2.105312E-06
    1.083487E+00    4.531474E-04   -2.086952E-06
    1.084967E+00    4.499513E-04   -2.076779E-06
    1.086447E+00    4.468336E-04   -2.087326E-06
    1.087928E+00    4.437430E-04   -2.106997E-06
    1.089408E+00    4.406760E-04   -2.137079E-06
    1.090888E+00    4.376084E-04   -2.170008E-06
    1.092368E+00    4.345317E-04   -2.200803E-06
    1.093848E+00    4.314524E-04   -2.225338E-06
    1.095328E+00    4.283826E-04   -2.231555E-06
    1.096809E+00    4.253310E-04   -2.228514E-06
    1.098289E+00    4.223408E-04   -2.213908E-06
    1.099769E+00    4.193899E-04   -2.199094E-06
    1.101249E+00    4.165278E-04   -2.193180E-06
    1.102729E+00    4.137090E-04   -2.193586E-06
    1.104209E+00    4.109544E-04   -2.207633E-06
    1.105690E+00    4.082189E-04   -2.227118E-06
    1.107170E+00    4.054991E-04   -2.254017E-06
    1.108650E+00    4.027784E-04   -2.282552E-06
    1.110130E+00    4.000458E-04   -2.302631E-06
    1.111610E+00    3.973102E-04   -2.314450E-06
    1.113090E+00    3.945877E-04   -2.308338E-06
    1.114571E+00    3.918829E-04   -2.294515E-06
    1.116051E+00    3.892392E-04   -2.272437E-06
    1.117531E+00    3.866324E-04   -2.249636E-06
    1.119011E+00    3.841010E-04   -2.233253E-06
    1.120491E+00    3.816065E-04   -2.224585E-06
    1.121972E+00    3.791625E-04   -2.234645E-06
    1.123452E+00    3.767317E-04   -2.252411E-06
    1.124932E+00    3.743112E-04   -2.280357E-06
    1.126412E+00    3.718870E-04   -2.308152E-06
    1.127892E+00    3.694524E-04   -2.325699E-06
    1.129372E+00    3.670161E-04   -2.336927E-06
    1.130853E+00    3.645932E-04   -2.333358E-06
    1.132333E+00    3.621894E-04   -2.324385E-06
    1.133813E+00    3.598430E-04   -2.312985E-06
    1.135293E+00    3.575311E-04   -2.301683E-06
    1.136773E+00    3.552873E-04   -2.298960E-06
    1.138253E+00    3.530729E-04   -2.303690E-06
    1.139734E+00    3.508966E-04   -2.320965E-06
    1.141214E+00    3.487267E-04   -2.341890E-06
    1.142694E+00    3.465520E-04   -2.367318E-06
    1.144174E+00    3.443695E-04   -2.391674E-06
    1.145654E+00    3.421769E-04   -2.402565E-06
    1.147134E+00    3.399873E-04   -2.406631E-06
    1.148615E+00    3.378209E-04   -2.401506E-06
    1.150095E+00    3.356753E-04   -2.391592E-06
    1.151575E+00    3.335855E-04   -2.377537E-06
    1.153055E+00    3.315259E-04   -2.366357E-06
    1.154535E+00    3.295216E-04   -2.363718E-06
    1.156016E+00    3.275380E-04   -2.367507E-06
    1.157496E+00    3.255721E-04   -2.382037E-06
    1.158976E+00    3.236043E-04   -2.397635E-06
    1.160456E+00    3.216229E-04   -2.408236E-06
    1.161936E+00    3.196340E-04   -2.414801E-06
    1.163416E+00    3.176424E-04   -2.409617E-06
    1.164897E+00    3.156591E-04   -2.396645E-06
    1.166377E+00    3.137085E-04   -2.373647E-06
    1.167857E+00    3.117807E-04   -2.348448E-06
    1.169337E+00    3.099069E-04   -2.326015E-06
    1.170817E+00    3.080588E-04   -2.309542E-06
    1.172297E+00    3.062473E-04   -2.306596E-06
    1.173778E+00    3.044470E-04   -2.306740E-06
    1.175258E+00    3.026501E-04   -2.312699E-06
    1.176738E+00    3.008473E-04   -2.320710E-06
    1.178218E+00    2.990312E-04   -2.321077E-06
    1.179698E+00    2.972123E-04   -2.315476E-06
    1.181178E+00    2.954015E-04   -2.296818E-06
    1.182659E+00    2.936041E-04   -2.272822E-06
    1.184139E+00    2.918510E-04   -2.243167E-06
    1.185619E+00    2.901232E-04   -2.214322E-06
    1.187099E+00    2.884420E-04   -2.193771E-06
    1.188579E+00    2.867783E-04   -2.178908E-06
    1.190060E+00    2.851343E-04   -2.177743E-06
    1.191540E+00    2.834917E-04   -2.178833E-06
    1.193020E+00    2.818364E-04   -2.180321E-06
    1.194500E+00    2.801737E-04   -2.180079E-06
    1.195980E+00    2.785050E-04   -2.169667E-06
    1.197460E+00    2.768411E-04   -2.153437E-06
    1.198941E+00    2.752028E-04   -2.128695E-06
    1.200421E+00    2.735822E-04   -2.104098E-06
    1.201901E+00    2.720067E-04   -2.082165E-06
    1.203381E+00    2.704541E-04   -2.063839E-06
    1.204861E+00    2.689326E-04   -2.059527E-06
    1.206341E+00    2.674167E-04   -2.061126E-06
    1.207822E+00    2.658958E-04   -2.067963E-06
    1.209302E+00    2.643672E-04   -2.076303E-06
    1.210782E+00    2.628278E-04   -2.079495E-06
    1.212262E+00    2.612880E-04   -2.077157E-06
    1.213742E+00    2.597553E-04   -2.067257E-06
    1.215222E+00    2.582357E-04   -2.054143E-06
    1.216703E+00    2.567511E-04   -2.040992E-06
    1.218183E+00    2.552880E-04   -2.032079E-06
    1.219663E+00    2.538662E-04   -2.028751E-06
    1.221143E+00    2.524559E-04   -2.028540E-06
    1.222623E+00    2.510527E-04   -2.037541E-06
    1.224103E+00    2.496462E-04   -2.049911E-06
    1.225584E+00    2.482290E-04   -2.058282E-06
    1.227064E+00    2.468072E-04   -2.060877E-06
    1.228544E+00    2.453873E-04   -2.055035E-06
    1.230024E+00    2.439746E-04   -2.044079E-06
    1.231504E+00    2.425929E-04   -2.024695E-06
    1.232985E+00    2.412313E-04   -2.004811E-06
    1.234465E+00    2.399091E-04   -1.990899E-06
    1.235945E+00    2.385997E-04   -1.983230E-06
    1.237425E+00    2.372981E-04   -1.987090E-06
    1.238905E+00    2.359964E-04   -1.993730E-06
    1.240385E+00    2.346829E-04   -2.001163E-06
    1.241866E+00    2.333610E-04   -2.006352E-06
    1.243346E+00    2.320315E-04   -2.002523E-06
    1.244826E+00    2.307064E-04   -1.993412E-06
    1.246306E+00    2.294069E-04   -1.980055E-06
    1.247786E+00    2.281255E-04   -1.967493E-06
    1.249266E+00    2.268808E-04   -1.962213E-06
    1.250747E+00    2.256498E-04   -1.962176E-06
    1.252227E+00    2.244343E-04   -1.972321E-06
    1.253707E+00    2.232192E-04   -1.988217E-06
    1.255187E+00    2.219922E-04   -2.006844E-06
    1.256667E+00    2.207590E-04   -2.021843E-06
    1.258147E+00    2.195168E-04   -2.028161E-06
    1.259628E+00    2.182770E-04   -2.030477E-06
    1.261108E+00    2.170599E-04   -2.023519E-06
    1.262588E+00    2.158595E-04   -2.012613E-06
    1.264068E+00    2.146985E-04   -2.004435E-06
    1.265548E+00    2.135520E-04   -2.001597E-06
    1.267029E+00    2.124202E-04   -2.009266E-06
    1.268509E+00    2.112884E-04   -2.020504E-06
    1.269989E+00    2.101447E-04   -2.028009E-06
    1.271469E+00    2.089928E-04   -2.032247E-06
    1.272949E+00    2.078311E-04   -2.028836E-06
    1.274429E+00    2.066724E-04   -2.019590E-06
    1.275910E+00    2.055337E-04   -2.007211E-06
    1.277390E+00    2.044102E-04   -1.993659E-06
    1.278870E+00    2.033133E-04   -1.983063E-06
    1.280350E+00    2.022272E-04   -1.979901E-06
    1.281830E+00    2.011493E-04   -1.988859E-06
    1.283310E+00    2.000674E-04   -2.002410E-06
    1.284791E+00    1.989741E-04   -2.019687E-06
    1.286271E+00    1.978740E-04   -2.035184E-06
    1.287751E+00    1.967674E-04   -2.038990E-06
    1.289231E+00    1.956675E-04   -2.037607E-06
    1.290711E+00    1.945881E-04   -2.030494E-06
    1.292191E+00    1.935239E-04   -2.023045E-06
    1.293672E+00    1.924894E-04   -2.020537E-06
    1.295152E+00    1.914644E-04   -2.021553E-06
    1.296632E+00    1.904493E-04   -2.032903E-06
    1.298112E+00    1.896017E-04   -2.044006E-06
    1.299592E+00    1.894311E-04   -2.046134E-06
