   -2.414163E+00   -1.354328E-09    5.297723E-11
   -2.412683E+00   -8.806806E-09   -1.280951E-10
   -2.411203E+00   -1.789096E-08   -7.254737E-10
   -2.409722E+00   -2.597527E-08   -2.159965E-09
   -2.408242E+00   -3.299022E-08   -3.797320E-09
   -2.406762E+00   -3.758816E-08   -5.251037E-09
   -2.405282E+00   -4.131625E-08   -6.356418E-09
   -2.403802E+00   -4.465689E-08   -6.532060E-09
   -2.402322E+00   -4.854926E-08   -6.310845E-09
   -2.400841E+00   -5.459411E-08   -5.740391E-09
   -2.399361E+00   -6.181762E-08   -5.281559E-09
   -2.397881E+00   -7.068820E-08   -5.523434E-09
   -2.396401E+00   -7.971204E-08   -6.217397E-09
   -2.394921E+00   -8.759704E-08   -7.672970E-09
   -2.393441E+00   -9.441590E-08   -9.293721E-09
   -2.391960E+00   -9.893316E-08   -1.068997E-08
   -2.390480E+00   -1.026524E-07   -1.174089E-08
   -2.389000E+00   -1.060771E-07   -1.190182E-08
   -2.387520E+00   -1.100553E-07   -1.168803E-08
   -2.386040E+00   -1.161165E-07   -1.114574E-08
   -2.384560E+00   -1.233145E-07   -1.070772E-08
   -2.383079E+00   -1.321265E-07   -1.092986E-08
   -2.381599E+00   -1.411183E-07   -1.158355E-08
   -2.380119E+00   -1.490930E-07   -1.298493E-08
   -2.378639E+00   -1.560659E-07   -1.456584E-08
   -2.377159E+00   -1.607957E-07   -1.598719E-08
   -2.375678E+00   -1.646959E-07   -1.710005E-08
   -2.374198E+00   -1.681199E-07   -1.736825E-08
   -2.372718E+00   -1.719793E-07   -1.725602E-08
   -2.371238E+00   -1.777327E-07   -1.674245E-08
   -2.369758E+00   -1.846000E-07   -1.627775E-08
   -2.368278E+00   -1.932255E-07   -1.636757E-08
   -2.366797E+00   -2.021811E-07   -1.686165E-08
   -2.365317E+00   -2.104727E-07   -1.812977E-08
   -2.363837E+00   -2.178947E-07   -1.963103E-08
   -2.362357E+00   -2.231312E-07   -2.112721E-08
   -2.360877E+00   -2.274403E-07   -2.238703E-08
   -2.359397E+00   -2.308757E-07   -2.287665E-08
   -2.357916E+00   -2.345144E-07   -2.296986E-08
   -2.356436E+00   -2.396903E-07   -2.252698E-08
   -2.354956E+00   -2.459296E-07   -2.203634E-08
   -2.353476E+00   -2.541425E-07   -2.191770E-08
   -2.351996E+00   -2.629242E-07   -2.215185E-08
   -2.350516E+00   -2.716202E-07   -2.318040E-08
   -2.349035E+00   -2.796821E-07   -2.451474E-08
   -2.347555E+00   -2.857396E-07   -2.607001E-08
   -2.346075E+00   -2.907736E-07   -2.750333E-08
   -2.344595E+00   -2.944160E-07   -2.831331E-08
   -2.343115E+00   -2.979240E-07   -2.872969E-08
   -2.341634E+00   -3.023709E-07   -2.846487E-08
   -2.340154E+00   -3.077300E-07   -2.802729E-08
   -2.338674E+00   -3.151820E-07   -2.769177E-08
   -2.337194E+00   -3.234632E-07   -2.761112E-08
   -2.335714E+00   -3.324167E-07   -2.827439E-08
   -2.334234E+00   -3.411048E-07   -2.930297E-08
   -2.332753E+00   -3.482462E-07   -3.080811E-08
   -2.331273E+00   -3.543674E-07   -3.234638E-08
   -2.329793E+00   -3.586333E-07   -3.351995E-08
   -2.328313E+00   -3.623687E-07   -3.435688E-08
   -2.326833E+00   -3.661803E-07   -3.443640E-08
   -2.325353E+00   -3.705838E-07   -3.422019E-08
   -2.323872E+00   -3.768888E-07   -3.377011E-08
   -2.322392E+00   -3.841936E-07   -3.341766E-08
   -2.320912E+00   -3.929482E-07   -3.362151E-08
   -2.319432E+00   -4.019202E-07   -3.419318E-08
   -2.317952E+00   -4.101797E-07   -3.544383E-08
   -2.316472E+00   -4.176287E-07   -3.689759E-08
   -2.314991E+00   -4.230760E-07   -3.835600E-08
   -2.313511E+00   -4.276535E-07   -3.961574E-08
   -2.312031E+00   -4.313056E-07   -4.020482E-08
   -2.310551E+00   -4.350467E-07   -4.042988E-08
   -2.309071E+00   -4.400092E-07   -4.010187E-08
   -2.307591E+00   -4.459101E-07   -3.967136E-08
   -2.306110E+00   -4.537526E-07   -3.944433E-08
   -2.304630E+00   -4.622940E-07   -3.948926E-08
   -2.303150E+00   -4.712555E-07   -4.024683E-08
   -2.301670E+00   -4.798764E-07   -4.133448E-08
   -2.300190E+00   -4.869356E-07   -4.282647E-08
   -2.298709E+00   -4.930199E-07   -4.433061E-08
   -2.297229E+00   -4.973728E-07   -4.547237E-08
   -2.295749E+00   -5.012355E-07   -4.629633E-08
   -2.294269E+00   -5.051669E-07   -4.640960E-08
   -2.292789E+00   -5.096449E-07   -4.623991E-08
   -2.291309E+00   -5.159053E-07   -4.582119E-08
   -2.289828E+00   -5.231299E-07   -4.547264E-08
   -2.288348E+00   -5.318429E-07   -4.560719E-08
   -2.286868E+00   -5.408563E-07   -4.608056E-08
   -2.285388E+00   -5.494070E-07   -4.722201E-08
   -2.283908E+00   -5.572686E-07   -4.859296E-08
   -2.282428E+00   -5.632586E-07   -5.007711E-08
   -2.280947E+00   -5.683490E-07   -5.142833E-08
   -2.279467E+00   -5.722504E-07   -5.221530E-08
   -2.277987E+00   -5.760383E-07   -5.265621E-08
   -2.276507E+00   -5.806263E-07   -5.248508E-08
   -2.275027E+00   -5.860086E-07   -5.213879E-08
   -2.273547E+00   -5.932986E-07   -5.180499E-08
   -2.272066E+00   -6.014213E-07   -5.165515E-08
   -2.270586E+00   -6.104790E-07   -5.211808E-08
   -2.269106E+00   -6.195044E-07   -5.291996E-08
   -2.267626E+00   -6.274914E-07   -5.426821E-08
   -2.266146E+00   -6.346277E-07   -5.574492E-08
   -2.264665E+00   -6.399009E-07   -5.711504E-08
   -2.263185E+00   -6.444328E-07   -5.826589E-08
   -2.261705E+00   -6.482906E-07   -5.877482E-08
   -2.260225E+00   -6.523117E-07   -5.895485E-08
   -2.258745E+00   -6.575652E-07   -5.865190E-08
   -2.257265E+00   -6.637109E-07   -5.826365E-08
   -2.255784E+00   -6.716831E-07   -5.806303E-08
   -2.254304E+00   -6.803295E-07   -5.810705E-08
   -2.252824E+00   -6.894651E-07   -5.880150E-08
   -2.251344E+00   -6.983490E-07   -5.980978E-08
   -2.249864E+00   -7.058866E-07   -6.124675E-08
   -2.248384E+00   -7.125236E-07   -6.273847E-08
   -2.246903E+00   -7.174164E-07   -6.399006E-08
   -2.245423E+00   -7.217111E-07   -6.498092E-08
   -2.243943E+00   -7.256925E-07   -6.531708E-08
   -2.242463E+00   -7.300016E-07   -6.535185E-08
   -2.240983E+00   -7.357522E-07   -6.500460E-08
   -2.239503E+00   -7.424165E-07   -6.462910E-08
   -2.238022E+00   -7.507878E-07   -6.453535E-08
   -2.236542E+00   -7.597171E-07   -6.471145E-08
   -2.235062E+00   -7.688662E-07   -6.553567E-08
   -2.233582E+00   -7.776498E-07   -6.664947E-08
   -2.232102E+00   -7.849594E-07   -6.811564E-08
   -2.230621E+00   -7.913658E-07   -6.959666E-08
   -2.229141E+00   -7.961313E-07   -7.077682E-08
   -2.227661E+00   -8.003831E-07   -7.168275E-08
   -2.226181E+00   -8.044999E-07   -7.194369E-08
   -2.224701E+00   -8.090137E-07   -7.192233E-08
   -2.223221E+00   -8.150355E-07   -7.157006E-08
   -2.221740E+00   -8.219655E-07   -7.121305E-08
   -2.220260E+00   -8.305323E-07   -7.116796E-08
   -2.218780E+00   -8.396085E-07   -7.139661E-08
   -2.217300E+00   -8.488160E-07   -7.226132E-08
   -2.215820E+00   -8.576304E-07   -7.340385E-08
   -2.214340E+00   -8.649579E-07   -7.487449E-08
   -2.212859E+00   -8.713926E-07   -7.635203E-08
   -2.211379E+00   -8.762210E-07   -7.752551E-08
   -2.209899E+00   -8.805491E-07   -7.842871E-08
   -2.208419E+00   -8.847470E-07   -7.869948E-08
   -2.206939E+00   -8.893320E-07   -7.869236E-08
   -2.205459E+00   -8.953934E-07   -7.835290E-08
   -2.203978E+00   -9.023511E-07   -7.800193E-08
   -2.202498E+00   -9.109498E-07   -7.794095E-08
   -2.201018E+00   -9.200796E-07   -7.814266E-08
   -2.199538E+00   -9.294191E-07   -7.896796E-08
   -2.198058E+00   -9.384124E-07   -8.007357E-08
   -2.196577E+00   -9.459974E-07   -8.153250E-08
   -2.195097E+00   -9.527055E-07   -8.301899E-08
   -2.193617E+00   -9.577718E-07   -8.424819E-08
   -2.192137E+00   -9.622853E-07   -8.522596E-08
   -2.190657E+00   -9.665145E-07   -8.558605E-08
   -2.189177E+00   -9.710488E-07   -8.566001E-08
   -2.187696E+00   -9.769331E-07   -8.535445E-08
   -2.186216E+00   -9.836908E-07   -8.500357E-08
   -2.184736E+00   -9.921494E-07   -8.487200E-08
   -2.183256E+00   -1.001220E-06   -8.497625E-08
   -2.181776E+00   -1.010729E-06   -8.568425E-08
   -2.180296E+00   -1.020012E-06   -8.668415E-08
   -2.178815E+00   -1.028070E-06   -8.810158E-08
   -2.177335E+00   -1.035288E-06   -8.959236E-08
   -2.175855E+00   -1.040795E-06   -9.092220E-08
   -2.174375E+00   -1.045649E-06   -9.203802E-08
   -2.172895E+00   -1.049925E-06   -9.256691E-08
   -2.171415E+00   -1.054350E-06   -9.279704E-08
   -2.169934E+00   -1.059877E-06   -9.256928E-08
   -2.168454E+00   -1.066220E-06   -9.223931E-08
   -2.166974E+00   -1.074325E-06   -9.200769E-08
   -2.165494E+00   -1.083157E-06   -9.196350E-08
   -2.164014E+00   -1.092781E-06   -9.247697E-08
   -2.162534E+00   -1.102372E-06   -9.329205E-08
   -2.161053E+00   -1.111065E-06   -9.460856E-08
   -2.159573E+00   -1.119004E-06   -9.606375E-08
   -2.158093E+00   -1.125203E-06   -9.750450E-08
   -2.156613E+00   -1.130630E-06   -9.879385E-08
   -2.155133E+00   -1.135086E-06   -9.956641E-08
   -2.153652E+00   -1.139464E-06   -1.000372E-07
   -2.152172E+00   -1.144535E-06   -9.996571E-08
   -2.150692E+00   -1.150296E-06   -9.971998E-08
   -2.149212E+00   -1.157792E-06   -9.940311E-08
   -2.147732E+00   -1.166125E-06   -9.919717E-08
   -2.146252E+00   -1.175667E-06   -9.945109E-08
   -2.144771E+00   -1.185439E-06   -9.999846E-08
   -2.143291E+00   -1.194811E-06   -1.011196E-07
   -2.141811E+00   -1.203604E-06   -1.024528E-07
   -2.140331E+00   -1.210767E-06   -1.039599E-07
   -2.138851E+00   -1.217074E-06   -1.054080E-07
   -2.137371E+00   -1.221998E-06   -1.064744E-07
   -2.135890E+00   -1.226561E-06   -1.072637E-07
   -2.134410E+00   -1.231235E-06   -1.074591E-07
   -2.132930E+00   -1.236369E-06   -1.074087E-07
   -2.131450E+00   -1.243016E-06   -1.070855E-07
   -2.129970E+00   -1.250541E-06   -1.067670E-07
   -2.128490E+00   -1.259652E-06   -1.067365E-07
   -2.127009E+00   -1.269285E-06   -1.069550E-07
   -2.125529E+00   -1.279182E-06   -1.077644E-07
   -2.124049E+00   -1.288790E-06   -1.088472E-07
   -2.122569E+00   -1.297122E-06   -1.103059E-07
   -2.121089E+00   -1.304618E-06   -1.118235E-07
   -2.119608E+00   -1.310435E-06   -1.131733E-07
   -2.118128E+00   -1.315608E-06   -1.143160E-07
   -2.116648E+00   -1.320181E-06   -1.148943E-07
   -2.115168E+00   -1.324869E-06   -1.151812E-07
   -2.113688E+00   -1.330565E-06   -1.150029E-07
   -2.112208E+00   -1.337041E-06   -1.147044E-07
   -2.110727E+00   -1.345272E-06   -1.144449E-07
   -2.109247E+00   -1.354278E-06   -1.143395E-07
   -2.107767E+00   -1.364277E-06   -1.147397E-07
   -2.106287E+00   -1.374382E-06   -1.154339E-07
   -2.104807E+00   -1.383873E-06   -1.166649E-07
   -2.103327E+00   -1.392716E-06   -1.180780E-07
   -2.101846E+00   -1.399882E-06   -1.196009E-07
   -2.100366E+00   -1.406211E-06   -1.210386E-07
   -2.098886E+00   -1.411251E-06   -1.220648E-07
   -2.097406E+00   -1.415986E-06   -1.228111E-07
   -2.095926E+00   -1.420929E-06   -1.229775E-07
   -2.094446E+00   -1.426364E-06   -1.229097E-07
   -2.092965E+00   -1.433339E-06   -1.225902E-07
   -2.091485E+00   -1.441193E-06   -1.222814E-07
   -2.090005E+00   -1.450628E-06   -1.222609E-07
   -2.088525E+00   -1.460591E-06   -1.224854E-07
   -2.087045E+00   -1.470851E-06   -1.232923E-07
   -2.085564E+00   -1.480850E-06   -1.243722E-07
   -2.084084E+00   -1.489624E-06   -1.258412E-07
   -2.082604E+00   -1.497573E-06   -1.273834E-07
   -2.081124E+00   -1.503821E-06   -1.287967E-07
   -2.079644E+00   -1.509381E-06   -1.300219E-07
   -2.078164E+00   -1.514196E-06   -1.307073E-07
   -2.076683E+00   -1.519037E-06   -1.311009E-07
   -2.075203E+00   -1.524722E-06   -1.309966E-07
   -2.073723E+00   -1.531132E-06   -1.307411E-07
   -2.072243E+00   -1.539290E-06   -1.304451E-07
   -2.070763E+00   -1.548280E-06   -1.302635E-07
   -2.069283E+00   -1.558488E-06   -1.305296E-07
   -2.067802E+00   -1.568951E-06   -1.310799E-07
   -2.066322E+00   -1.579110E-06   -1.321970E-07
   -2.064842E+00   -1.588743E-06   -1.335353E-07
   -2.063362E+00   -1.596814E-06   -1.350967E-07
   -2.061882E+00   -1.604019E-06   -1.366357E-07
   -2.060402E+00   -1.609699E-06   -1.378714E-07
   -2.058921E+00   -1.614887E-06   -1.388590E-07
   -2.057441E+00   -1.619844E-06   -1.392647E-07
   -2.055961E+00   -1.625090E-06   -1.393999E-07
   -2.054481E+00   -1.631601E-06   -1.391517E-07
   -2.053001E+00   -1.638955E-06   -1.388320E-07
   -2.051520E+00   -1.648061E-06   -1.386391E-07
   -2.050040E+00   -1.657889E-06   -1.386307E-07
   -2.048560E+00   -1.668550E-06   -1.391542E-07
   -2.047080E+00   -1.679235E-06   -1.399689E-07
   -2.045600E+00   -1.689175E-06   -1.412937E-07
   -2.044120E+00   -1.698427E-06   -1.427835E-07
   -2.042639E+00   -1.705970E-06   -1.443541E-07
   -2.041159E+00   -1.712673E-06   -1.458316E-07
   -2.039679E+00   -1.718087E-06   -1.468951E-07
   -2.038199E+00   -1.723187E-06   -1.476814E-07
   -2.036719E+00   -1.728459E-06   -1.478903E-07
   -2.035239E+00   -1.734200E-06   -1.478603E-07
   -2.033758E+00   -1.741453E-06   -1.475526E-07
   -2.032278E+00   -1.749594E-06   -1.472353E-07
   -2.030798E+00   -1.759407E-06   -1.471599E-07
   -2.029318E+00   -1.769831E-06   -1.473108E-07
   -2.027838E+00   -1.780774E-06   -1.480305E-07
   -2.026358E+00   -1.791574E-06   -1.490340E-07
   -2.024877E+00   -1.801343E-06   -1.504870E-07
   -2.023397E+00   -1.810333E-06   -1.520594E-07
   -2.021917E+00   -1.817570E-06   -1.536104E-07
   -2.020437E+00   -1.824012E-06   -1.550227E-07
   -2.018957E+00   -1.829365E-06   -1.559582E-07
   -2.017476E+00   -1.834536E-06   -1.566052E-07
   -2.015996E+00   -1.840147E-06   -1.566939E-07
   -2.014516E+00   -1.846338E-06   -1.565709E-07
   -2.013036E+00   -1.854174E-06   -1.562463E-07
   -2.011556E+00   -1.862910E-06   -1.559522E-07
   -2.010076E+00   -1.873237E-06   -1.559692E-07
   -2.008595E+00   -1.884095E-06   -1.562346E-07
   -2.007115E+00   -1.895268E-06   -1.570820E-07
   -2.005635E+00   -1.906197E-06   -1.582043E-07
   -2.004155E+00   -1.915934E-06   -1.597332E-07
   -2.002675E+00   -1.924848E-06   -1.613528E-07
   -2.001195E+00   -1.931996E-06   -1.628920E-07
   -1.999714E+00   -1.938381E-06   -1.642677E-07
   -1.998234E+00   -1.943796E-06   -1.651362E-07
   -1.996754E+00   -1.949100E-06   -1.657120E-07
   -1.995274E+00   -1.954986E-06   -1.657435E-07
   -1.993794E+00   -1.961508E-06   -1.655784E-07
   -1.992314E+00   -1.969740E-06   -1.652503E-07
   -1.990833E+00   -1.978879E-06   -1.649721E-07
   -1.989353E+00   -1.989575E-06   -1.650358E-07
   -1.987873E+00   -2.000769E-06   -1.653575E-07
   -1.986393E+00   -2.012196E-06   -1.662664E-07
   -1.984913E+00   -2.023339E-06   -1.674467E-07
   -1.983433E+00   -2.033227E-06   -1.690183E-07
   -1.981952E+00   -2.042271E-06   -1.706713E-07
   -1.980472E+00   -2.049534E-06   -1.722254E-07
   -1.978992E+00   -2.056038E-06   -1.736091E-07
   -1.977512E+00   -2.061587E-06   -1.744765E-07
   -1.976032E+00   -2.067037E-06   -1.750493E-07
   -1.974551E+00   -2.073092E-06   -1.750771E-07
   -1.973071E+00   -2.079793E-06   -1.749083E-07
   -1.971591E+00   -2.088228E-06   -1.745764E-07
   -1.970111E+00   -2.097582E-06   -1.742936E-07
   -1.968631E+00   -2.108525E-06   -1.743511E-07
   -1.967151E+00   -2.119984E-06   -1.746665E-07
   -1.965670E+00   -2.131718E-06   -1.755727E-07
   -1.964190E+00   -2.143186E-06   -1.767548E-07
   -1.962710E+00   -2.153422E-06   -1.783430E-07
   -1.961230E+00   -2.162815E-06   -1.800222E-07
   -1.959750E+00   -2.170396E-06   -1.816235E-07
   -1.958270E+00   -2.177187E-06   -1.830633E-07
   -1.956789E+00   -2.182935E-06   -1.839968E-07
   -1.955309E+00   -2.188536E-06   -1.846346E-07
   -1.953829E+00   -2.194648E-06   -1.847111E-07
   -1.952349E+00   -2.201374E-06   -1.845765E-07
   -1.950869E+00   -2.209812E-06   -1.842404E-07
   -1.949389E+00   -2.219188E-06   -1.839334E-07
   -1.947908E+00   -2.230247E-06   -1.839328E-07
   -1.946428E+00   -2.241891E-06   -1.841801E-07
   -1.944948E+00   -2.253972E-06   -1.850181E-07
   -1.943468E+00   -2.265865E-06   -1.861430E-07
   -1.941988E+00   -2.276644E-06   -1.877162E-07
   -1.940507E+00   -2.286604E-06   -1.894082E-07
   -1.939027E+00   -2.294720E-06   -1.910820E-07
   -1.937547E+00   -2.301989E-06   -1.926202E-07
   -1.936067E+00   -2.308035E-06   -1.936851E-07
   -1.934587E+00   -2.313824E-06   -1.944570E-07
   -1.933107E+00   -2.319911E-06   -1.946423E-07
   -1.931626E+00   -2.326527E-06   -1.945897E-07
   -1.930146E+00   -2.334771E-06   -1.942627E-07
   -1.928666E+00   -2.343963E-06   -1.939252E-07
   -1.927186E+00   -2.354968E-06   -1.938241E-07
   -1.925706E+00   -2.366670E-06   -1.939474E-07
   -1.924226E+00   -2.379085E-06   -1.946487E-07
   -1.922745E+00   -2.391453E-06   -1.956495E-07
   -1.921265E+00   -2.402937E-06   -1.971596E-07
   -1.919785E+00   -2.413669E-06   -1.988322E-07
   -1.918305E+00   -2.422563E-06   -2.005846E-07
   -1.916825E+00   -2.430544E-06   -2.022468E-07
   -1.915345E+00   -2.437053E-06   -2.035010E-07
   -1.913864E+00   -2.443144E-06   -2.044751E-07
   -1.912384E+00   -2.449191E-06   -2.048416E-07
   -1.910904E+00   -2.455620E-06   -2.049372E-07
   -1.909424E+00   -2.463488E-06   -2.046581E-07
   -1.907944E+00   -2.472283E-06   -2.043102E-07
   -1.906463E+00   -2.483010E-06   -2.040871E-07
   -1.904983E+00   -2.494568E-06   -2.040461E-07
   -1.903503E+00   -2.507210E-06   -2.045420E-07
   -1.902023E+00   -2.520009E-06   -2.053436E-07
   -1.900543E+00   -2.532295E-06   -2.067195E-07
   -1.899063E+00   -2.543959E-06   -2.083119E-07
   -1.897582E+00   -2.553884E-06   -2.101168E-07
   -1.896102E+00   -2.562851E-06   -2.118983E-07
   -1.894622E+00   -2.570083E-06   -2.133809E-07
   -1.893142E+00   -2.576696E-06   -2.146153E-07
   -1.891662E+00   -2.582803E-06   -2.152456E-07
   -1.890182E+00   -2.589071E-06   -2.155756E-07
   -1.888701E+00   -2.596439E-06   -2.154179E-07
   -1.887221E+00   -2.604648E-06   -2.151179E-07
   -1.885741E+00   -2.614828E-06   -2.147877E-07
   -1.884261E+00   -2.625961E-06   -2.145727E-07
   -1.882781E+00   -2.638597E-06   -2.148069E-07
   -1.881301E+00   -2.651648E-06   -2.153347E-07
   -1.879820E+00   -2.664708E-06   -2.164827E-07
   -1.878340E+00   -2.677363E-06   -2.179020E-07
   -1.876860E+00   -2.688540E-06   -2.196890E-07
   -1.875380E+00   -2.698778E-06   -2.215394E-07
   -1.873900E+00   -2.707079E-06   -2.232527E-07
   -1.872419E+00   -2.714559E-06   -2.247774E-07
   -1.870939E+00   -2.720986E-06   -2.257514E-07
   -1.869459E+00   -2.727279E-06   -2.264128E-07
   -1.867979E+00   -2.734146E-06   -2.264864E-07
   -1.866499E+00   -2.741673E-06   -2.263380E-07
   -1.865019E+00   -2.751037E-06   -2.259687E-07
   -1.863538E+00   -2.761419E-06   -2.256206E-07
   -1.862058E+00   -2.773681E-06   -2.255709E-07
   -1.860578E+00   -2.786640E-06   -2.257719E-07
   -1.859098E+00   -2.800261E-06   -2.265891E-07
   -1.857618E+00   -2.813791E-06   -2.277178E-07
   -1.856138E+00   -2.826328E-06   -2.293668E-07
   -1.854657E+00   -2.838054E-06   -2.311790E-07
   -1.853177E+00   -2.847815E-06   -2.330658E-07
   -1.851697E+00   -2.856599E-06   -2.348573E-07
   -1.850217E+00   -2.863787E-06   -2.362253E-07
   -1.848737E+00   -2.870498E-06   -2.373022E-07
   -1.847257E+00   -2.877074E-06   -2.377403E-07
   -1.845776E+00   -2.884006E-06   -2.378872E-07
   -1.844296E+00   -2.892383E-06   -2.376110E-07
   -1.842816E+00   -2.901727E-06   -2.372403E-07
   -1.841336E+00   -2.913160E-06   -2.369484E-07
   -1.839856E+00   -2.925539E-06   -2.368231E-07
   -1.838376E+00   -2.939280E-06   -2.372276E-07
   -1.836895E+00   -2.953322E-06   -2.379494E-07
   -1.835415E+00   -2.967103E-06   -2.393014E-07
   -1.833935E+00   -2.980346E-06   -2.409121E-07
   -1.832455E+00   -2.991890E-06   -2.428379E-07
   -1.830975E+00   -3.002421E-06   -2.447927E-07
   -1.829494E+00   -3.010956E-06   -2.465377E-07
   -1.828014E+00   -3.018681E-06   -2.480616E-07
   -1.826534E+00   -3.025453E-06   -2.489866E-07
   -1.825054E+00   -3.032165E-06   -2.495856E-07
   -1.823574E+00   -3.039620E-06   -2.495923E-07
   -1.822094E+00   -3.047820E-06   -2.493842E-07
   -1.820613E+00   -3.058006E-06   -2.489841E-07
   -1.819133E+00   -3.069267E-06   -2.486237E-07
   -1.817653E+00   -3.082480E-06   -2.486005E-07
   -1.816173E+00   -3.096406E-06   -2.488463E-07
   -1.814693E+00   -3.110987E-06   -2.497393E-07
   -1.813213E+00   -3.125456E-06   -2.509557E-07
   -1.811732E+00   -3.138866E-06   -2.527093E-07
   -1.810252E+00   -3.151419E-06   -2.546309E-07
   -1.808772E+00   -3.161902E-06   -2.566304E-07
   -1.807292E+00   -3.171349E-06   -2.585326E-07
   -1.805812E+00   -3.179082E-06   -2.600001E-07
   -1.804332E+00   -3.186283E-06   -2.611666E-07
   -1.802851E+00   -3.193261E-06   -2.616661E-07
   -1.801371E+00   -3.200571E-06   -2.618563E-07
   -1.799891E+00   -3.209327E-06   -2.615821E-07
   -1.798411E+00   -3.219081E-06   -2.611926E-07
   -1.796931E+00   -3.231049E-06   -2.608459E-07
   -1.795450E+00   -3.244052E-06   -2.606541E-07
   -1.793970E+00   -3.258634E-06   -2.609870E-07
   -1.792490E+00   -3.273628E-06   -2.616462E-07
   -1.791010E+00   -3.288561E-06   -2.629766E-07
   -1.789530E+00   -3.303024E-06   -2.645962E-07
   -1.788050E+00   -3.315835E-06   -2.666051E-07
   -1.786569E+00   -3.327603E-06   -2.686812E-07
   -1.785089E+00   -3.337203E-06   -2.706144E-07
   -1.783609E+00   -3.345863E-06   -2.723486E-07
   -1.782129E+00   -3.353248E-06   -2.734955E-07
   -1.780649E+00   -3.360409E-06   -2.743031E-07
   -1.779169E+00   -3.368029E-06   -2.744537E-07
   -1.777688E+00   -3.376301E-06   -2.743419E-07
   -1.776208E+00   -3.386512E-06   -2.739261E-07
   -1.774728E+00   -3.397855E-06   -2.734943E-07
   -1.773248E+00   -3.411416E-06   -2.733087E-07
   -1.771768E+00   -3.425883E-06   -2.733653E-07
   -1.770288E+00   -3.441461E-06   -2.740647E-07
   -1.768807E+00   -3.457153E-06   -2.751121E-07
   -1.767327E+00   -3.472154E-06   -2.767946E-07
   -1.765847E+00   -3.486409E-06   -2.787123E-07
   -1.764367E+00   -3.498621E-06   -2.808581E-07
   -1.762887E+00   -3.509706E-06   -2.829777E-07
   -1.761406E+00   -3.518701E-06   -2.847723E-07
   -1.759926E+00   -3.526908E-06   -2.862941E-07
   -1.758446E+00   -3.534318E-06   -2.871388E-07
   -1.756966E+00   -3.541789E-06   -2.876349E-07
   -1.755486E+00   -3.550291E-06   -2.875283E-07
   -1.754006E+00   -3.559684E-06   -2.872176E-07
   -1.752525E+00   -3.571328E-06   -2.867613E-07
   -1.751045E+00   -3.584153E-06   -2.863757E-07
   -1.749565E+00   -3.599075E-06   -2.863966E-07
   -1.748085E+00   -3.614743E-06   -2.867205E-07
   -1.746605E+00   -3.631059E-06   -2.877519E-07
   -1.745125E+00   -3.647226E-06   -2.891308E-07
   -1.743644E+00   -3.662199E-06   -2.910805E-07
   -1.742164E+00   -3.676226E-06   -2.932073E-07
   -1.740684E+00   -3.687974E-06   -2.954139E-07
   -1.739204E+00   -3.698574E-06   -2.975163E-07
   -1.737724E+00   -3.707243E-06   -2.991546E-07
   -1.736244E+00   -3.715287E-06   -3.004702E-07
   -1.734763E+00   -3.722973E-06   -3.010624E-07
   -1.733283E+00   -3.730960E-06   -3.013127E-07
   -1.731803E+00   -3.740422E-06   -3.010299E-07
   -1.730323E+00   -3.750945E-06   -3.005996E-07
   -1.728843E+00   -3.763909E-06   -3.001609E-07
   -1.727362E+00   -3.778058E-06   -2.998624E-07
   -1.725882E+00   -3.794139E-06   -3.000893E-07
   -1.724402E+00   -3.810813E-06   -3.006596E-07
   -1.722922E+00   -3.827737E-06   -3.019692E-07
   -1.721442E+00   -3.844301E-06   -3.036160E-07
   -1.719962E+00   -3.859289E-06   -3.057653E-07
   -1.718481E+00   -3.873191E-06   -3.080398E-07
   -1.717001E+00   -3.884673E-06   -3.102721E-07
   -1.715521E+00   -3.895015E-06   -3.123396E-07
   -1.714041E+00   -3.903592E-06   -3.138417E-07
   -1.712561E+00   -3.911687E-06   -3.149878E-07
   -1.711081E+00   -3.919782E-06   -3.153880E-07
   -1.709600E+00   -3.928364E-06   -3.154580E-07
   -1.708120E+00   -3.938754E-06   -3.150592E-07
   -1.706640E+00   -3.950326E-06   -3.145597E-07
   -1.705160E+00   -3.964458E-06   -3.141591E-07
   -1.703680E+00   -3.979769E-06   -3.139510E-07
   -1.702200E+00   -3.996867E-06   -3.143539E-07
   -1.700719E+00   -4.014436E-06   -3.151275E-07
   -1.699239E+00   -4.031950E-06   -3.166575E-07
   -1.697759E+00   -4.048947E-06   -3.185138E-07
   -1.696279E+00   -4.064089E-06   -3.208171E-07
   -1.694799E+00   -4.078045E-06   -3.232059E-07
   -1.693318E+00   -4.089481E-06   -3.254617E-07
   -1.691838E+00   -4.099787E-06   -3.275087E-07
   -1.690358E+00   -4.108450E-06   -3.289180E-07
   -1.688878E+00   -4.116734E-06   -3.299480E-07
   -1.687398E+00   -4.125275E-06   -3.302171E-07
   -1.685918E+00   -4.134438E-06   -3.301647E-07
   -1.684437E+00   -4.145650E-06   -3.296888E-07
   -1.682957E+00   -4.158135E-06   -3.291449E-07
   -1.681477E+00   -4.173278E-06   -3.287750E-07
   -1.679997E+00   -4.189604E-06   -3.286340E-07
   -1.678517E+00   -4.207636E-06   -3.291649E-07
   -1.677037E+00   -4.226061E-06   -3.300869E-07
   -1.675556E+00   -4.244235E-06   -3.317813E-07
   -1.674076E+00   -4.261783E-06   -3.337973E-07
   -1.672596E+00   -4.277281E-06   -3.362283E-07
   -1.671116E+00   -4.291515E-06   -3.387202E-07
   -1.669636E+00   -4.303135E-06   -3.410211E-07
   -1.668156E+00   -4.313613E-06   -3.430841E-07
   -1.666675E+00   -4.322493E-06   -3.444584E-07
   -1.665195E+00   -4.331048E-06   -3.454348E-07
   -1.663715E+00   -4.340006E-06   -3.456313E-07
   -1.662235E+00   -4.349671E-06   -3.455064E-07
   -1.660755E+00   -4.361553E-06   -3.449764E-07
   -1.659275E+00   -4.374781E-06   -3.443946E-07
   -1.657794E+00   -4.390777E-06   -3.440284E-07
   -1.656314E+00   -4.407985E-06   -3.439138E-07
   -1.654834E+00   -4.426907E-06   -3.445135E-07
   -1.653354E+00   -4.446202E-06   -3.455220E-07
   -1.651874E+00   -4.465161E-06   -3.473268E-07
   -1.650393E+00   -4.483439E-06   -3.494589E-07
   -1.648913E+00   -4.499538E-06   -3.520035E-07
   -1.647433E+00   -4.514308E-06   -3.546019E-07
   -1.645953E+00   -4.526351E-06   -3.569848E-07
   -1.644473E+00   -4.537208E-06   -3.591142E-07
   -1.642993E+00   -4.546414E-06   -3.605208E-07
   -1.641512E+00   -4.555288E-06   -3.615127E-07
   -1.640032E+00   -4.564596E-06   -3.616951E-07
   -1.638552E+00   -4.574644E-06   -3.615446E-07
   -1.637072E+00   -4.587012E-06   -3.609749E-07
   -1.635592E+00   -4.600788E-06   -3.603518E-07
   -1.634112E+00   -4.617467E-06   -3.599516E-07
   -1.632631E+00   -4.635423E-06   -3.598118E-07
   -1.631151E+00   -4.655208E-06   -3.604131E-07
   -1.629671E+00   -4.675407E-06   -3.614397E-07
   -1.628191E+00   -4.695311E-06   -3.632991E-07
   -1.626711E+00   -4.714528E-06   -3.655036E-07
   -1.625231E+00   -4.731508E-06   -3.681521E-07
   -1.623750E+00   -4.747104E-06   -3.708657E-07
   -1.622270E+00   -4.759832E-06   -3.733748E-07
   -1.620790E+00   -4.771291E-06   -3.756291E-07
   -1.619310E+00   -4.780938E-06   -3.771429E-07
   -1.617830E+00   -4.790182E-06   -3.782264E-07
   -1.616349E+00   -4.799760E-06   -3.784579E-07
   -1.614869E+00   -4.810058E-06   -3.783323E-07
   -1.613389E+00   -4.822703E-06   -3.777386E-07
   -1.611909E+00   -4.836807E-06   -3.770700E-07
   -1.610429E+00   -4.853974E-06   -3.765946E-07
   -1.608949E+00   -4.872522E-06   -3.763735E-07
   -1.607468E+00   -4.893125E-06   -3.769023E-07
   -1.605988E+00   -4.914252E-06   -3.778713E-07
   -1.604508E+00   -4.935261E-06   -3.797216E-07
   -1.603028E+00   -4.955639E-06   -3.819478E-07
   -1.601548E+00   -4.973803E-06   -3.846846E-07
   -1.600068E+00   -4.990548E-06   -3.875180E-07
   -1.598587E+00   -5.004263E-06   -3.901973E-07
   -1.597107E+00   -5.016593E-06   -3.926365E-07
   -1.595627E+00   -5.026835E-06   -3.943385E-07
   -1.594147E+00   -5.036533E-06   -3.955975E-07
   -1.592667E+00   -5.046322E-06   -3.959526E-07
   -1.591187E+00   -5.056746E-06   -3.959139E-07
   -1.589706E+00   -5.069449E-06   -3.953227E-07
   -1.588226E+00   -5.083635E-06   -3.946144E-07
   -1.586746E+00   -5.101054E-06   -3.940274E-07
   -1.585266E+00   -5.119988E-06   -3.936708E-07
   -1.583786E+00   -5.141316E-06   -3.940482E-07
   -1.582305E+00   -5.163346E-06   -3.948759E-07
   -1.580825E+00   -5.185591E-06   -3.966400E-07
   -1.579345E+00   -5.207333E-06   -3.988217E-07
   -1.577865E+00   -5.226997E-06   -4.016155E-07
   -1.576385E+00   -5.245240E-06   -4.045586E-07
   -1.574905E+00   -5.260300E-06   -4.074422E-07
   -1.573424E+00   -5.273834E-06   -4.101205E-07
   -1.571944E+00   -5.284902E-06   -4.120947E-07
   -1.570464E+00   -5.295216E-06   -4.136209E-07
   -1.568984E+00   -5.305214E-06   -4.141897E-07
   -1.567504E+00   -5.315684E-06   -4.143191E-07
   -1.566024E+00   -5.328230E-06   -4.137784E-07
   -1.564543E+00   -5.342241E-06   -4.130569E-07
   -1.563063E+00   -5.359623E-06   -4.123376E-07
   -1.561583E+00   -5.378671E-06   -4.118023E-07
   -1.560103E+00   -5.400541E-06   -4.119493E-07
   -1.558623E+00   -5.423364E-06   -4.125458E-07
   -1.557143E+00   -5.446903E-06   -4.141290E-07
   -1.555662E+00   -5.470153E-06   -4.161785E-07
   -1.554182E+00   -5.491620E-06   -4.189713E-07
   -1.552702E+00   -5.511722E-06   -4.219875E-07
   -1.551222E+00   -5.528547E-06   -4.250881E-07
   -1.549742E+00   -5.543700E-06   -4.280428E-07
   -1.548261E+00   -5.555935E-06   -4.303694E-07
   -1.546781E+00   -5.567139E-06   -4.322582E-07
   -1.545301E+00   -5.577451E-06   -4.331490E-07
   -1.543821E+00   -5.587975E-06   -4.335516E-07
   -1.542341E+00   -5.600195E-06   -4.331413E-07
   -1.540861E+00   -5.613787E-06   -4.324660E-07
   -1.539380E+00   -5.630795E-06   -4.316224E-07
   -1.537900E+00   -5.649610E-06   -4.308891E-07
   -1.536420E+00   -5.671726E-06   -4.307358E-07
   -1.534940E+00   -5.695104E-06   -4.310116E-07
   -1.533460E+00   -5.719871E-06   -4.323023E-07
   -1.531980E+00   -5.744666E-06   -4.341068E-07
   -1.530499E+00   -5.768178E-06   -4.368050E-07
   -1.529019E+00   -5.790471E-06   -4.398194E-07
   -1.527539E+00   -5.809526E-06   -4.431136E-07
   -1.526059E+00   -5.826794E-06   -4.463507E-07
   -1.524579E+00   -5.840672E-06   -4.490936E-07
   -1.523099E+00   -5.853194E-06   -4.514336E-07
   -1.521618E+00   -5.864083E-06   -4.527689E-07
   -1.520138E+00   -5.874820E-06   -4.535739E-07
   -1.518658E+00   -5.886642E-06   -4.534134E-07
   -1.517178E+00   -5.899637E-06   -4.528876E-07
   -1.515698E+00   -5.915919E-06   -4.519724E-07
   -1.514218E+00   -5.934095E-06   -4.510624E-07
   -1.512737E+00   -5.956029E-06   -4.505639E-07
   -1.511257E+00   -5.979568E-06   -4.504439E-07
   -1.509777E+00   -6.005319E-06   -4.513208E-07
   -1.508297E+00   -6.031523E-06   -4.527462E-07
   -1.506817E+00   -6.057195E-06   -4.552150E-07
   -1.505336E+00   -6.081922E-06   -4.581051E-07
   -1.503856E+00   -6.103670E-06   -4.615173E-07
   -1.502376E+00   -6.123595E-06   -4.649931E-07
   -1.500896E+00   -6.139731E-06   -4.681808E-07
   -1.499416E+00   -6.154173E-06   -4.710359E-07
   -1.497936E+00   -6.166115E-06   -4.729402E-07
   -1.496455E+00   -6.177437E-06   -4.742924E-07
   -1.494975E+00   -6.188971E-06   -4.745421E-07
   -1.493495E+00   -6.201334E-06   -4.743195E-07
   -1.492015E+00   -6.216588E-06   -4.734456E-07
   -1.490535E+00   -6.233713E-06   -4.724401E-07
   -1.489055E+00   -6.254924E-06   -4.715996E-07
   -1.487574E+00   -6.278069E-06   -4.710456E-07
   -1.486094E+00   -6.304338E-06   -4.713953E-07
   -1.484614E+00   -6.331577E-06   -4.722999E-07
   -1.483134E+00   -6.359309E-06   -4.743662E-07
   -1.481654E+00   -6.386527E-06   -4.769586E-07
   -1.480174E+00   -6.411344E-06   -4.803468E-07
   -1.478693E+00   -6.434443E-06   -4.839489E-07
   -1.477213E+00   -6.453552E-06   -4.875491E-07
   -1.475733E+00   -6.470673E-06   -4.909325E-07
   -1.474253E+00   -6.484393E-06   -4.935081E-07
   -1.472773E+00   -6.496947E-06   -4.955479E-07
   -1.471292E+00   -6.508576E-06   -4.963995E-07
   -1.469812E+00   -6.520523E-06   -4.966815E-07
   -1.468332E+00   -6.534602E-06   -4.960336E-07
   -1.466852E+00   -6.550360E-06   -4.950913E-07
   -1.465372E+00   -6.570257E-06   -4.939868E-07
   -1.463892E+00   -6.592336E-06   -4.930277E-07
   -1.462411E+00   -6.618415E-06   -4.927752E-07
   -1.460931E+00   -6.646039E-06   -4.930364E-07
   -1.459451E+00   -6.675419E-06   -4.945054E-07
   -1.457971E+00   -6.704889E-06   -4.965856E-07
   -1.456491E+00   -6.732938E-06   -4.997348E-07
   -1.455011E+00   -6.759576E-06   -5.032678E-07
   -1.453530E+00   -6.782379E-06   -5.071598E-07
   -1.452050E+00   -6.803026E-06   -5.110014E-07
   -1.450570E+00   -6.819488E-06   -5.142929E-07
   -1.449090E+00   -6.834215E-06   -5.171213E-07
   -1.447610E+00   -6.846683E-06   -5.187722E-07
   -1.446130E+00   -6.858795E-06   -5.197889E-07
   -1.444649E+00   -6.871857E-06   -5.196218E-07
   -1.443169E+00   -6.886176E-06   -5.189872E-07
   -1.441689E+00   -6.904251E-06   -5.177987E-07
   -1.440209E+00   -6.924581E-06   -5.165637E-07
   -1.438729E+00   -6.949572E-06   -5.157136E-07
   -1.437248E+00   -6.976658E-06   -5.152703E-07
   -1.435768E+00   -7.006896E-06   -5.159608E-07
   -1.434288E+00   -7.037978E-06   -5.173018E-07
   -1.432808E+00   -7.069051E-06   -5.199337E-07
   -1.431328E+00   -7.099271E-06   -5.231183E-07
   -1.429848E+00   -7.126327E-06   -5.270710E-07
   -1.428367E+00   -7.151285E-06   -5.311860E-07
   -1.426887E+00   -7.171602E-06   -5.351353E-07
   -1.425407E+00   -7.189694E-06   -5.387663E-07
   -1.423927E+00   -7.204153E-06   -5.413732E-07
   -1.422447E+00   -7.217458E-06   -5.433428E-07
   -1.420967E+00   -7.230125E-06   -5.439590E-07
   -1.419486E+00   -7.243361E-06   -5.439516E-07
   -1.418006E+00   -7.259393E-06   -5.429751E-07
   -1.416526E+00   -7.277475E-06   -5.417207E-07
   -1.415046E+00   -7.300428E-06   -5.404043E-07
   -1.413566E+00   -7.325882E-06   -5.393102E-07
   -1.412086E+00   -7.355810E-06   -5.391108E-07
   -1.410605E+00   -7.387409E-06   -5.395249E-07
   -1.409125E+00   -7.420774E-06   -5.413340E-07
   -1.407645E+00   -7.454112E-06   -5.438308E-07
   -1.406165E+00   -7.485585E-06   -5.474979E-07
   -1.404685E+00   -7.515347E-06   -5.515681E-07
   -1.403204E+00   -7.540588E-06   -5.559697E-07
   -1.401724E+00   -7.563331E-06   -5.602758E-07
   -1.400244E+00   -7.581281E-06   -5.638908E-07
   -1.398764E+00   -7.597268E-06   -5.669550E-07
   -1.397284E+00   -7.610750E-06   -5.686522E-07
   -1.395804E+00   -7.623869E-06   -5.696247E-07
   -1.394323E+00   -7.638172E-06   -5.692608E-07
   -1.392843E+00   -7.653959E-06   -5.683763E-07
   -1.391363E+00   -7.674126E-06   -5.668905E-07
   -1.389883E+00   -7.696911E-06   -5.653666E-07
   -1.388403E+00   -7.725104E-06   -5.643075E-07
   -1.386923E+00   -7.755734E-06   -5.637222E-07
   -1.385442E+00   -7.790055E-06   -5.644437E-07
   -1.383962E+00   -7.825387E-06   -5.659119E-07
   -1.382482E+00   -7.860795E-06   -5.688609E-07
   -1.381002E+00   -7.895263E-06   -5.724451E-07
   -1.379522E+00   -7.926147E-06   -5.769185E-07
   -1.378042E+00   -7.954626E-06   -5.815853E-07
   -1.376561E+00   -7.977719E-06   -5.860820E-07
   -1.375081E+00   -7.998197E-06   -5.902244E-07
   -1.373601E+00   -8.014312E-06   -5.932105E-07
   -1.372121E+00   -8.028982E-06   -5.954699E-07
   -1.370641E+00   -8.042652E-06   -5.961708E-07
   -1.369160E+00   -8.056847E-06   -5.961439E-07
   -1.367680E+00   -8.074042E-06   -5.949606E-07
   -1.366200E+00   -8.093529E-06   -5.934279E-07
   -1.364720E+00   -8.118605E-06   -5.917526E-07
   -1.363240E+00   -8.146619E-06   -5.902963E-07
   -1.361760E+00   -8.180034E-06   -5.898060E-07
   -1.360279E+00   -8.215560E-06   -5.900003E-07
   -1.358799E+00   -8.253566E-06   -5.917884E-07
   -1.357319E+00   -8.291780E-06   -5.943806E-07
   -1.355839E+00   -8.328280E-06   -5.983823E-07
   -1.354359E+00   -8.362973E-06   -6.028955E-07
   -1.352879E+00   -8.392628E-06   -6.079077E-07
   -1.351398E+00   -8.419388E-06   -6.128725E-07
   -1.349918E+00   -8.440385E-06   -6.171573E-07
   -1.348438E+00   -8.458901E-06   -6.208520E-07
   -1.346958E+00   -8.473941E-06   -6.230182E-07
   -1.345478E+00   -8.488229E-06   -6.243457E-07
   -1.343998E+00   -8.503219E-06   -6.240678E-07
   -1.342517E+00   -8.519637E-06   -6.231305E-07
   -1.341037E+00   -8.540723E-06   -6.213388E-07
   -1.339557E+00   -8.564760E-06   -6.194115E-07
   -1.338077E+00   -8.595188E-06   -6.178385E-07
   -1.336597E+00   -8.628644E-06   -6.167349E-07
   -1.335117E+00   -8.667041E-06   -6.170361E-07
   -1.333636E+00   -8.707026E-06   -6.181820E-07
   -1.332156E+00   -8.748010E-06   -6.210812E-07
   -1.330676E+00   -8.788335E-06   -6.247743E-07
   -1.329196E+00   -8.825197E-06   -6.296796E-07
   -1.327716E+00   -8.859479E-06   -6.349227E-07
   -1.326235E+00   -8.887590E-06   -6.402124E-07
   -1.324755E+00   -8.912516E-06   -6.452054E-07
   -1.323275E+00   -8.931728E-06   -6.490377E-07
   -1.321795E+00   -8.948796E-06   -6.520796E-07
   -1.320315E+00   -8.963596E-06   -6.533237E-07
   -1.318835E+00   -8.978440E-06   -6.536775E-07
   -1.317354E+00   -8.995755E-06   -6.525023E-07
   -1.315874E+00   -9.015357E-06   -6.507905E-07
   -1.314394E+00   -9.041083E-06   -6.486074E-07
   -1.312914E+00   -9.070262E-06   -6.465241E-07
   -1.311434E+00   -9.106257E-06   -6.452918E-07
   -1.309954E+00   -9.145178E-06   -6.447582E-07
   -1.308473E+00   -9.188231E-06   -6.459904E-07
   -1.306993E+00   -9.232223E-06   -6.481759E-07
   -1.305513E+00   -9.275584E-06   -6.521609E-07
   -1.304033E+00   -9.317415E-06   -6.568746E-07
   -1.302553E+00   -9.354149E-06   -6.625118E-07
   -1.301073E+00   -9.387647E-06   -6.682817E-07
   -1.299592E+00   -9.414147E-06   -6.736194E-07
   -1.298112E+00   -9.437348E-06   -6.784174E-07
   -1.296632E+00   -9.455227E-06   -6.816230E-07
   -1.295152E+00   -9.471445E-06   -6.838767E-07
   -1.293672E+00   -9.486812E-06   -6.841603E-07
   -1.292191E+00   -9.503068E-06   -6.835534E-07
   -1.290711E+00   -9.523545E-06   -6.815893E-07
   -1.289231E+00   -9.547104E-06   -6.792493E-07
   -1.287751E+00   -9.578016E-06   -6.768681E-07
   -1.286271E+00   -9.612741E-06   -6.748282E-07
   -1.284791E+00   -9.654395E-06   -6.741134E-07
   -1.283310E+00   -9.698724E-06   -6.742996E-07
   -1.281830E+00   -9.746138E-06   -6.765346E-07
   -1.280350E+00   -9.793759E-06   -6.797860E-07
   -1.278870E+00   -9.839063E-06   -6.847910E-07
   -1.277390E+00   -9.881987E-06   -6.904189E-07
   -1.275910E+00   -9.918324E-06   -6.966202E-07
   -1.274429E+00   -9.950877E-06   -7.027324E-07
   -1.272949E+00   -9.975871E-06   -7.079311E-07
   -1.271469E+00   -9.997588E-06   -7.123608E-07
   -1.269989E+00   -1.001463E-05   -7.148200E-07
   -1.268509E+00   -1.003059E-05   -7.162022E-07
   -1.267029E+00   -1.004723E-05   -7.155231E-07
   -1.265548E+00   -1.006563E-05   -7.139934E-07
   -1.264068E+00   -1.008995E-05   -7.113461E-07
   -1.262588E+00   -1.011807E-05   -7.085077E-07
   -1.261108E+00   -1.015458E-05   -7.060804E-07
   -1.259628E+00   -1.019514E-05   -7.042331E-07
   -1.258147E+00   -1.024252E-05   -7.041530E-07
   -1.256667E+00   -1.029222E-05   -7.051492E-07
   -1.255187E+00   -1.034380E-05   -7.084097E-07
   -1.253707E+00   -1.039481E-05   -7.127132E-07
   -1.252227E+00   -1.044180E-05   -7.186557E-07
   -1.250747E+00   -1.048560E-05   -7.250872E-07
   -1.249266E+00   -1.052145E-05   -7.317049E-07
   -1.247786E+00   -1.055305E-05   -7.380044E-07
   -1.246306E+00   -1.057674E-05   -7.429183E-07
   -1.244826E+00   -1.059726E-05   -7.468496E-07
   -1.243346E+00   -1.061392E-05   -7.484803E-07
   -1.241866E+00   -1.063014E-05   -7.489384E-07
   -1.240385E+00   -1.064866E-05   -7.473055E-07
   -1.238905E+00   -1.066980E-05   -7.448899E-07
   -1.237425E+00   -1.069848E-05   -7.416408E-07
   -1.235945E+00   -1.073165E-05   -7.383988E-07
   -1.234465E+00   -1.077410E-05   -7.360272E-07
   -1.232985E+00   -1.082077E-05   -7.344675E-07
   -1.231504E+00   -1.087398E-05   -7.350859E-07
   -1.230024E+00   -1.092909E-05   -7.369336E-07
   -1.228544E+00   -1.098478E-05   -7.412093E-07
   -1.227064E+00   -1.103911E-05   -7.465286E-07
   -1.225584E+00   -1.108772E-05   -7.533254E-07
   -1.224103E+00   -1.113235E-05   -7.604594E-07
   -1.222623E+00   -1.116775E-05   -7.673717E-07
   -1.221143E+00   -1.119850E-05   -7.737346E-07
   -1.219663E+00   -1.122109E-05   -7.782518E-07
   -1.218183E+00   -1.124070E-05   -7.815855E-07
   -1.216703E+00   -1.125736E-05   -7.823246E-07
   -1.215222E+00   -1.127427E-05   -7.818156E-07
   -1.213742E+00   -1.129512E-05   -7.792264E-07
   -1.212262E+00   -1.131945E-05   -7.759397E-07
   -1.210782E+00   -1.135294E-05   -7.721290E-07
   -1.209302E+00   -1.139156E-05   -7.685304E-07
   -1.207822E+00   -1.144028E-05   -7.662610E-07
   -1.206341E+00   -1.149334E-05   -7.650292E-07
   -1.204861E+00   -1.155260E-05   -7.663629E-07
   -1.203381E+00   -1.161330E-05   -7.690639E-07
   -1.201901E+00   -1.167323E-05   -7.743231E-07
   -1.200421E+00   -1.173098E-05   -7.806102E-07
   -1.198941E+00   -1.178131E-05   -7.881858E-07
   -1.197460E+00   -1.182687E-05   -7.959367E-07
   -1.195980E+00   -1.186196E-05   -8.030468E-07
   -1.194500E+00   -1.189201E-05   -8.093755E-07
   -1.193020E+00   -1.191370E-05   -8.134058E-07
   -1.191540E+00   -1.193261E-05   -8.160590E-07
   -1.190060E+00   -1.194954E-05   -8.158424E-07
   -1.188579E+00   -1.196741E-05   -8.143127E-07
   -1.187099E+00   -1.199090E-05   -8.107333E-07
   -1.185619E+00   -1.201876E-05   -8.065500E-07
   -1.184139E+00   -1.205741E-05   -8.021633E-07
   -1.182659E+00   -1.210185E-05   -7.981959E-07
   -1.181178E+00   -1.215721E-05   -7.960155E-07
   -1.179698E+00   -1.221704E-05   -7.950950E-07
   -1.178218E+00   -1.228269E-05   -7.971167E-07
   -1.176738E+00   -1.234933E-05   -8.006370E-07
   -1.175258E+00   -1.241383E-05   -8.068314E-07
   -1.173778E+00   -1.247531E-05   -8.140312E-07
   -1.172297E+00   -1.252762E-05   -8.223184E-07
   -1.170817E+00   -1.257435E-05   -8.306143E-07
   -1.169337E+00   -1.260931E-05   -8.378431E-07
   -1.167857E+00   -1.263882E-05   -8.440564E-07
   -1.166377E+00   -1.265973E-05   -8.475160E-07
   -1.164897E+00   -1.267806E-05   -8.494043E-07
   -1.163416E+00   -1.269536E-05   -8.481475E-07
   -1.161936E+00   -1.271433E-05   -8.455126E-07
   -1.160456E+00   -1.274065E-05   -8.408585E-07
   -1.158976E+00   -1.277225E-05   -8.356942E-07
   -1.157496E+00   -1.281637E-05   -8.306474E-07
   -1.156016E+00   -1.286697E-05   -8.262278E-07
   -1.154535E+00   -1.292942E-05   -8.240549E-07
   -1.153055E+00   -1.299650E-05   -8.233659E-07
   -1.151575E+00   -1.306910E-05   -8.260002E-07
   -1.150095E+00   -1.314224E-05   -8.302667E-07
   -1.148615E+00   -1.321183E-05   -8.373280E-07
   -1.147134E+00   -1.327755E-05   -8.453738E-07
   -1.145654E+00   -1.333226E-05   -8.543066E-07
   -1.144174E+00   -1.338051E-05   -8.630800E-07
   -1.142694E+00   -1.341554E-05   -8.703530E-07
   -1.141214E+00   -1.344465E-05   -8.763704E-07
   -1.139734E+00   -1.346481E-05   -8.791626E-07
   -1.138253E+00   -1.348254E-05   -8.801796E-07
   -1.136773E+00   -1.350016E-05   -8.777546E-07
   -1.135293E+00   -1.352017E-05   -8.738757E-07
   -1.133813E+00   -1.354935E-05   -8.679893E-07
   -1.132333E+00   -1.358479E-05   -8.616787E-07
   -1.130853E+00   -1.363463E-05   -8.557986E-07
   -1.129372E+00   -1.369175E-05   -8.507532E-07
   -1.127892E+00   -1.376183E-05   -8.484220E-07
   -1.126412E+00   -1.383680E-05   -8.478062E-07
   -1.124932E+00   -1.391710E-05   -8.509152E-07
   -1.123452E+00   -1.399752E-05   -8.558020E-07
   -1.121972E+00   -1.407299E-05   -8.636271E-07
   -1.120491E+00   -1.414367E-05   -8.724252E-07
   -1.119011E+00   -1.420135E-05   -8.819212E-07
   -1.117531E+00   -1.425158E-05   -8.910902E-07
   -1.116051E+00   -1.428692E-05   -8.983148E-07
   -1.114571E+00   -1.431574E-05   -9.040326E-07
   -1.113090E+00   -1.433503E-05   -9.060211E-07
   -1.111610E+00   -1.435197E-05   -9.060103E-07
   -1.110130E+00   -1.436964E-05   -9.022161E-07
   -1.108650E+00   -1.439043E-05   -8.968704E-07
   -1.107170E+00   -1.442231E-05   -8.894895E-07
   -1.105690E+00   -1.446153E-05   -8.817562E-07
   -1.104209E+00   -1.451731E-05   -8.747494E-07
   -1.102729E+00   -1.458132E-05   -8.687843E-07
   -1.101249E+00   -1.465970E-05   -8.660144E-07
   -1.099769E+00   -1.474335E-05   -8.652048E-07
   -1.098289E+00   -1.483236E-05   -8.685587E-07
   -1.096809E+00   -1.492111E-05   -8.738565E-07
   -1.095328E+00   -1.500349E-05   -8.822764E-07
   -1.093848E+00   -1.508013E-05   -8.916741E-07
   -1.092368E+00   -1.514151E-05   -9.016003E-07
   -1.090888E+00   -1.519432E-05   -9.110334E-07
   -1.089408E+00   -1.523018E-05   -9.180620E-07
   -1.087928E+00   -1.525875E-05   -9.233148E-07
   -1.086447E+00   -1.527690E-05   -9.242826E-07
   -1.084967E+00   -1.529263E-05   -9.229951E-07
   -1.083487E+00   -1.530982E-05   -9.175131E-07
   -1.082007E+00   -1.533087E-05   -9.103474E-07
   -1.080527E+00   -1.536508E-05   -9.010584E-07
   -1.079046E+00   -1.540784E-05   -8.914653E-07
   -1.077566E+00   -1.546969E-05   -8.828684E-07
   -1.076086E+00   -1.554093E-05   -8.755176E-07
   -1.074606E+00   -1.562840E-05   -8.718610E-07
   -1.073126E+00   -1.572172E-05   -8.704282E-07
   -1.071646E+00   -1.582071E-05   -8.736486E-07
   -1.070165E+00   -1.591915E-05   -8.790081E-07
   -1.068685E+00   -1.600981E-05   -8.877290E-07
   -1.067205E+00   -1.609366E-05   -8.974548E-07
   -1.065725E+00   -1.615970E-05   -9.075662E-07
   -1.064245E+00   -1.621580E-05   -9.170193E-07
   -1.062765E+00   -1.625242E-05   -9.235834E-07
   -1.061284E+00   -1.628068E-05   -9.280776E-07
   -1.059804E+00   -1.629718E-05   -9.276574E-07
   -1.058324E+00   -1.631103E-05   -9.246808E-07
   -1.056844E+00   -1.632686E-05   -9.170004E-07
   -1.055364E+00   -1.634729E-05   -9.074556E-07
   -1.053884E+00   -1.638312E-05   -8.956129E-07
   -1.052403E+00   -1.642892E-05   -8.834811E-07
   -1.050923E+00   -1.649684E-05   -8.725733E-07
   -1.049443E+00   -1.657561E-05   -8.631103E-07
   -1.047963E+00   -1.667307E-05   -8.578573E-07
   -1.046483E+00   -1.677723E-05   -8.551129E-07
   -1.045003E+00   -1.688779E-05   -8.575725E-07
   -1.043522E+00   -1.699763E-05   -8.624008E-07
   -1.042042E+00   -1.709828E-05   -8.708964E-07
   -1.040562E+00   -1.719096E-05   -8.804505E-07
   -1.039082E+00   -1.726285E-05   -8.902757E-07
   -1.037602E+00   -1.732315E-05   -8.992767E-07
   -1.036121E+00   -1.736071E-05   -9.048677E-07
   -1.034641E+00   -1.738853E-05   -9.080594E-07
   -1.033161E+00   -1.740256E-05   -9.056080E-07
   -1.031681E+00   -1.741348E-05   -9.002389E-07
   -1.030201E+00   -1.742660E-05   -8.895247E-07
   -1.028721E+00   -1.744503E-05   -8.767000E-07
   -1.027240E+00   -1.748135E-05   -8.612843E-07
   -1.025760E+00   -1.752927E-05   -8.455466E-07
   -1.024280E+00   -1.760302E-05   -8.311968E-07
   -1.022800E+00   -1.768948E-05   -8.184756E-07
   -1.021320E+00   -1.779791E-05   -8.104868E-07
   -1.019840E+00   -1.791425E-05   -8.053102E-07
   -1.018359E+00   -1.803832E-05   -8.059478E-07
   -1.016879E+00   -1.816167E-05   -8.092192E-07
   -1.015399E+00   -1.827446E-05   -8.165308E-07
   -1.013919E+00   -1.837800E-05   -8.249797E-07
   -1.012439E+00   -1.845722E-05   -8.336071E-07
   -1.010959E+00   -1.852280E-05   -8.412364E-07
   -1.009478E+00   -1.856146E-05   -8.448779E-07
   -1.007998E+00   -1.858849E-05   -8.457419E-07
   -1.006518E+00   -1.859884E-05   -8.401011E-07
   -1.005038E+00   -1.860523E-05   -8.311015E-07
   -1.003558E+00   -1.861362E-05   -8.159425E-07
   -1.002077E+00   -1.862798E-05   -7.983398E-07
   -1.000597E+00   -1.866296E-05   -7.776925E-07
   -9.991171E-01   -1.871148E-05   -7.566225E-07
   -9.976369E-01   -1.879040E-05   -7.370025E-07
   -9.961568E-01   -1.888441E-05   -7.191641E-07
   -9.946766E-01   -1.900476E-05   -7.065572E-07
   -9.931964E-01   -1.913477E-05   -6.970717E-07
   -9.917163E-01   -1.927463E-05   -6.940468E-07
   -9.902361E-01   -1.941402E-05   -6.939440E-07
   -9.887559E-01   -1.954162E-05   -6.982977E-07
   -9.872757E-01   -1.965852E-05   -7.038792E-07
   -9.857956E-01   -1.974685E-05   -7.095378E-07
   -9.843154E-01   -1.981899E-05   -7.139989E-07
   -9.828352E-01   -1.985879E-05   -7.137964E-07
   -9.813550E-01   -1.988441E-05   -7.103665E-07
   -9.798749E-01   -1.988918E-05   -6.993866E-07
   -9.783947E-01   -1.988865E-05   -6.845003E-07
   -9.769145E-01   -1.988925E-05   -6.624106E-07
   -9.754343E-01   -1.989637E-05   -6.374283E-07
   -9.739542E-01   -1.992713E-05   -6.087274E-07
   -9.724740E-01   -1.997372E-05   -5.794051E-07
   -9.709938E-01   -2.005640E-05   -5.514310E-07
   -9.695137E-01   -2.015724E-05   -5.253279E-07
   -9.680335E-01   -2.029028E-05   -5.048656E-07
   -9.665533E-01   -2.043542E-05   -4.878045E-07
   -9.650731E-01   -2.059367E-05   -4.778128E-07
   -9.635930E-01   -2.075207E-05   -4.710169E-07
   -9.621128E-01   -2.089763E-05   -4.690560E-07
   -9.606326E-01   -2.103087E-05   -4.683830E-07
   -9.591524E-01   -2.113038E-05   -4.675887E-07
   -9.576723E-01   -2.121045E-05   -4.653268E-07
   -9.561921E-01   -2.125104E-05   -4.575360E-07
   -9.547119E-01   -2.127399E-05   -4.459502E-07
   -9.532317E-01   -2.127018E-05   -4.254947E-07
   -9.517516E-01   -2.125898E-05   -4.004340E-07
   -9.502714E-01   -2.124704E-05   -3.668078E-07
   -9.487912E-01   -2.124198E-05   -3.296792E-07
   -9.473110E-01   -2.126382E-05   -2.878445E-07
   -9.458309E-01   -2.130425E-05   -2.450406E-07
   -9.443507E-01   -2.138793E-05   -2.032069E-07
   -9.428705E-01   -2.149374E-05   -1.632064E-07
   -9.413904E-01   -2.163961E-05   -1.290209E-07
   -9.399102E-01   -2.180096E-05   -9.840518E-08
   -9.384300E-01   -2.198027E-05   -7.524737E-08
   -9.369498E-01   -2.216084E-05   -5.544387E-08
   -9.354697E-01   -2.232784E-05   -4.060160E-08
   -9.339895E-01   -2.248065E-05   -2.696470E-08
   -9.325093E-01   -2.259332E-05   -1.268219E-08
   -9.310291E-01   -2.268233E-05    3.522851E-09
   -9.295490E-01   -2.272233E-05    2.653285E-08
   -9.280688E-01   -2.273990E-05    5.412821E-08
   -9.265886E-01   -2.272227E-05    9.238276E-08
   -9.251084E-01   -2.269409E-05    1.361834E-07
   -9.236283E-01   -2.266177E-05    1.904015E-07
   -9.221481E-01   -2.263633E-05    2.489765E-07
   -9.206679E-01   -2.264127E-05    3.137338E-07
   -9.191878E-01   -2.266812E-05    3.800536E-07
   -9.177076E-01   -2.274726E-05    4.462839E-07
   -9.162274E-01   -2.285375E-05    5.109810E-07
   -9.147472E-01   -2.301085E-05    5.702478E-07
   -9.132671E-01   -2.318811E-05    6.260793E-07
   -9.117869E-01   -2.339029E-05    6.747273E-07
   -9.103067E-01   -2.359552E-05    7.202262E-07
   -9.088265E-01   -2.378679E-05    7.614325E-07
   -9.073464E-01   -2.396161E-05    8.019456E-07
   -9.058662E-01   -2.408795E-05    8.445433E-07
   -9.043860E-01   -2.418497E-05    8.899957E-07
   -9.029058E-01   -2.421984E-05    9.445049E-07
   -9.014257E-01   -2.422554E-05    1.004878E-06
   -8.999455E-01   -2.418373E-05    1.078658E-06
   -8.984653E-01   -2.412654E-05    1.159390E-06
   -8.969851E-01   -2.405937E-05    1.253292E-06
   -8.955050E-01   -2.399845E-05    1.352848E-06
   -8.940248E-01   -2.397146E-05    1.460957E-06
   -8.925446E-01   -2.397036E-05    1.571692E-06
   -8.910645E-01   -2.403308E-05    1.684251E-06
   -8.895843E-01   -2.412998E-05    1.796160E-06
   -8.881041E-01   -2.429162E-05    1.904367E-06
   -8.866239E-01   -2.447979E-05    2.010049E-06
   -8.851438E-01   -2.470249E-05    2.110597E-06
   -8.836636E-01   -2.493076E-05    2.209201E-06
   -8.821834E-01   -2.514457E-05    2.306382E-06
   -8.807032E-01   -2.533874E-05    2.404566E-06
   -8.792231E-01   -2.547257E-05    2.508757E-06
   -8.777429E-01   -2.556888E-05    2.618003E-06
   -8.762627E-01   -2.558380E-05    2.741078E-06
   -8.747825E-01   -2.555949E-05    2.872520E-06
   -8.733024E-01   -2.546888E-05    3.022450E-06
   -8.718222E-01   -2.535521E-05    3.181839E-06
   -8.703420E-01   -2.522137E-05    3.359238E-06
   -8.688619E-01   -2.509186E-05    3.544603E-06
   -8.673817E-01   -2.499922E-05    3.742956E-06
   -8.659015E-01   -2.493713E-05    3.946107E-06
   -8.644213E-01   -2.495325E-05    4.155503E-06
   -8.629412E-01   -2.501236E-05    4.366604E-06
   -8.614610E-01   -2.515446E-05    4.579226E-06
   -8.599808E-01   -2.533125E-05    4.792302E-06
   -8.585006E-01   -2.555428E-05    5.007126E-06
   -8.570205E-01   -2.578535E-05    5.223969E-06
   -8.555403E-01   -2.599863E-05    5.448403E-06
   -8.540601E-01   -2.618617E-05    5.678863E-06
   -8.525799E-01   -2.629271E-05    5.926259E-06
   -8.510998E-01   -2.634790E-05    6.184499E-06
   -8.496196E-01   -2.628936E-05    6.468507E-06
   -8.481394E-01   -2.617458E-05    6.766878E-06
   -8.466592E-01   -2.596103E-05    7.095513E-06
   -8.451791E-01   -2.571055E-05    7.439294E-06
   -8.436989E-01   -2.541958E-05    7.812012E-06
   -8.422187E-01   -2.512734E-05    8.197990E-06
   -8.407386E-01   -2.487057E-05    8.607493E-06
   -8.392584E-01   -2.464818E-05    9.027261E-06
   -8.377782E-01   -2.451874E-05    9.465155E-06
   -8.362980E-01   -2.444160E-05    9.911477E-06
   -8.348179E-01   -2.446608E-05    1.037493E-05
   -8.333377E-01   -2.453235E-05    1.084799E-05
   -8.318575E-01   -2.465046E-05    1.134414E-05
   -8.303773E-01   -2.477332E-05    1.185458E-05
   -8.288972E-01   -2.485711E-05    1.240027E-05
   -8.274170E-01   -2.489667E-05    1.296722E-05
   -8.259368E-01   -2.480326E-05    1.358380E-05
   -8.244566E-01   -2.462618E-05    1.422834E-05
   -8.229765E-01   -2.426184E-05    1.493361E-05
   -8.214963E-01   -2.380246E-05    1.567072E-05
   -8.200161E-01   -2.316798E-05    1.647243E-05
   -8.185360E-01   -2.246156E-05    1.730599E-05
   -8.170558E-01   -2.165498E-05    1.820109E-05
   -8.155756E-01   -2.082373E-05    1.912560E-05
   -8.140954E-01   -1.999427E-05    2.010671E-05
   -8.126153E-01   -1.918785E-05    2.111568E-05
   -8.111351E-01   -1.845821E-05    2.218191E-05
   -8.096549E-01   -1.777266E-05    2.327900E-05
   -8.081747E-01   -1.716389E-05    2.444567E-05
   -8.066946E-01   -1.657581E-05    2.565271E-05
   -8.052144E-01   -1.597121E-05    2.695459E-05
   -8.037342E-01   -1.532036E-05    2.831200E-05
   -8.022540E-01   -1.448939E-05    2.979765E-05
   -8.007739E-01   -1.352284E-05    3.135589E-05
   -7.992937E-01   -1.219952E-05    3.307454E-05
   -7.978135E-01   -1.066194E-05    3.487963E-05
   -7.963334E-01   -8.644939E-06    3.686639E-05
   -7.948532E-01   -6.375385E-06    3.894641E-05
   -7.933730E-01   -3.601407E-06    4.121425E-05
   -7.918928E-01   -5.873820E-07    4.357537E-05
   -7.904127E-01    2.865272E-06    4.612095E-05
   -7.889325E-01    6.512907E-06    4.875835E-05
   -7.874523E-01    1.050713E-05    5.158220E-05
   -7.859721E-01    1.466248E-05    5.450363E-05
   -7.844920E-01    1.914853E-05    5.763670E-05
   -7.830118E-01    2.382642E-05    6.088828E-05
   -7.815316E-01    2.899447E-05    6.441155E-05
   -7.800514E-01    3.448977E-05    6.809222E-05
   -7.785713E-01    4.086143E-05    7.213752E-05
   -7.770911E-01    4.780827E-05    7.639205E-05
   -7.756109E-01    5.622181E-05    8.111938E-05
   -7.741307E-01    6.554157E-05    8.610863E-05
   -7.726506E-01    7.703455E-05    9.166555E-05
   -7.711704E-01    8.979533E-05    9.752297E-05
   -7.696902E-01    1.054455E-04    1.040019E-04
   -7.682101E-01    1.227110E-04    1.107949E-04
   -7.667299E-01    1.435395E-04    1.182099E-04
   -7.652497E-01    1.663180E-04    1.259277E-04
   -7.637695E-01    1.933638E-04    1.342280E-04
   -7.622894E-01    2.227592E-04    1.428073E-04
   -7.608092E-01    2.573952E-04    1.519241E-04
   -7.593290E-01    2.950029E-04    1.613030E-04
   -7.578488E-01    3.394731E-04    1.712025E-04
   -7.563687E-01    3.879695E-04    1.813645E-04
   -7.548885E-01    4.460281E-04    1.920583E-04
   -7.534083E-01    5.098017E-04    2.030176E-04
   -7.519281E-01    5.872550E-04    2.144838E-04
   -7.504480E-01    6.728664E-04    2.261698E-04
   -7.489678E-01    7.778000E-04    2.381609E-04
   -7.474876E-01    8.940625E-04    2.501905E-04
   -7.460075E-01    1.036582E-03    2.619502E-04
   -7.445273E-01    1.194116E-03    2.733304E-04
   -7.430471E-01    1.385513E-03    2.833052E-04
   -7.415669E-01    1.595720E-03    2.921731E-04
   -7.400868E-01    1.847078E-03    2.978666E-04
   -7.386066E-01    2.120578E-03    3.014298E-04
   -7.371264E-01    2.440923E-03    2.995648E-04
   -7.356462E-01    2.785597E-03    2.943914E-04
   -7.341661E-01    3.179820E-03    2.814634E-04
   -7.326859E-01    3.598724E-03    2.641545E-04
   -7.312057E-01    4.065596E-03    2.372846E-04
   -7.297255E-01    4.555106E-03    2.053736E-04
   -7.282454E-01    5.085849E-03    1.631896E-04
   -7.267652E-01    5.634520E-03    1.159551E-04
   -7.252850E-01    6.212406E-03    5.916117E-05
   -7.238048E-01    6.801021E-03   -1.966172E-06
   -7.223247E-01    7.402427E-03   -7.055799E-05
   -7.208445E-01    8.005578E-03   -1.421561E-04
   -7.193643E-01    8.602619E-03   -2.181384E-04
   -7.178842E-01    9.191837E-03   -2.954498E-04
   -7.164040E-01    9.756307E-03   -3.736758E-04
   -7.149238E-01    1.030426E-02   -4.515148E-04
   -7.134436E-01    1.081204E-02   -5.270093E-04
   -7.119635E-01    1.129685E-02   -6.006294E-04
   -7.104833E-01    1.173159E-02   -6.692954E-04
   -7.090031E-01    1.214004E-02   -7.349881E-04
   -7.075229E-01    1.249505E-02   -7.939525E-04
   -7.060428E-01    1.282365E-02   -8.492580E-04
   -7.045626E-01    1.310128E-02   -8.968187E-04
   -7.030824E-01    1.335486E-02   -9.403543E-04
   -7.016022E-01    1.356373E-02   -9.756124E-04
   -7.001221E-01    1.375211E-02   -1.006634E-03
   -6.986419E-01    1.390310E-02   -1.028981E-03
   -6.971617E-01    1.403702E-02   -1.046868E-03
   -6.956816E-01    1.413943E-02   -1.055529E-03
   -6.942014E-01    1.422704E-02   -1.059387E-03
   -6.927212E-01    1.428615E-02   -1.053194E-03
   -6.912410E-01    1.433117E-02   -1.041732E-03
   -6.897609E-01    1.434771E-02   -1.019231E-03
   -6.882807E-01    1.434965E-02   -9.909798E-04
   -6.868005E-01    1.432143E-02   -9.508626E-04
   -6.853203E-01    1.427772E-02   -9.047028E-04
   -6.838402E-01    1.420259E-02   -8.464363E-04
   -6.823600E-01    1.411188E-02   -7.822216E-04
   -6.808798E-01    1.399115E-02   -7.065670E-04
   -6.793996E-01    1.385648E-02   -6.255385E-04
   -6.779195E-01    1.369718E-02   -5.346573E-04
   -6.764393E-01    1.352767E-02   -4.393739E-04
   -6.749591E-01    1.334268E-02   -3.364296E-04
   -6.734789E-01    1.315271E-02   -2.302481E-04
   -6.719988E-01    1.295837E-02   -1.187859E-04
   -6.705186E-01    1.276460E-02   -5.277061E-06
   -6.690384E-01    1.257690E-02    1.111305E-04
   -6.675583E-01    1.239437E-02    2.283703E-04
   -6.660781E-01    1.222549E-02    3.459605E-04
   -6.645979E-01    1.206464E-02    4.630131E-04
   -6.631177E-01    1.192127E-02    5.774453E-04
   -6.616376E-01    1.178696E-02    6.897497E-04
   -6.601574E-01    1.167063E-02    7.961420E-04
   -6.586772E-01    1.156295E-02    8.987915E-04
   -6.571970E-01    1.147138E-02    9.925893E-04
   -6.557169E-01    1.138708E-02    1.081445E-03
   -6.542367E-01    1.131540E-02    1.159825E-03
   -6.527565E-01    1.124892E-02    1.232922E-03
   -6.512763E-01    1.119026E-02    1.295888E-03
   -6.497962E-01    1.113407E-02    1.354244E-03
   -6.483160E-01    1.107972E-02    1.404693E-03
   -6.468358E-01    1.102461E-02    1.451986E-03
   -6.453557E-01    1.096450E-02    1.494713E-03
   -6.438755E-01    1.090011E-02    1.536041E-03
   -6.423953E-01    1.082368E-02    1.576267E-03
   -6.409151E-01    1.073954E-02    1.616704E-03
   -6.394350E-01    1.063677E-02    1.658875E-03
   -6.379548E-01    1.052320E-02    1.702443E-03
   -6.364746E-01    1.038526E-02    1.749607E-03
   -6.349944E-01    1.023390E-02    1.798839E-03
   -6.335143E-01    1.005348E-02    1.852493E-03
   -6.320341E-01    9.857572E-03    1.908378E-03
   -6.305539E-01    9.629142E-03    1.968528E-03
   -6.290737E-01    9.383897E-03    2.030605E-03
   -6.275936E-01    9.104473E-03    2.095925E-03
   -6.261134E-01    8.808034E-03    2.162485E-03
   -6.246332E-01    8.478555E-03    2.230646E-03
   -6.231530E-01    8.133546E-03    2.299144E-03
   -6.216729E-01    7.760550E-03    2.367404E-03
   -6.201927E-01    7.375680E-03    2.435134E-03
   -6.187125E-01    6.972451E-03    2.501145E-03
   -6.172324E-01    6.563273E-03    2.566075E-03
   -6.157522E-01    6.149544E-03    2.628655E-03
   -6.142720E-01    5.737537E-03    2.690102E-03
   -6.127918E-01    5.337296E-03    2.749619E-03
   -6.113117E-01    4.947097E-03    2.808443E-03
   -6.098315E-01    4.584964E-03    2.866558E-03
   -6.083513E-01    4.240543E-03    2.924680E-03
   -6.068711E-01    3.938059E-03    2.983490E-03
   -6.053910E-01    3.659320E-03    3.042911E-03
   -6.039108E-01    3.432644E-03    3.103885E-03
   -6.024306E-01    3.233834E-03    3.165671E-03
   -6.009504E-01    3.093664E-03    3.228890E-03
   -5.994703E-01    2.983990E-03    3.292601E-03
   -5.979901E-01    2.937313E-03    3.356627E-03
   -5.965099E-01    2.923058E-03    3.420393E-03
   -5.950298E-01    2.975499E-03    3.482684E-03
   -5.935496E-01    3.062256E-03    3.543730E-03
   -5.920694E-01    3.219703E-03    3.601260E-03
   -5.905892E-01    3.413559E-03    3.656525E-03
   -5.891091E-01    3.682326E-03    3.706280E-03
   -5.876289E-01    3.989501E-03    3.752807E-03
   -5.861487E-01    4.375028E-03    3.791947E-03
   -5.846685E-01    4.800208E-03    3.826919E-03
   -5.831884E-01    5.304865E-03    3.852538E-03
   -5.817082E-01    5.848854E-03    3.872909E-03
   -5.802280E-01    6.469527E-03    3.881455E-03
   -5.787478E-01    7.126895E-03    3.883303E-03
   -5.772677E-01    7.852909E-03    3.869913E-03
   -5.757875E-01    8.610105E-03    3.847846E-03
   -5.743073E-01    9.421789E-03    3.806073E-03
   -5.728271E-01    1.025597E-02    3.753190E-03
   -5.713470E-01    1.112409E-02    3.675522E-03
   -5.698668E-01    1.200290E-02    3.584220E-03
   -5.683866E-01    1.288930E-02    3.463394E-03
   -5.669065E-01    1.377205E-02    3.326859E-03
   -5.654263E-01    1.463200E-02    3.157505E-03
   -5.639461E-01    1.547266E-02    2.971333E-03
   -5.624659E-01    1.625921E-02    2.751379E-03
   -5.609858E-01    1.701130E-02    2.514819E-03
   -5.595056E-01    1.768091E-02    2.246374E-03
   -5.580254E-01    1.830334E-02    1.963026E-03
   -5.565452E-01    1.882154E-02    1.652679E-03
   -5.550651E-01    1.928386E-02    1.330564E-03
   -5.535849E-01    1.962932E-02    9.888906E-04
   -5.521047E-01    1.991508E-02    6.395850E-04
   -5.506245E-01    2.008134E-02    2.793404E-04
   -5.491444E-01    2.018903E-02   -8.436721E-05
   -5.476642E-01    2.018412E-02   -4.516881E-04
   -5.461840E-01    2.012618E-02   -8.197046E-04
   -5.447039E-01    1.997046E-02   -1.188328E-03
   -5.432237E-01    1.977064E-02   -1.557704E-03
   -5.417435E-01    1.949320E-02   -1.931276E-03
   -5.402633E-01    1.918244E-02   -2.309145E-03
   -5.387832E-01    1.881604E-02   -2.701424E-03
   -5.373030E-01    1.842704E-02   -3.104282E-03
   -5.358228E-01    1.800238E-02   -3.535315E-03
   -5.343426E-01    1.756405E-02   -3.983678E-03
   -5.328625E-01    1.710529E-02   -4.471812E-03
   -5.313823E-01    1.663911E-02   -4.981293E-03
   -5.299021E-01    1.616246E-02   -5.533507E-03
   -5.284219E-01    1.568236E-02   -6.105439E-03
   -5.269418E-01    1.519848E-02   -6.710003E-03
   -5.254616E-01    1.471431E-02   -7.325816E-03
   -5.239814E-01    1.423313E-02   -7.951214E-03
   -5.225013E-01    1.375562E-02   -8.573979E-03
   -5.210211E-01    1.329069E-02   -9.175794E-03
   -5.195409E-01    1.283513E-02   -9.759478E-03
   -5.180607E-01    1.240514E-02   -1.029316E-02
   -5.165806E-01    1.199155E-02   -1.079627E-02
   -5.151004E-01    1.161793E-02   -1.123046E-02
   -5.136202E-01    1.126762E-02   -1.162816E-02
   -5.121400E-01    1.096961E-02   -1.195262E-02
   -5.106599E-01    1.069992E-02   -1.224199E-02
   -5.091797E-01    1.048972E-02   -1.246696E-02
   -5.076995E-01    1.030988E-02   -1.266352E-02
   -5.062193E-01    1.019064E-02   -1.281156E-02
   -5.047392E-01    1.010106E-02   -1.293939E-02
   -5.032590E-01    1.006881E-02   -1.303375E-02
   -5.017788E-01    1.006408E-02   -1.311387E-02
   -5.002986E-01    1.011224E-02   -1.316808E-02
   -4.988185E-01    1.018600E-02   -1.320921E-02
   -4.973383E-01    1.031001E-02   -1.322113E-02
   -4.958581E-01    1.045911E-02   -1.321558E-02
   -4.943780E-01    1.065941E-02   -1.316709E-02
   -4.928978E-01    1.088640E-02   -1.309230E-02
   -4.914176E-01    1.117025E-02   -1.295418E-02
   -4.899374E-01    1.148505E-02   -1.277885E-02
   -4.884573E-01    1.186855E-02   -1.251824E-02
   -4.869771E-01    1.229077E-02   -1.220987E-02
   -4.854969E-01    1.280141E-02   -1.179662E-02
   -4.840167E-01    1.336277E-02   -1.132669E-02
   -4.825366E-01    1.404066E-02   -1.073565E-02
   -4.810564E-01    1.478509E-02   -1.008049E-02
   -4.795762E-01    1.568014E-02   -9.290433E-03
   -4.780960E-01    1.665934E-02   -8.429920E-03
   -4.766159E-01    1.782385E-02   -7.423500E-03
   -4.751357E-01    1.908879E-02   -6.342488E-03
   -4.736555E-01    2.056787E-02   -5.111656E-03
   -4.721754E-01    2.215927E-02   -3.807414E-03
   -4.706952E-01    2.398253E-02   -2.363900E-03
   -4.692150E-01    2.592355E-02   -8.570967E-04
   -4.677348E-01    2.810001E-02    7.582958E-04
   -4.662547E-01    3.039224E-02    2.416536E-03
   -4.647745E-01    3.290822E-02    4.133625E-03
   -4.632943E-01    3.553029E-02    5.865448E-03
   -4.618141E-01    3.834929E-02    7.596586E-03
   -4.603340E-01    4.125741E-02    9.312886E-03
   -4.588538E-01    4.432191E-02    1.097364E-02
   -4.573736E-01    4.745232E-02    1.259616E-02
   -4.558934E-01    5.068768E-02    1.412790E-02
   -4.544133E-01    5.396118E-02    1.561111E-02
   -4.529331E-01    5.728087E-02    1.700002E-02
   -4.514529E-01    6.060809E-02    1.834811E-02
   -4.499727E-01    6.391848E-02    1.963737E-02
   -4.484926E-01    6.720425E-02    2.091362E-02
   -4.470124E-01    7.040808E-02    2.220578E-02
   -4.455322E-01    7.355457E-02    2.353064E-02
   -4.440521E-01    7.655409E-02    2.497563E-02
   -4.425719E-01    7.946444E-02    2.650916E-02
   -4.410917E-01    8.216682E-02    2.827532E-02
   -4.396115E-01    8.475168E-02    3.018293E-02
   -4.381314E-01    8.707810E-02    3.241466E-02
   -4.366512E-01    8.926599E-02    3.482274E-02
   -4.351710E-01    9.116405E-02    3.759661E-02
   -4.336908E-01    9.291434E-02    4.055115E-02
   -4.322107E-01    9.437141E-02    4.384391E-02
   -4.307305E-01    9.568746E-02    4.728478E-02
   -4.292503E-01    9.674202E-02    5.096165E-02
   -4.277701E-01    9.768084E-02    5.471797E-02
   -4.262900E-01    9.842713E-02    5.854106E-02
   -4.248098E-01    9.910053E-02    6.234516E-02
   -4.233296E-01    9.968076E-02    6.599675E-02
   -4.218495E-01    1.002423E-01    6.951158E-02
   -4.203693E-01    1.008223E-01    7.262913E-02
   -4.188891E-01    1.014375E-01    7.548701E-02
   -4.174089E-01    1.021678E-01    7.771012E-02
   -4.159288E-01    1.029728E-01    7.956409E-02
   -4.144486E-01    1.039477E-01    8.059386E-02
   -4.129684E-01    1.050106E-01    8.118011E-02
   -4.114882E-01    1.062405E-01    8.084445E-02
   -4.100081E-01    1.075425E-01    8.004640E-02
   -4.085279E-01    1.089549E-01    7.835520E-02
   -4.070477E-01    1.104019E-01    7.625083E-02
   -4.055675E-01    1.118739E-01    7.342066E-02
   -4.040874E-01    1.133374E-01    7.029298E-02
   -4.026072E-01    1.147487E-01    6.672556E-02
   -4.011270E-01    1.161220E-01    6.302452E-02
   -3.996468E-01    1.174105E-01    5.923719E-02
   -3.981667E-01    1.186609E-01    5.549672E-02
   -3.966865E-01    1.198615E-01    5.201952E-02
   -3.952063E-01    1.210590E-01    4.874901E-02
   -3.937262E-01    1.223096E-01    4.601478E-02
   -3.922460E-01    1.236218E-01    4.359350E-02
   -3.907658E-01    1.251344E-01    4.185048E-02
   -3.892856E-01    1.267866E-01    4.045337E-02
   -3.878055E-01    1.287920E-01    3.972385E-02
   -3.863253E-01    1.310067E-01    3.929884E-02
   -3.848451E-01    1.336911E-01    3.939558E-02
   -3.833649E-01    1.366277E-01    3.969900E-02
   -3.818848E-01    1.400847E-01    4.029486E-02
   -3.804046E-01    1.438008E-01    4.097485E-02
   -3.789244E-01    1.480157E-01    4.170464E-02
   -3.774442E-01    1.524635E-01    4.240684E-02
   -3.759641E-01    1.573336E-01    4.296869E-02
   -3.744839E-01    1.623904E-01    4.342972E-02
   -3.730037E-01    1.677701E-01    4.365345E-02
   -3.715236E-01    1.732876E-01    4.375339E-02
   -3.700434E-01    1.790383E-01    4.361860E-02
   -3.685632E-01    1.848879E-01    4.338275E-02
   -3.670830E-01    1.909068E-01    4.299296E-02
   -3.656029E-01    1.969984E-01    4.255592E-02
   -3.641227E-01    2.032133E-01    4.209107E-02
   -3.626425E-01    2.094776E-01    4.164733E-02
   -3.611623E-01    2.158096E-01    4.131573E-02
   -3.596822E-01    2.221552E-01    4.107331E-02
   -3.582020E-01    2.284754E-01    4.106816E-02
   -3.567218E-01    2.347511E-01    4.120547E-02
   -3.552416E-01    2.408656E-01    4.166000E-02
   -3.537615E-01    2.468615E-01    4.227971E-02
   -3.522813E-01    2.525472E-01    4.322092E-02
   -3.508011E-01    2.580464E-01    4.430672E-02
   -3.493209E-01    2.631272E-01    4.562694E-02
   -3.478408E-01    2.679875E-01    4.702740E-02
   -3.463606E-01    2.724101E-01    4.850130E-02
   -3.448804E-01    2.766286E-01    4.996570E-02
   -3.434003E-01    2.804924E-01    5.132199E-02
   -3.419201E-01    2.842148E-01    5.258548E-02
   -3.404399E-01    2.877383E-01    5.360400E-02
   -3.389597E-01    2.912064E-01    5.448115E-02
   -3.374796E-01    2.946491E-01    5.505926E-02
   -3.359994E-01    2.981174E-01    5.548849E-02
   -3.345192E-01    3.017002E-01    5.563186E-02
   -3.330390E-01    3.053640E-01    5.563905E-02
   -3.315589E-01    3.092203E-01    5.537980E-02
   -3.300787E-01    3.131799E-01    5.498248E-02
   -3.285985E-01    3.173446E-01    5.427863E-02
   -3.271183E-01    3.216040E-01    5.339536E-02
   -3.256382E-01    3.260240E-01    5.208212E-02
   -3.241580E-01    3.305038E-01    5.051243E-02
   -3.226778E-01    3.350512E-01    4.834524E-02
   -3.211977E-01    3.396010E-01    4.584209E-02
   -3.197175E-01    3.440827E-01    4.261441E-02
   -3.182373E-01    3.484890E-01    3.901419E-02
   -3.167571E-01    3.526537E-01    3.468735E-02
   -3.152770E-01    3.566485E-01    3.002748E-02
   -3.137968E-01    3.601998E-01    2.480273E-02
   -3.123166E-01    3.634758E-01    1.936365E-02
   -3.108364E-01    3.660935E-01    1.365799E-02
   -3.093563E-01    3.683295E-01    7.907170E-03
   -3.078761E-01    3.697038E-01    2.243909E-03
   -3.063959E-01    3.706035E-01   -3.291998E-03
   -3.049157E-01    3.704825E-01   -8.427359E-03
   -3.034356E-01    3.698258E-01   -1.330414E-02
   -3.019554E-01    3.680727E-01   -1.758095E-02
   -3.004752E-01    3.657737E-01   -2.153381E-02
   -2.989950E-01    3.624204E-01   -2.482356E-02
   -2.975149E-01    3.585758E-01   -2.778810E-02
   -2.960347E-01    3.538546E-01   -3.013624E-02
   -2.945545E-01    3.487645E-01   -3.220022E-02
   -2.930744E-01    3.431048E-01   -3.375076E-02
   -2.915942E-01    3.372568E-01   -3.507232E-02
   -2.901140E-01    3.312437E-01   -3.598704E-02
   -2.886338E-01    3.252594E-01   -3.672009E-02
   -2.871537E-01    3.195590E-01   -3.712379E-02
   -2.856735E-01    3.141106E-01   -3.737475E-02
   -2.841933E-01    3.093709E-01   -3.733413E-02
   -2.827131E-01    3.050753E-01   -3.715000E-02
   -2.812330E-01    3.018122E-01   -3.667496E-02
   -2.797528E-01    2.991158E-01   -3.604869E-02
   -2.782726E-01    2.976026E-01   -3.510191E-02
   -2.767924E-01    2.966783E-01   -3.398315E-02
   -2.753123E-01    2.968698E-01   -3.249336E-02
   -2.738321E-01    2.975605E-01   -3.080375E-02
   -2.723519E-01    2.990833E-01   -2.868731E-02
   -2.708718E-01    3.009188E-01   -2.634615E-02
   -2.693916E-01    3.031446E-01   -2.354131E-02
   -2.679114E-01    3.054407E-01   -2.050356E-02
   -2.664312E-01    3.076267E-01   -1.701357E-02
   -2.649511E-01    3.096390E-01   -1.331373E-02
   -2.634709E-01    3.110928E-01   -9.248359E-03
   -2.619907E-01    3.121797E-01   -5.039068E-03
   -2.605105E-01    3.124011E-01   -6.443517E-04
   -2.590304E-01    3.121475E-01    3.779438E-03
   -2.575502E-01    3.109077E-01    8.110157E-03
   -2.560700E-01    3.091799E-01    1.230793E-02
   -2.545898E-01    3.065266E-01    1.604939E-02
   -2.531097E-01    3.034527E-01    1.946164E-02
   -2.516295E-01    2.996458E-01    2.200967E-02
   -2.501493E-01    2.955335E-01    2.402579E-02
   -2.486692E-01    2.909364E-01    2.479607E-02
   -2.471890E-01    2.861568E-01    2.486731E-02
   -2.457088E-01    2.811181E-01    2.342977E-02
   -2.442286E-01    2.759929E-01    2.120845E-02
   -2.427485E-01    2.707575E-01    1.742036E-02
   -2.412683E-01    2.654872E-01    1.288100E-02
   -2.397881E-01    2.601664E-01    6.966457E-03
   -2.383079E-01    2.548224E-01    4.571954E-04
   -2.368278E-01    2.494258E-01   -7.005964E-03
   -2.353476E-01    2.439982E-01   -1.480925E-02
   -2.338674E-01    2.385009E-01   -2.299449E-02
   -2.323872E-01    2.329682E-01   -3.121622E-02
   -2.309071E-01    2.273713E-01   -3.920470E-02
   -2.294269E-01    2.217504E-01   -4.693075E-02
   -2.279467E-01    2.161049E-01   -5.386506E-02
   -2.264665E-01    2.104619E-01   -6.028657E-02
   -2.249864E-01    2.048574E-01   -6.548843E-02
   -2.235062E-01    1.992902E-01   -7.000628E-02
   -2.220260E-01    1.938364E-01   -7.305861E-02
   -2.205459E-01    1.884611E-01   -7.535734E-02
   -2.190657E-01    1.832933E-01   -7.616733E-02
   -2.175855E-01    1.782600E-01   -7.627377E-02
   -2.161053E-01    1.735727E-01   -7.511907E-02
   -2.146252E-01    1.691054E-01   -7.343795E-02
   -2.131450E-01    1.651908E-01   -7.096878E-02
   -2.116648E-01    1.616171E-01   -6.826111E-02
   -2.101846E-01    1.588661E-01   -6.541919E-02
   -2.087045E-01    1.565988E-01   -6.268831E-02
   -2.072243E-01    1.554377E-01   -6.052878E-02
   -2.057441E-01    1.548900E-01   -5.881550E-02
   -2.042639E-01    1.556600E-01   -5.826792E-02
   -2.027838E-01    1.571135E-01   -5.840750E-02
   -2.013036E-01    1.599329E-01   -6.005353E-02
   -1.998234E-01    1.634060E-01   -6.247758E-02
   -1.983433E-01    1.680682E-01   -6.642456E-02
   -1.968631E-01    1.732364E-01   -7.107797E-02
   -1.953829E-01    1.791853E-01   -7.696762E-02
   -1.939027E-01    1.853865E-01   -8.336079E-02
   -1.924226E-01    1.917819E-01   -9.049509E-02
   -1.909424E-01    1.981091E-01   -9.785677E-02
   -1.894622E-01    2.039639E-01   -1.053816E-01
   -1.879820E-01    2.094190E-01   -1.128463E-01
   -1.865019E-01    2.137707E-01   -1.199260E-01
   -1.850217E-01    2.174370E-01   -1.266940E-01
   -1.835415E-01    2.195117E-01   -1.326316E-01
   -1.820613E-01    2.207081E-01   -1.380671E-01
   -1.805812E-01    2.200461E-01   -1.423581E-01
   -1.791010E-01    2.184375E-01   -1.460227E-01
   -1.776208E-01    2.149705E-01   -1.483555E-01
   -1.761406E-01    2.106266E-01   -1.499960E-01
   -1.746605E-01    2.047004E-01   -1.502219E-01
   -1.731803E-01    1.981002E-01   -1.497357E-01
   -1.717001E-01    1.904403E-01   -1.478328E-01
   -1.702200E-01    1.824164E-01   -1.452333E-01
   -1.687398E-01    1.740253E-01   -1.412793E-01
   -1.672596E-01    1.656373E-01   -1.366749E-01
   -1.657794E-01    1.576224E-01   -1.308396E-01
   -1.642993E-01    1.499644E-01   -1.244328E-01
   -1.628191E-01    1.433167E-01   -1.169908E-01
   -1.613389E-01    1.372915E-01   -1.090962E-01
   -1.598587E-01    1.326722E-01   -1.004490E-01
   -1.583786E-01    1.287954E-01   -9.151335E-02
   -1.568984E-01    1.263997E-01   -8.219693E-02
   -1.554182E-01    1.247028E-01   -7.279626E-02
   -1.539380E-01    1.242513E-01   -6.344840E-02
   -1.524579E-01    1.243189E-01   -5.423758E-02
   -1.509777E-01    1.251796E-01   -4.551179E-02
   -1.494975E-01    1.263046E-01   -3.712340E-02
   -1.480174E-01    1.276926E-01   -2.956877E-02
   -1.465372E-01    1.290867E-01   -2.249132E-02
   -1.450570E-01    1.302689E-01   -1.644621E-02
   -1.435768E-01    1.312515E-01   -1.093480E-02
   -1.420967E-01    1.316891E-01   -6.486553E-03
   -1.406165E-01    1.318026E-01   -2.551622E-03
   -1.391363E-01    1.312068E-01    4.160186E-04
   -1.376561E-01    1.302445E-01    2.935891E-03
   -1.361760E-01    1.285590E-01    4.634513E-03
   -1.346958E-01    1.265307E-01    5.956953E-03
   -1.332156E-01    1.238779E-01    6.585553E-03
   -1.317354E-01    1.209528E-01    6.890565E-03
   -1.302553E-01    1.175783E-01    6.585060E-03
   -1.287751E-01    1.140324E-01    5.989903E-03
   -1.272949E-01    1.102584E-01    4.847361E-03
   -1.258147E-01    1.064291E-01    3.450646E-03
   -1.243346E-01    1.026048E-01    1.597082E-03
   -1.228544E-01    9.883604E-02   -4.513648E-04
   -1.213742E-01    9.526751E-02   -2.806716E-03
   -1.198941E-01    9.183136E-02   -5.267698E-03
   -1.184139E-01    8.869272E-02   -7.837404E-03
   -1.169337E-01    8.570076E-02   -1.041077E-02
   -1.154535E-01    8.295866E-02   -1.290020E-02
   -1.139734E-01    8.030067E-02   -1.531154E-02
   -1.124932E-01    7.769587E-02   -1.752068E-02
   -1.110130E-01    7.504760E-02   -1.962126E-02
   -1.095328E-01    7.215801E-02   -2.152239E-02
   -1.080527E-01    6.906958E-02   -2.334809E-02
   -1.065725E-01    6.543754E-02   -2.509743E-02
   -1.050923E-01    6.147155E-02   -2.685515E-02
   -1.036121E-01    5.674384E-02   -2.873247E-02
   -1.021320E-01    5.160652E-02   -3.072116E-02
   -1.006518E-01    4.563114E-02   -3.302709E-02
   -9.917163E-02    3.924617E-02   -3.553068E-02
   -9.769145E-02    3.209463E-02   -3.848494E-02
   -9.621128E-02    2.459975E-02   -4.167865E-02
   -9.473110E-02    1.651721E-02   -4.534943E-02
   -9.325093E-02    8.195360E-03   -4.924205E-02
   -9.177076E-02   -4.955016E-04   -5.351299E-02
   -9.029058E-02   -9.320242E-03   -5.792473E-02
   -8.881041E-02   -1.832772E-02   -6.249156E-02
   -8.733024E-02   -2.739529E-02   -6.705909E-02
   -8.585006E-02   -3.654704E-02   -7.145124E-02
   -8.436989E-02   -4.573697E-02   -7.565850E-02
   -8.288972E-02   -5.502281E-02   -7.929136E-02
   -8.140954E-02   -6.437836E-02   -8.253391E-02
   -7.992937E-02   -7.393539E-02   -8.479816E-02
   -7.844920E-02   -8.362995E-02   -8.648396E-02
   -7.696902E-02   -9.367681E-02   -8.686374E-02
   -7.548885E-02   -1.039362E-01   -8.653542E-02
   -7.400868E-02   -1.146817E-01   -8.472713E-02
   -7.252850E-02   -1.256915E-01   -8.217264E-02
   -7.104833E-02   -1.372487E-01   -7.816657E-02
   -6.956816E-02   -1.490757E-01   -7.348093E-02
   -6.808798E-02   -1.614043E-01   -6.757543E-02
   -6.660781E-02   -1.739500E-01   -6.114913E-02
   -6.512763E-02   -1.868321E-01   -5.388824E-02
   -6.364746E-02   -1.998194E-01   -4.632202E-02
   -6.216729E-02   -2.128650E-01   -3.837355E-02
   -6.068711E-02   -2.258525E-01   -3.034443E-02
   -5.920694E-02   -2.385305E-01   -2.235719E-02
   -5.772677E-02   -2.509505E-01   -1.447964E-02
   -5.624659E-02   -2.626417E-01   -6.968470E-03
   -5.476642E-02   -2.738615E-01    3.018903E-04
   -5.328625E-02   -2.839318E-01    7.005357E-03
   -5.180607E-02   -2.933303E-01    1.339548E-02
   -5.032590E-02   -3.012097E-01    1.911851E-02
   -4.884573E-02   -3.082536E-01    2.449425E-02
   -4.736555E-02   -3.135007E-01    2.915503E-02
   -4.588538E-02   -3.178007E-01    3.344973E-02
   -4.440521E-02   -3.201371E-01    3.699665E-02
   -4.292503E-02   -3.214711E-01    4.016317E-02
   -4.144486E-02   -3.207861E-01    4.256163E-02
   -3.996468E-02   -3.190974E-01    4.457770E-02
   -3.848451E-02   -3.154381E-01    4.584790E-02
   -3.700434E-02   -3.108241E-01    4.676478E-02
   -3.552416E-02   -3.043866E-01    4.703754E-02
   -3.404399E-02   -2.970921E-01    4.703159E-02
   -3.256382E-02   -2.882162E-01    4.657744E-02
   -3.108364E-02   -2.786265E-01    4.596301E-02
   -2.960347E-02   -2.677807E-01    4.516799E-02
   -2.812330E-02   -2.564000E-01    4.435510E-02
   -2.664312E-02   -2.441443E-01    4.364815E-02
   -2.516295E-02   -2.315509E-01    4.305951E-02
   -2.368278E-02   -2.184802E-01    4.282019E-02
   -2.220260E-02   -2.052678E-01    4.280016E-02
   -2.072243E-02   -1.919578E-01    4.328067E-02
   -1.924226E-02   -1.786877E-01    4.402792E-02
   -1.776208E-02   -1.656669E-01    4.531255E-02
   -1.628191E-02   -1.528516E-01    4.685412E-02
   -1.480174E-02   -1.406042E-01    4.886165E-02
   -1.332156E-02   -1.287170E-01    5.106787E-02
   -1.184139E-02   -1.176990E-01    5.358637E-02
   -1.036121E-02   -1.071879E-01    5.621234E-02
   -8.881041E-03   -9.782816E-02    5.894774E-02
   -7.400868E-03   -8.910805E-02    6.168292E-02
   -5.920694E-03   -8.178097E-02    6.430716E-02
   -4.440521E-03   -7.519806E-02    6.682225E-02
   -2.960347E-03   -7.017593E-02    6.901884E-02
   -1.480174E-03   -6.595704E-02    7.101184E-02
   -1.665335E-16   -6.336022E-02    7.252516E-02
    1.480174E-03   -6.156586E-02    7.377269E-02
    2.960347E-03   -6.132433E-02    7.446111E-02
    4.440521E-03   -6.181505E-02    7.486952E-02
    5.920694E-03   -6.364506E-02    7.474383E-02
    7.400868E-03   -6.606403E-02    7.437621E-02
    8.881041E-03   -6.946570E-02    7.359421E-02
    1.036121E-02   -7.324648E-02    7.264569E-02
    1.184139E-02   -7.753879E-02    7.144867E-02
    1.332156E-02   -8.195727E-02    7.016685E-02
    1.480174E-02   -8.636820E-02    6.878110E-02
    1.628191E-02   -9.065165E-02    6.736710E-02
    1.776208E-02   -9.445851E-02    6.592412E-02
    1.924226E-02   -9.793508E-02    6.447144E-02
    2.072243E-02   -1.006141E-01    6.299624E-02
    2.220260E-02   -1.028520E-01    6.150565E-02
    2.368278E-02   -1.041766E-01    5.997958E-02
    2.516295E-02   -1.050539E-01    5.843917E-02
    2.664312E-02   -1.050982E-01    5.689451E-02
    2.812330E-02   -1.047732E-01    5.537039E-02
    2.960347E-02   -1.038246E-01    5.395346E-02
    3.108364E-02   -1.026261E-01    5.263181E-02
    3.256382E-02   -1.010498E-01    5.159544E-02
    3.404399E-02   -9.933935E-02    5.075086E-02
    3.552416E-02   -9.745151E-02    5.038368E-02
    3.700434E-02   -9.550846E-02    5.029617E-02
    3.848451E-02   -9.349623E-02    5.083226E-02
    3.996468E-02   -9.145744E-02    5.170160E-02
    4.144486E-02   -8.935943E-02    5.325757E-02
    4.292503E-02   -8.722032E-02    5.515584E-02
    4.440521E-02   -8.496622E-02    5.771643E-02
    4.588538E-02   -8.263752E-02    6.058818E-02
    4.736555E-02   -8.013270E-02    6.402690E-02
    4.884573E-02   -7.753411E-02    6.771443E-02
    5.032590E-02   -7.475850E-02    7.181622E-02
    5.180607E-02   -7.191232E-02    7.607579E-02
    5.328625E-02   -6.898599E-02    8.053456E-02
    5.476642E-02   -6.606045E-02    8.502455E-02
    5.624659E-02   -6.323052E-02    8.941812E-02
    5.772677E-02   -6.049591E-02    9.367295E-02
    5.920694E-02   -5.803504E-02    9.745012E-02
    6.068711E-02   -5.574041E-02    1.008820E-01
    6.216729E-02   -5.380277E-02    1.034081E-01
    6.364746E-02   -5.203597E-02    1.053792E-01
    6.512763E-02   -5.055611E-02    1.060618E-01
    6.660781E-02   -4.917582E-02    1.060323E-01
    6.808798E-02   -4.788614E-02    1.044982E-01
    6.956816E-02   -4.658554E-02    1.022051E-01
    7.104833E-02   -4.516551E-02    9.845176E-02
    7.252850E-02   -4.365368E-02    9.403272E-02
    7.400868E-02   -4.194266E-02    8.847362E-02
    7.548885E-02   -4.015334E-02    8.246478E-02
    7.696902E-02   -3.831053E-02    7.582768E-02
    7.844920E-02   -3.652021E-02    6.901682E-02
    7.992937E-02   -3.503631E-02    6.212706E-02
    8.140954E-02   -3.381927E-02    5.531618E-02
    8.288972E-02   -3.336921E-02    4.885166E-02
    8.436989E-02   -3.341276E-02    4.262525E-02
    8.585006E-02   -3.463509E-02    3.694155E-02
    8.733024E-02   -3.652316E-02    3.153163E-02
    8.881041E-02   -3.985312E-02    2.662003E-02
    9.029058E-02   -4.393938E-02    2.191210E-02
    9.177076E-02   -4.957672E-02    1.749473E-02
    9.325093E-02   -5.599761E-02    1.316010E-02
    9.473110E-02   -6.398846E-02    8.875422E-03
    9.621128E-02   -7.276229E-02    4.570789E-03
    9.769145E-02   -8.309255E-02    1.752272E-04
    9.917163E-02   -9.419137E-02   -4.267494E-03
    1.006518E-01   -1.067888E-01   -8.756706E-03
    1.021320E-01   -1.201001E-01   -1.322069E-02
    1.036121E-01   -1.347224E-01   -1.749591E-02
    1.050923E-01   -1.499124E-01   -2.159326E-02
    1.065725E-01   -1.659973E-01   -2.515576E-02
    1.080527E-01   -1.823760E-01   -2.836450E-02
    1.095328E-01   -1.989766E-01   -3.071792E-02
    1.110130E-01   -2.154838E-01   -3.259044E-02
    1.124932E-01   -2.313756E-01   -3.344818E-02
    1.139734E-01   -2.467493E-01   -3.380206E-02
    1.154535E-01   -2.607032E-01   -3.321563E-02
    1.169337E-01   -2.737885E-01   -3.221994E-02
    1.184139E-01   -2.849082E-01   -3.057084E-02
    1.198941E-01   -2.949831E-01   -2.869197E-02
    1.213742E-01   -3.029550E-01   -2.656049E-02
    1.228544E-01   -3.099207E-01   -2.440518E-02
    1.243346E-01   -3.150531E-01   -2.239295E-02
    1.258147E-01   -3.193900E-01   -2.053627E-02
    1.272949E-01   -3.224120E-01   -1.913148E-02
    1.287751E-01   -3.249152E-01   -1.800906E-02
    1.302553E-01   -3.266316E-01   -1.753811E-02
    1.317354E-01   -3.280547E-01   -1.742462E-02
    1.332156E-01   -3.290285E-01   -1.806904E-02
    1.346958E-01   -3.298128E-01   -1.910446E-02
    1.361760E-01   -3.302279E-01   -2.092691E-02
    1.376561E-01   -3.304400E-01   -2.313503E-02
    1.391363E-01   -3.301814E-01   -2.607538E-02
    1.406165E-01   -3.296512E-01   -2.934914E-02
    1.420967E-01   -3.285142E-01   -3.319611E-02
    1.435768E-01   -3.270533E-01   -3.726850E-02
    1.450570E-01   -3.249334E-01   -4.164208E-02
    1.465372E-01   -3.224933E-01   -4.607951E-02
    1.480174E-01   -3.194573E-01   -5.045237E-02
    1.494975E-01   -3.161545E-01   -5.469057E-02
    1.509777E-01   -3.123881E-01   -5.844911E-02
    1.524579E-01   -3.084239E-01   -6.186346E-02
    1.539380E-01   -3.041219E-01   -6.438937E-02
    1.554182E-01   -2.996708E-01   -6.637884E-02
    1.568984E-01   -2.949395E-01   -6.713329E-02
    1.583786E-01   -2.900643E-01   -6.720351E-02
    1.598587E-01   -2.848666E-01   -6.580629E-02
    1.613389E-01   -2.794769E-01   -6.364562E-02
    1.628191E-01   -2.736165E-01   -5.994164E-02
    1.642993E-01   -2.674660E-01   -5.548018E-02
    1.657794E-01   -2.606092E-01   -4.957611E-02
    1.672596E-01   -2.533313E-01   -4.300716E-02
    1.687398E-01   -2.450771E-01   -3.525570E-02
    1.702200E-01   -2.362744E-01   -2.699949E-02
    1.717001E-01   -2.262817E-01   -1.792231E-02
    1.731803E-01   -2.156677E-01   -8.531100E-03
    1.746605E-01   -2.038118E-01    1.301667E-03
    1.761406E-01   -1.913647E-01    1.126991E-02
    1.776208E-01   -1.778566E-01    2.136150E-02
    1.791010E-01   -1.639065E-01    3.145452E-02
    1.805812E-01   -1.492936E-01    4.145745E-02
    1.820613E-01   -1.344728E-01    5.138117E-02
    1.835415E-01   -1.194869E-01    6.109638E-02
    1.850217E-01   -1.045347E-01    7.068709E-02
    1.865019E-01   -8.984335E-02    7.998782E-02
    1.879820E-01   -7.535269E-02    8.911787E-02
    1.894622E-01   -6.134489E-02    9.783638E-02
    1.909424E-01   -4.759148E-02    1.063020E-01
    1.924226E-01   -3.432955E-02    1.141423E-01
    1.939027E-01   -2.129283E-02    1.215991E-01
    1.953829E-01   -8.664724E-03    1.281339E-01
    1.968631E-01    3.769017E-03    1.341287E-01
    1.983433E-01    1.579359E-02    1.388967E-01
    1.998234E-01    2.757771E-02    1.429901E-01
    2.013036E-01    3.875599E-02    1.456478E-01
    2.027838E-01    4.954587E-02    1.475661E-01
    2.042639E-01    5.935661E-02    1.480088E-01
    2.057441E-01    6.857052E-02    1.477376E-01
    2.072243E-01    7.638445E-02    1.461246E-01
    2.087045E-01    8.340841E-02    1.438984E-01
    2.101846E-01    8.871227E-02    1.405817E-01
    2.116648E-01    9.310959E-02    1.367935E-01
    2.131450E-01    9.564926E-02    1.322158E-01
    2.146252E-01    9.726015E-02    1.273216E-01
    2.161053E-01    9.705136E-02    1.219532E-01
    2.175855E-01    9.596667E-02    1.164290E-01
    2.190657E-01    9.322124E-02    1.107598E-01
    2.205459E-01    8.970023E-02    1.051033E-01
    2.220260E-01    8.475426E-02    9.964277E-02
    2.235062E-01    7.916753E-02    9.436275E-02
    2.249864E-01    7.246209E-02    8.959418E-02
    2.264665E-01    6.528976E-02    8.514464E-02
    2.279467E-01    5.739291E-02    8.142685E-02
    2.294269E-01    4.925099E-02    7.810198E-02
    2.309071E-01    4.087750E-02    7.557418E-02
    2.323872E-01    3.252824E-02    7.342944E-02
    2.338674E-01    2.452436E-02    7.198224E-02
    2.353476E-01    1.684714E-02    7.083435E-02
    2.368278E-01    1.013485E-02    7.016481E-02
    2.383079E-01    4.058372E-03    6.966829E-02
    2.397881E-01   -4.547752E-04    6.938205E-02
    2.412683E-01   -4.053756E-03    6.913498E-02
    2.427485E-01   -5.599336E-03    6.884386E-02
    2.442286E-01   -6.032846E-03    6.847650E-02
    2.457088E-01   -4.140427E-03    6.786559E-02
    2.471890E-01   -1.075337E-03    6.709737E-02
    2.486692E-01    4.261693E-03    6.596539E-02
    2.501493E-01    1.064884E-02    6.463859E-02
    2.516295E-01    1.886734E-02    6.291954E-02
    2.531097E-01    2.782298E-02    6.101424E-02
    2.545898E-01    3.782445E-02    5.877598E-02
    2.560700E-01    4.811105E-02    5.639909E-02
    2.575502E-01    5.847454E-02    5.381234E-02
    2.590304E-01    6.863697E-02    5.115779E-02
    2.605105E-01    7.796407E-02    4.844421E-02
    2.619907E-01    8.669365E-02    4.573867E-02
    2.634709E-01    9.396305E-02    4.311972E-02
    2.649511E-01    1.004233E-01    4.057589E-02
    2.664312E-01    1.052172E-01    3.823721E-02
    2.679114E-01    1.092058E-01    3.602324E-02
    2.693916E-01    1.117282E-01    3.409031E-02
    2.708718E-01    1.136244E-01    3.230624E-02
    2.723519E-01    1.145263E-01    3.081945E-02
    2.738321E-01    1.150702E-01    2.947166E-02
    2.753123E-01    1.151734E-01    2.836306E-02
    2.767924E-01    1.151824E-01    2.734539E-02
    2.782726E-01    1.152172E-01    2.643638E-02
    2.797528E-01    1.153483E-01    2.553947E-02
    2.812330E-01    1.157864E-01    2.457686E-02
    2.827131E-01    1.164089E-01    2.353702E-02
    2.841933E-01    1.174139E-01    2.226155E-02
    2.856735E-01    1.185957E-01    2.083420E-02
    2.871537E-01    1.200680E-01    1.905181E-02
    2.886338E-01    1.216411E-01    1.707570E-02
    2.901140E-01    1.233105E-01    1.469840E-02
    2.915942E-01    1.249715E-01    1.212205E-02
    2.930744E-01    1.265036E-01    9.164431E-03
    2.945545E-01    1.279196E-01    6.029603E-03
    2.960347E-01    1.290153E-01    2.573722E-03
    2.975149E-01    1.299174E-01   -1.024108E-03
    2.989950E-01    1.303894E-01   -4.866356E-03
    3.004752E-01    1.306376E-01   -8.809917E-03
    3.019554E-01    1.304442E-01   -1.291069E-02
    3.034356E-01    1.300427E-01   -1.706446E-02
    3.049157E-01    1.292623E-01   -2.126496E-02
    3.063959E-01    1.283132E-01   -2.545431E-02
    3.078761E-01    1.270633E-01   -2.954237E-02
    3.093563E-01    1.256747E-01   -3.353622E-02
    3.108364E-01    1.240128E-01   -3.725026E-02
    3.123166E-01    1.222051E-01   -4.077946E-02
    3.137968E-01    1.200663E-01   -4.385740E-02
    3.152770E-01    1.177331E-01   -4.667650E-02
    3.167571E-01    1.149443E-01   -4.893234E-02
    3.182373E-01    1.118939E-01   -5.089597E-02
    3.197175E-01    1.082627E-01   -5.227917E-02
    3.211977E-01    1.043226E-01   -5.338571E-02
    3.226778E-01    9.975592E-02   -5.398457E-02
    3.241580E-01    9.488860E-02   -5.435862E-02
    3.256382E-01    8.948083E-02   -5.434709E-02
    3.271183E-01    8.385019E-02   -5.417484E-02
    3.285985E-01    7.789713E-02   -5.374129E-02
    3.300787E-01    7.185472E-02   -5.320414E-02
    3.315589E-01    6.578780E-02   -5.250796E-02
    3.330390E-01    5.978554E-02   -5.175426E-02
    3.345192E-01    5.405555E-02   -5.092806E-02
    3.359994E-01    4.852309E-02   -5.008741E-02
    3.374796E-01    4.348103E-02   -4.926436E-02
    3.389597E-01    3.871572E-02   -4.847494E-02
    3.404399E-01    3.453266E-02   -4.780431E-02
    3.419201E-01    3.063821E-02   -4.721841E-02
    3.434003E-01    2.728492E-02   -4.684832E-02
    3.448804E-01    2.417111E-02   -4.660531E-02
    3.463606E-01    2.145403E-02   -4.664404E-02
    3.478408E-01    1.888765E-02   -4.683126E-02
    3.493209E-01    1.652157E-02   -4.731854E-02
    3.508011E-01    1.420569E-02   -4.795217E-02
    3.522813E-01    1.189788E-02   -4.886363E-02
    3.537615E-01    9.554443E-03   -4.990443E-02
    3.552416E-01    7.077508E-03   -5.118339E-02
    3.567218E-01    4.512575E-03   -5.257139E-02
    3.582020E-01    1.750008E-03   -5.415824E-02
    3.596822E-01   -1.111946E-03   -5.583467E-02
    3.611623E-01   -4.155046E-03   -5.766781E-02
    3.626425E-01   -7.271946E-03   -5.956522E-02
    3.641227E-01   -1.049066E-02   -6.155483E-02
    3.656029E-01   -1.373335E-02   -6.356741E-02
    3.670830E-01   -1.696645E-02   -6.556974E-02
    3.685632E-01   -2.016623E-02   -6.753464E-02
    3.700434E-01   -2.324674E-02   -6.935471E-02
    3.715236E-01   -2.624518E-02   -7.106666E-02
    3.730037E-01   -2.904497E-02   -7.249394E-02
    3.744839E-01   -3.173430E-02   -7.374814E-02
    3.759641E-01   -3.419366E-02   -7.460475E-02
    3.774442E-01   -3.654014E-02   -7.524283E-02
    3.789244E-01   -3.867737E-02   -7.541667E-02
    3.804046E-01   -4.072346E-02   -7.535038E-02
    3.818848E-01   -4.262212E-02   -7.479652E-02
    3.833649E-01   -4.446685E-02   -7.399788E-02
    3.848451E-01   -4.624466E-02   -7.270894E-02
    3.863253E-01   -4.800864E-02   -7.117320E-02
    3.878055E-01   -4.978021E-02   -6.913460E-02
    3.892856E-01   -5.157049E-02   -6.683595E-02
    3.907658E-01   -5.342250E-02   -6.399137E-02
    3.922460E-01   -5.531534E-02   -6.085725E-02
    3.937262E-01   -5.730741E-02   -5.710626E-02
    3.952063E-01   -5.935800E-02   -5.302744E-02
    3.966865E-01   -6.154634E-02   -4.825696E-02
    3.981667E-01   -6.381632E-02   -4.312545E-02
    3.996468E-01   -6.628119E-02   -3.724840E-02
    4.011270E-01   -6.886234E-02   -3.098973E-02
    4.026072E-01   -7.171889E-02   -2.395255E-02
    4.040874E-01   -7.473624E-02   -1.651705E-02
    4.055675E-01   -7.812239E-02   -8.257477E-03
    4.070477E-01   -8.171559E-02    4.355098E-04
    4.085279E-01   -8.576275E-02    1.005795E-02
    4.100081E-01   -9.005190E-02    2.018707E-02
    4.114882E-01   -9.483920E-02    3.143191E-02
    4.129684E-01   -9.987106E-02    4.329113E-02
    4.144486E-01   -1.053507E-01    5.648974E-02
    4.159288E-01   -1.110127E-01    7.040339E-02
    4.174089E-01   -1.169049E-01    8.579677E-02
    4.188891E-01   -1.228163E-01    1.019234E-01
    4.203693E-01   -1.285156E-01    1.194195E-01
    4.218495E-01   -1.339567E-01    1.375026E-01
    4.233296E-01   -1.385367E-01    1.564577E-01
    4.248098E-01   -1.425038E-01    1.756462E-01
    4.262900E-01   -1.448867E-01    1.948086E-01
    4.277701E-01   -1.463163E-01    2.136808E-01
    4.292503E-01   -1.455808E-01    2.313926E-01
    4.307305E-01   -1.436773E-01    2.482418E-01
    4.322107E-01   -1.393693E-01    2.628579E-01
    4.336908E-01   -1.338778E-01    2.761499E-01
    4.351710E-01   -1.261557E-01    2.864957E-01
    4.366512E-01   -1.174268E-01    2.952846E-01
    4.381314E-01   -1.069552E-01    3.009188E-01
    4.396115E-01   -9.575914E-02    3.050103E-01
    4.410917E-01   -8.339893E-02    3.061692E-01
    4.425719E-01   -7.058008E-02    3.059635E-01
    4.440521E-01   -5.703089E-02    3.032501E-01
    4.455322E-01   -4.317375E-02    2.993889E-01
    4.470124E-01   -2.874127E-02    2.934130E-01
    4.484926E-01   -1.400969E-02    2.864502E-01
    4.499727E-01    1.385134E-03    2.776108E-01
    4.514529E-01    1.715026E-02    2.678627E-01
    4.529331E-01    3.371075E-02    2.563257E-01
    4.544133E-01    5.066743E-02    2.438978E-01
    4.558934E-01    6.832550E-02    2.296794E-01
    4.573736E-01    8.623459E-02    2.145555E-01
    4.588538E-01    1.043317E-01    1.975909E-01
    4.603340E-01    1.223132E-01    1.796864E-01
    4.618141E-01    1.395645E-01    1.598585E-01
    4.632943E-01    1.561803E-01    1.390480E-01
    4.647745E-01    1.709882E-01    1.162466E-01
    4.662547E-01    1.846492E-01    9.245320E-02
    4.677348E-01    1.956228E-01    6.673616E-02
    4.692150E-01    2.051179E-01    4.012374E-02
    4.706952E-01    2.115271E-01    1.194026E-02
    4.721754E-01    2.164007E-01   -1.687263E-02
    4.736555E-01    2.183518E-01   -4.654455E-02
    4.751357E-01    2.189734E-01   -7.641012E-02
    4.766159E-01    2.172908E-01   -1.061437E-01
    4.780960E-01    2.146671E-01   -1.355423E-01
    4.795762E-01    2.106266E-01   -1.637438E-01
    4.810564E-01    2.061214E-01   -1.911003E-01
    4.825366E-01    2.011743E-01   -2.163237E-01
    4.840167E-01    1.962382E-01   -2.402866E-01
    4.854969E-01    1.917357E-01   -2.613926E-01
    4.869771E-01    1.876139E-01   -2.809228E-01
    4.884573E-01    1.844622E-01   -2.970374E-01
    4.899374E-01    1.818244E-01   -3.113230E-01
    4.914176E-01    1.800961E-01   -3.217291E-01
    4.928978E-01    1.786710E-01   -3.300991E-01
    4.943780E-01    1.773741E-01   -3.342511E-01
    4.958581E-01    1.758313E-01   -3.362562E-01
    4.973383E-01    1.730876E-01   -3.339882E-01
    4.988185E-01    1.693793E-01   -3.296530E-01
    5.002986E-01    1.630706E-01   -3.214537E-01
    5.017788E-01    1.551920E-01   -3.115227E-01
    5.032590E-01    1.438276E-01   -2.986452E-01
    5.047392E-01    1.306651E-01   -2.845958E-01
    5.062193E-01    1.140484E-01   -2.688497E-01
    5.076995E-01    9.589722E-02   -2.525780E-01
    5.091797E-01    7.527260E-02   -2.358526E-01
    5.106599E-01    5.378798E-02   -2.191557E-01
    5.121400E-01    3.143083E-02   -2.029132E-01
    5.136202E-01    9.073867E-03   -1.870349E-01
    5.151004E-01   -1.244995E-02   -1.720416E-01
    5.165806E-01   -3.318919E-02   -1.575214E-01
    5.180607E-01   -5.176266E-02   -1.439428E-01
    5.195409E-01   -6.903763E-02   -1.308184E-01
    5.210211E-01   -8.345816E-02   -1.185711E-01
    5.225013E-01   -9.640573E-02   -1.067605E-01
    5.239814E-01   -1.064609E-01   -9.585729E-02
    5.254616E-01   -1.151543E-01   -8.544245E-02
    5.269418E-01   -1.213747E-01   -7.609424E-02
    5.284219E-01   -1.265092E-01   -6.732271E-02
    5.299021E-01   -1.297962E-01   -5.976181E-02
    5.313823E-01   -1.323241E-01   -5.280826E-02
    5.328625E-01   -1.336573E-01   -4.700393E-02
    5.343426E-01   -1.345497E-01   -4.170326E-02
    5.358228E-01   -1.348619E-01   -3.719466E-02
    5.373030E-01   -1.350290E-01   -3.294339E-02
    5.387832E-01   -1.351806E-01   -2.888318E-02
    5.402633E-01   -1.354507E-01   -2.474260E-02
    5.417435E-01   -1.361768E-01   -2.007859E-02
    5.432237E-01   -1.372163E-01   -1.497396E-02
    5.447039E-01   -1.389922E-01   -8.649822E-03
    5.461840E-01   -1.411547E-01   -1.563813E-03
    5.476642E-01   -1.440503E-01    7.300236E-03
    5.491444E-01   -1.472559E-01    1.714666E-02
    5.506245E-01   -1.509082E-01    2.905803E-02
    5.521047E-01   -1.546772E-01    4.199952E-02
    5.535849E-01   -1.584528E-01    5.687653E-02
    5.550651E-01   -1.621251E-01    7.259427E-02
    5.565452E-01   -1.654157E-01    8.960888E-02
    5.580254E-01   -1.684562E-01    1.070181E-01
    5.595056E-01   -1.709434E-01    1.246020E-01
    5.609858E-01   -1.731582E-01    1.419233E-01
    5.624659E-01   -1.748844E-01    1.579606E-01
    5.639461E-01   -1.764070E-01    1.729605E-01
    5.654263E-01   -1.776006E-01    1.850877E-01
    5.669065E-01   -1.786537E-01    1.953880E-01
    5.683866E-01   -1.794214E-01    2.012912E-01
    5.698668E-01   -1.800122E-01    2.046534E-01
    5.713470E-01   -1.801175E-01    2.023268E-01
    5.728271E-01   -1.798897E-01    1.969043E-01
    5.743073E-01   -1.787923E-01    1.849181E-01
    5.757875E-01   -1.771635E-01    1.695466E-01
    5.772677E-01   -1.743252E-01    1.473987E-01
    5.787478E-01   -1.708480E-01    1.219785E-01
    5.802280E-01   -1.661279E-01    9.051314E-02
    5.817082E-01   -1.608617E-01    5.641859E-02
    5.831884E-01   -1.547690E-01    1.814046E-02
    5.846685E-01   -1.484470E-01   -2.155925E-02
    5.861487E-01   -1.421142E-01   -6.254474E-02
    5.876289E-01   -1.360241E-01   -1.033231E-01
    5.891091E-01   -1.309296E-01   -1.419406E-01
    5.905892E-01   -1.265768E-01   -1.786353E-01
    5.920694E-01   -1.241375E-01   -2.099735E-01
    5.935496E-01   -1.228247E-01   -2.380163E-01
    5.950298E-01   -1.239851E-01   -2.585921E-01
    5.965099E-01   -1.264211E-01   -2.752022E-01
    5.979901E-01   -1.313294E-01   -2.838480E-01
    5.994703E-01   -1.373540E-01   -2.887023E-01
    6.009504E-01   -1.452190E-01   -2.867208E-01
    6.024306E-01   -1.537432E-01   -2.818408E-01
    6.039108E-01   -1.629690E-01   -2.724001E-01
    6.053910E-01   -1.722137E-01   -2.613461E-01
    6.068711E-01   -1.808374E-01   -2.483967E-01
    6.083513E-01   -1.888509E-01   -2.351196E-01
    6.098315E-01   -1.951500E-01   -2.222653E-01
    6.113117E-01   -2.004151E-01   -2.100570E-01
    6.127918E-01   -2.034181E-01   -1.997806E-01
    6.142720E-01   -2.052721E-01   -1.906777E-01
    6.157522E-01   -2.049344E-01   -1.841377E-01
    6.172324E-01   -2.036092E-01   -1.789070E-01
    6.187125E-01   -2.005982E-01   -1.762328E-01
    6.201927E-01   -1.969041E-01   -1.747653E-01
    6.216729E-01   -1.921562E-01   -1.755103E-01
    6.231530E-01   -1.870186E-01   -1.772368E-01
    6.246332E-01   -1.813194E-01   -1.806209E-01
    6.261134E-01   -1.754159E-01   -1.846469E-01
    6.275936E-01   -1.691964E-01   -1.895038E-01
    6.290737E-01   -1.628414E-01   -1.945099E-01
    6.305539E-01   -1.562342E-01   -1.992219E-01
    6.320341E-01   -1.495087E-01   -2.034789E-01
    6.335143E-01   -1.425839E-01   -2.062393E-01
    6.349944E-01   -1.355990E-01   -2.080014E-01
    6.364746E-01   -1.286292E-01   -2.074037E-01
    6.379548E-01   -1.217655E-01   -2.055294E-01
    6.394350E-01   -1.153674E-01   -2.010851E-01
    6.409151E-01   -1.093496E-01   -1.954258E-01
    6.423953E-01   -1.044037E-01   -1.875897E-01
    6.438755E-01   -1.001425E-01   -1.788200E-01
    6.453557E-01   -9.750157E-02   -1.684881E-01
    6.468358E-01   -9.575740E-02   -1.574995E-01
    6.483160E-01   -9.587899E-02   -1.453562E-01
    6.497962E-01   -9.691179E-02   -1.326638E-01
    6.512763E-01   -9.960544E-02   -1.188404E-01
    6.527565E-01   -1.029938E-01   -1.044067E-01
    6.542367E-01   -1.074080E-01   -8.865242E-02
    6.557169E-01   -1.121195E-01   -7.220886E-02
    6.571970E-01   -1.169538E-01   -5.441799E-02
    6.586772E-01   -1.216083E-01   -3.603089E-02
    6.601574E-01   -1.254366E-01   -1.674370E-02
    6.616376E-01   -1.286399E-01    2.783433E-03
    6.631177E-01   -1.302348E-01    2.227533E-02
    6.645979E-01   -1.308886E-01    4.146984E-02
    6.660781E-01   -1.294858E-01    5.952518E-02
    6.675583E-01   -1.270204E-01    7.677514E-02
    6.690384E-01   -1.224654E-01    9.206106E-02
    6.705186E-01   -1.169298E-01    1.062602E-01
    6.719988E-01   -1.096332E-01    1.182226E-01
    6.734789E-01   -1.015793E-01    1.290989E-01
    6.749591E-01   -9.227472E-02    1.379616E-01
    6.764393E-01   -8.247415E-02    1.459235E-01
    6.779195E-01   -7.192106E-02    1.523123E-01
    6.793996E-01   -6.110060E-02    1.580215E-01
    6.808798E-01   -4.995075E-02    1.625520E-01
    6.823600E-01   -3.874081E-02    1.665627E-01
    6.838402E-01   -2.764107E-02    1.696296E-01
    6.853203E-01   -1.672785E-02    1.722519E-01
    6.868005E-01   -6.482307E-03    1.739989E-01
    6.882807E-01    3.273493E-03    1.752952E-01
    6.897609E-01    1.174826E-02    1.756229E-01
    6.912410E-01    1.945425E-02    1.754131E-01
    6.927212E-01    2.544574E-02    1.739905E-01
    6.942014E-01    3.054449E-02    1.718843E-01
    6.956816E-01    3.390493E-02    1.682645E-01
    6.971617E-01    3.647637E-02    1.638332E-01
    6.986419E-01    3.772216E-02    1.577379E-01
    7.001221E-01    3.846098E-02    1.508375E-01
    7.016022E-01    3.851915E-02    1.424902E-01
    7.030824E-01    3.839640E-02    1.335563E-01
    7.045626E-01    3.818757E-02    1.238161E-01
    7.060428E-01    3.804320E-02    1.138864E-01
    7.075229E-01    3.817547E-02    1.040245E-01
    7.090031E-01    3.848787E-02    9.440645E-02
    7.104833E-01    3.918946E-02    8.563018E-02
    7.119635E-01    4.007863E-02    7.740545E-02
    7.134436E-01    4.129697E-02    7.044249E-02
    7.149238E-01    4.264492E-02    6.414259E-02
    7.164040E-01    4.416247E-02    5.916192E-02
    7.178842E-01    4.571084E-02    5.481799E-02
    7.193643E-01    4.719441E-02    5.169709E-02
    7.208445E-01    4.857326E-02    4.917458E-02
    7.223247E-01    4.958222E-02    4.786546E-02
    7.238048E-01    5.032096E-02    4.719546E-02
    7.252850E-01    5.034768E-02    4.790912E-02
    7.267652E-01    4.993811E-02    4.937827E-02
    7.282454E-01    4.851962E-02    5.248162E-02
    7.297255E-01    4.654709E-02    5.644681E-02
    7.312057E-01    4.341491E-02    6.216217E-02
    7.326859E-01    3.970414E-02    6.872184E-02
    7.341661E-01    3.489419E-02    7.680243E-02
    7.356462E-01    2.958962E-02    8.550256E-02
    7.371264E-01    2.344953E-02    9.504972E-02
    7.386066E-01    1.698486E-02    1.047777E-01
    7.400868E-01    1.007738E-02    1.143180E-01
    7.415669E-01    3.055487E-03    1.234771E-01
    7.430471E-01   -3.984277E-03    1.313182E-01
    7.445273E-01   -1.093317E-02    1.382541E-01
    7.460075E-01   -1.751795E-02    1.429875E-01
    7.474876E-01   -2.384014E-02    1.464875E-01
    7.489678E-01   -2.950067E-02    1.473971E-01
    7.504480E-01   -3.477623E-02    1.470194E-01
    7.519281E-01   -3.920587E-02    1.442094E-01
    7.534083E-01   -4.319315E-02    1.403062E-01
    7.548885E-01   -4.629843E-02    1.345409E-01
    7.563687E-01   -4.898594E-02    1.280321E-01
    7.578488E-01   -5.092678E-02    1.204383E-01
    7.593290E-01   -5.255679E-02    1.125063E-01
    7.608092E-01   -5.371485E-02    1.042962E-01
    7.622894E-01   -5.471645E-02    9.613472E-02
    7.637695E-01   -5.555620E-02    8.841026E-02
    7.652497E-01   -5.637838E-02    8.105142E-02
    7.667299E-01   -5.725510E-02    7.466166E-02
    7.682101E-01   -5.818186E-02    6.884240E-02
    7.696902E-01   -5.920926E-02    6.426238E-02
    7.711704E-01   -6.026715E-02    6.031217E-02
    7.726506E-01   -6.131478E-02    5.756487E-02
    7.741307E-01   -6.231101E-02    5.535541E-02
    7.756109E-01   -6.310069E-02    5.403663E-02
    7.770911E-01   -6.373393E-02    5.305063E-02
    7.785713E-01   -6.395233E-02    5.248582E-02
    7.800514E-01   -6.391730E-02    5.201066E-02
    7.815316E-01   -6.329835E-02    5.149519E-02
    7.830118E-01   -6.235880E-02    5.086888E-02
    7.844920E-01   -6.074537E-02    4.988800E-02
    7.859721E-01   -5.879298E-02    4.868982E-02
    7.874523E-01   -5.618977E-02    4.702826E-02
    7.889325E-01   -5.329026E-02    4.514303E-02
    7.904127E-01   -4.988456E-02    4.286167E-02
    7.918928E-01   -4.628012E-02    4.041962E-02
    7.933730E-01   -4.240116E-02    3.774308E-02
    7.948532E-01   -3.844909E-02    3.499369E-02
    7.963334E-01   -3.447574E-02    3.218157E-02
    7.978135E-01   -3.054889E-02    2.937424E-02
    7.992937E-01   -2.681348E-02    2.663616E-02
    8.007739E-01   -2.321359E-02    2.395649E-02
    8.022540E-01   -1.994451E-02    2.143092E-02
    8.037342E-01   -1.686119E-02    1.899712E-02
    8.052144E-01   -1.417261E-02    1.677051E-02
    8.066946E-01   -1.168544E-02    1.465693E-02
    8.081747E-01   -9.596510E-03    1.278368E-02
    8.096549E-01   -7.699265E-03    1.103506E-02
    8.111351E-01   -6.162561E-03    9.538487E-03
    8.126153E-01   -4.791766E-03    8.165960E-03
    8.140954E-01   -3.720074E-03    7.030876E-03
    8.155756E-01   -2.780432E-03    6.006245E-03
    8.170558E-01   -2.069125E-03    5.181511E-03
    8.185360E-01   -1.454410E-03    4.444856E-03
    8.200161E-01   -9.995275E-04    3.859683E-03
    8.214963E-01   -6.092833E-04    3.338233E-03
    8.229765E-01   -3.213158E-04    2.922063E-03
    8.244566E-01   -7.301673E-05    2.548794E-03
    8.259368E-01    1.146104E-04    2.244973E-03
    8.274170E-01    2.791340E-04    1.969302E-03
    8.288972E-01    4.080592E-04    1.739799E-03
    8.303773E-01    5.228441E-04    1.529614E-03
    8.318575E-01    6.140855E-04    1.352603E-03
    8.333377E-01    6.950179E-04    1.190193E-03
    8.348179E-01    7.571800E-04    1.053969E-03
    8.362980E-01    8.106539E-04    9.295889E-04
    8.377782E-01    8.481480E-04    8.266121E-04
    8.392584E-01    8.784838E-04    7.332143E-04
    8.407386E-01    8.965147E-04    6.566997E-04
    8.422187E-01    9.095393E-04    5.874788E-04
    8.436989E-01    9.149556E-04    5.305844E-04
    8.451791E-01    9.177204E-04    4.787803E-04
    8.466592E-01    9.171840E-04    4.352119E-04
    8.481394E-01    9.157683E-04    3.949274E-04
    8.496196E-01    9.135944E-04    3.598711E-04
    8.510998E-01    9.112713E-04    3.269316E-04
    8.525799E-01    9.086471E-04    2.975560E-04
    8.540601E-01    9.057088E-04    2.697643E-04
    8.555403E-01    9.016580E-04    2.449456E-04
    8.570205E-01    8.968138E-04    2.215791E-04
    8.585006E-01    8.900527E-04    2.011025E-04
    8.599808E-01    8.822825E-04    1.820619E-04
    8.614610E-01    8.726454E-04    1.658286E-04
    8.629412E-01    8.622610E-04    1.509294E-04
    8.644213E-01    8.509029E-04    1.384743E-04
    8.659015E-01    8.393451E-04    1.270899E-04
    8.673817E-01    8.279204E-04    1.174884E-04
    8.688619E-01    8.167673E-04    1.085884E-04
    8.703420E-01    8.063929E-04    1.007291E-04
    8.718222E-01    7.964304E-04    9.323617E-05
    8.733024E-01    7.871648E-04    8.624762E-05
    8.747825E-01    7.781229E-04    7.944349E-05
    8.762627E-01    7.692225E-04    7.296371E-05
    8.777429E-01    7.602475E-04    6.666275E-05
    8.792231E-01    7.509086E-04    6.080818E-05
    8.807032E-01    7.413374E-04    5.523493E-05
    8.821834E-01    7.313262E-04    5.033749E-05
    8.836636E-01    7.211624E-04    4.581873E-05
    8.851438E-01    7.109036E-04    4.208522E-05
    8.866239E-01    7.007168E-04    3.872588E-05
    8.881041E-01    6.908952E-04    3.601544E-05
    8.895843E-01    6.813380E-04    3.355597E-05
    8.910645E-01    6.723899E-04    3.142795E-05
    8.925446E-01    6.637406E-04    2.938243E-05
    8.940248E-01    6.555953E-04    2.736492E-05
    8.955050E-01    6.476269E-04    2.531711E-05
    8.969851E-01    6.398401E-04    2.317813E-05
    8.984653E-01    6.320653E-04    2.100718E-05
    8.999455E-01    6.242032E-04    1.884713E-05
    9.014257E-01    6.162736E-04    1.674474E-05
    9.029058E-01    6.082294E-04    1.486837E-05
    9.043860E-01    6.001664E-04    1.315140E-05
    9.058662E-01    5.921792E-04    1.180790E-05
    9.073464E-01    5.842920E-04    1.065347E-05
    9.088265E-01    5.767135E-04    9.830706E-06
    9.103067E-01    5.693263E-04    9.129785E-06
    9.117869E-01    5.623469E-04    8.560730E-06
    9.132671E-01    5.555590E-04    8.000565E-06
    9.147472E-01    5.490856E-04    7.362775E-06
    9.162274E-01    5.427220E-04    6.656034E-06
    9.177076E-01    5.364771E-04    5.795518E-06
    9.191878E-01    5.302487E-04    4.872729E-06
    9.206679E-01    5.239989E-04    3.891842E-06
    9.221481E-01    5.177308E-04    2.926197E-06
    9.236283E-01    5.114500E-04    2.082355E-06
    9.251084E-01    5.051896E-04    1.336572E-06
    9.265886E-01    4.990395E-04    8.284461E-07
    9.280688E-01    4.929797E-04    4.393504E-07
    9.295490E-01    4.871567E-04    2.483370E-07
    9.310291E-01    4.814679E-04    1.208315E-07
    9.325093E-01    4.760488E-04    3.355847E-08
    9.339895E-01    4.707505E-04   -7.590765E-08
    9.354697E-01    4.656425E-04   -2.955373E-07
    9.369498E-01    4.605987E-04   -5.875584E-07
    9.384300E-01    4.556231E-04   -1.022046E-06
    9.399102E-01    4.506590E-04   -1.509016E-06
    9.413904E-01    4.456951E-04   -2.037193E-06
    9.428705E-01    4.407324E-04   -2.548130E-06
    9.443507E-01    4.357965E-04   -2.953703E-06
    9.458309E-01    4.308936E-04   -3.281266E-06
    9.473110E-01    4.261010E-04   -3.433024E-06
    9.487912E-01    4.213836E-04   -3.504199E-06
    9.502714E-01    4.168443E-04   -3.459156E-06
    9.517516E-01    4.123988E-04   -3.388388E-06
    9.532317E-01    4.081312E-04   -3.336477E-06
    9.547119E-01    4.039391E-04   -3.324484E-06
    9.561921E-01    3.998597E-04   -3.431559E-06
    9.576723E-01    3.958163E-04   -3.603134E-06
    9.591524E-01    3.918110E-04   -3.883063E-06
    9.606326E-01    3.878139E-04   -4.194170E-06
    9.621128E-01    3.838283E-04   -4.506931E-06
    9.635930E-01    3.798535E-04   -4.789696E-06
    9.650731E-01    3.759225E-04   -4.963675E-06
    9.665533E-01    3.720275E-04   -5.070603E-06
    9.680335E-01    3.682320E-04   -5.046657E-06
    9.695137E-01    3.644971E-04   -4.972409E-06
    9.709938E-01    3.608944E-04   -4.847411E-06
    9.724740E-01    3.573568E-04   -4.726003E-06
    9.739542E-01    3.539351E-04   -4.664955E-06
    9.754343E-01    3.505595E-04   -4.652599E-06
    9.769145E-01    3.472489E-04   -4.750868E-06
    9.783947E-01    3.439584E-04   -4.898017E-06
    9.798749E-01    3.406905E-04   -5.107394E-06
    9.813550E-01    3.374304E-04   -5.323002E-06
    9.828352E-01    3.341897E-04   -5.498649E-06
    9.843154E-01    3.309651E-04   -5.632791E-06
    9.857956E-01    3.277905E-04   -5.659904E-06
    9.872757E-01    3.246504E-04   -5.633531E-06
    9.887559E-01    3.215957E-04   -5.523677E-06
    9.902361E-01    3.185886E-04   -5.392552E-06
    9.917163E-01    3.156779E-04   -5.267542E-06
    9.931964E-01    3.128114E-04   -5.168203E-06
    9.946766E-01    3.100185E-04   -5.151929E-06
    9.961568E-01    3.072530E-04   -5.182890E-06
    9.976369E-01    3.045243E-04   -5.297252E-06
    9.991171E-01    3.018073E-04   -5.438033E-06
    1.000597E+00    2.991069E-04   -5.589004E-06
    1.002077E+00    2.964153E-04   -5.722779E-06
    1.003558E+00    2.937486E-04   -5.786133E-06
    1.005038E+00    2.911004E-04   -5.804679E-06
    1.006518E+00    2.885023E-04   -5.735371E-06
    1.007998E+00    2.859356E-04   -5.633033E-06
    1.009478E+00    2.834395E-04   -5.500860E-06
    1.010959E+00    2.809798E-04   -5.374700E-06
    1.012439E+00    2.785885E-04   -5.298216E-06
    1.013919E+00    2.762264E-04   -5.258973E-06
    1.015399E+00    2.739092E-04   -5.300677E-06
    1.016879E+00    2.716079E-04   -5.376332E-06
    1.018359E+00    2.693278E-04   -5.490753E-06
    1.019840E+00    2.670555E-04   -5.605541E-06
    1.021320E+00    2.647985E-04   -5.683384E-06
    1.022800E+00    2.625513E-04   -5.728624E-06
    1.024280E+00    2.603324E-04   -5.696437E-06
    1.025760E+00    2.581325E-04   -5.628746E-06
    1.027240E+00    2.559804E-04   -5.513142E-06
    1.028721E+00    2.538555E-04   -5.390494E-06
    1.030201E+00    2.517875E-04   -5.289981E-06
    1.031681E+00    2.497464E-04   -5.215488E-06
    1.033161E+00    2.477517E-04   -5.209596E-06
    1.034641E+00    2.457752E-04   -5.237748E-06
    1.036121E+00    2.438247E-04   -5.316804E-06
    1.037602E+00    2.418832E-04   -5.406606E-06
    1.039082E+00    2.399546E-04   -5.483650E-06
    1.040562E+00    2.380323E-04   -5.539031E-06
    1.042042E+00    2.361258E-04   -5.531686E-06
    1.043522E+00    2.342305E-04   -5.491162E-06
    1.045003E+00    2.323656E-04   -5.396994E-06
    1.046483E+00    2.305201E-04   -5.288789E-06
    1.047963E+00    2.287187E-04   -5.184354E-06
    1.049443E+00    2.269404E-04   -5.096878E-06
    1.050923E+00    2.252055E-04   -5.064369E-06
    1.052403E+00    2.234892E-04   -5.062802E-06
    1.053884E+00    2.218016E-04   -5.114408E-06
    1.055364E+00    2.201241E-04   -5.181633E-06
    1.056844E+00    2.184600E-04   -5.250625E-06
    1.058324E+00    2.168007E-04   -5.305778E-06
    1.059804E+00    2.151508E-04   -5.311295E-06
    1.061284E+00    2.135071E-04   -5.287492E-06
    1.062765E+00    2.118823E-04   -5.211055E-06
    1.064245E+00    2.102706E-04   -5.117903E-06
    1.065725E+00    2.086922E-04   -5.018589E-06
    1.067205E+00    2.071329E-04   -4.930321E-06
    1.068685E+00    2.056122E-04   -4.886200E-06
    1.070165E+00    2.041092E-04   -4.869326E-06
    1.071646E+00    2.026354E-04   -4.903113E-06
    1.073126E+00    2.011722E-04   -4.953813E-06
    1.074606E+00    1.997230E-04   -5.013016E-06
    1.076086E+00    1.982781E-04   -5.062903E-06
    1.077566E+00    1.968389E-04   -5.072311E-06
    1.079046E+00    1.954031E-04   -5.056013E-06
    1.080527E+00    1.939783E-04   -4.990978E-06
    1.082007E+00    1.925625E-04   -4.909250E-06
    1.083487E+00    1.911719E-04   -4.817920E-06
    1.084967E+00    1.897968E-04   -4.734718E-06
    1.086447E+00    1.884557E-04   -4.688899E-06
    1.087928E+00    1.871310E-04   -4.667240E-06
    1.089408E+00    1.858344E-04   -4.691901E-06
    1.090888E+00    1.845484E-04   -4.732603E-06
    1.092368E+00    1.832760E-04   -4.782827E-06
    1.093848E+00    1.820072E-04   -4.825435E-06
    1.095328E+00    1.807417E-04   -4.832517E-06
    1.096809E+00    1.794776E-04   -4.816622E-06
    1.098289E+00    1.782197E-04   -4.756869E-06
    1.099769E+00    1.769680E-04   -4.682125E-06
    1.101249E+00    1.757360E-04   -4.599119E-06
    1.102729E+00    1.745173E-04   -4.523781E-06
    1.104209E+00    1.733288E-04   -4.482857E-06
    1.105690E+00    1.721552E-04   -4.463870E-06
    1.107170E+00    1.710079E-04   -4.486153E-06
    1.108650E+00    1.698705E-04   -4.522161E-06
    1.110130E+00    1.687452E-04   -4.564475E-06
    1.111610E+00    1.676225E-04   -4.598662E-06
    1.113090E+00    1.665007E-04   -4.598848E-06
    1.114571E+00    1.653789E-04   -4.578001E-06
    1.116051E+00    1.642602E-04   -4.518809E-06
    1.117531E+00    1.631462E-04   -4.447604E-06
    1.119011E+00    1.620491E-04   -4.373161E-06
    1.120491E+00    1.609640E-04   -4.307796E-06
    1.121972E+00    1.599065E-04   -4.276614E-06
    1.123452E+00    1.588629E-04   -4.265654E-06
    1.124932E+00    1.578430E-04   -4.289975E-06
    1.126412E+00    1.568316E-04   -4.324429E-06
    1.127892E+00    1.558294E-04   -4.358618E-06
    1.129372E+00    1.548285E-04   -4.382590E-06
    1.130853E+00    1.538258E-04   -4.372057E-06
    1.132333E+00    1.528220E-04   -4.342264E-06
    1.133813E+00    1.518200E-04   -4.281015E-06
    1.135293E+00    1.508223E-04   -4.212036E-06
    1.136773E+00    1.498411E-04   -4.147820E-06
    1.138253E+00    1.488715E-04   -4.095286E-06
    1.139734E+00    1.479281E-04   -4.077763E-06
    1.141214E+00    1.469972E-04   -4.078445E-06
    1.142694E+00    1.460867E-04   -4.106381E-06
    1.144174E+00    1.451826E-04   -4.139465E-06
    1.145654E+00    1.442836E-04   -4.163107E-06
    1.147134E+00    1.433838E-04   -4.173670E-06
    1.148615E+00    1.424797E-04   -4.149278E-06
    1.150095E+00    1.415742E-04   -4.108222E-06
    1.151575E+00    1.406710E-04   -4.045305E-06
    1.153055E+00    1.397730E-04   -3.980363E-06
    1.154535E+00    1.388931E-04   -3.930186E-06
    1.156016E+00    1.380250E-04   -3.894502E-06
    1.157496E+00    1.371818E-04   -3.893242E-06
    1.158976E+00    1.363495E-04   -3.906747E-06
    1.160456E+00    1.355326E-04   -3.936106E-06
    1.161936E+00    1.347191E-04   -3.964253E-06
    1.163416E+00    1.339053E-04   -3.972657E-06
    1.164897E+00    1.330888E-04   -3.965628E-06
    1.166377E+00    1.322667E-04   -3.926139E-06
    1.167857E+00    1.314436E-04   -3.874586E-06
    1.169337E+00    1.306264E-04   -3.814537E-06
    1.170817E+00    1.298163E-04   -3.759279E-06
    1.172297E+00    1.290271E-04   -3.728568E-06
    1.173778E+00    1.282499E-04   -3.713768E-06
    1.175258E+00    1.274948E-04   -3.728187E-06
    1.176738E+00    1.267479E-04   -3.751415E-06
    1.178218E+00    1.260090E-04   -3.775322E-06
    1.179698E+00    1.252701E-04   -3.791090E-06
    1.181178E+00    1.245253E-04   -3.778910E-06
    1.182659E+00    1.237768E-04   -3.751377E-06
    1.184139E+00    1.230241E-04   -3.700095E-06
    1.185619E+00    1.222731E-04   -3.644139E-06
    1.187099E+00    1.215340E-04   -3.596076E-06
    1.188579E+00    1.208046E-04   -3.559256E-06
    1.190060E+00    1.200981E-04   -3.552243E-06
    1.191540E+00    1.194025E-04   -3.559015E-06
    1.193020E+00    1.187228E-04   -3.582334E-06
    1.194500E+00    1.180469E-04   -3.605818E-06
    1.195980E+00    1.173700E-04   -3.613481E-06
    1.197460E+00    1.166896E-04   -3.607801E-06
    1.198941E+00    1.160005E-04   -3.573351E-06
    1.200421E+00    1.153088E-04   -3.528178E-06
    1.201901E+00    1.146196E-04   -3.475841E-06
    1.203381E+00    1.139362E-04   -3.428185E-06
    1.204861E+00    1.132717E-04   -3.403227E-06
    1.206341E+00    1.126185E-04   -3.392502E-06
    1.207822E+00    1.119858E-04   -3.406579E-06
    1.209302E+00    1.113603E-04   -3.427138E-06
    1.210782E+00    1.107401E-04   -3.444634E-06
    1.212262E+00    1.101184E-04   -3.453172E-06
    1.213742E+00    1.094878E-04   -3.435083E-06
    1.215222E+00    1.088525E-04   -3.403846E-06
    1.216703E+00    1.082124E-04   -3.355529E-06
    1.218183E+00    1.075742E-04   -3.306147E-06
    1.219663E+00    1.069492E-04   -3.270214E-06
    1.221143E+00    1.063340E-04   -3.246462E-06
    1.222623E+00    1.057408E-04   -3.249602E-06
    1.224103E+00    1.051568E-04   -3.262848E-06
    1.225584E+00    1.045836E-04   -3.282748E-06
    1.227064E+00    1.040111E-04   -3.298108E-06
    1.228544E+00    1.034319E-04   -3.291933E-06
    1.230024E+00    1.028473E-04   -3.272557E-06
    1.231504E+00    1.022536E-04   -3.231174E-06
    1.232985E+00    1.016588E-04   -3.184830E-06
    1.234465E+00    1.010715E-04   -3.144081E-06
    1.235945E+00    1.004923E-04   -3.112864E-06
    1.237425E+00    9.993422E-05   -3.107377E-06
    1.238905E+00    9.938641E-05   -3.113515E-06
    1.240385E+00    9.885301E-05   -3.132185E-06
    1.241866E+00    9.832217E-05   -3.149570E-06
    1.243346E+00    9.778697E-05   -3.150319E-06
    1.244826E+00    9.724645E-05   -3.138761E-06
    1.246306E+00    9.669459E-05   -3.103566E-06
    1.247786E+00    9.613969E-05   -3.061329E-06
    1.249266E+00    9.558805E-05   -3.019658E-06
    1.250747E+00    9.504298E-05   -2.985465E-06
    1.252227E+00    9.451780E-05   -2.975083E-06
    1.253707E+00    9.400316E-05   -2.976643E-06
    1.255187E+00    9.350479E-05   -2.993370E-06
    1.256667E+00    9.301003E-05   -3.010549E-06
    1.258147E+00    9.251234E-05   -3.014128E-06
    1.259628E+00    9.200941E-05   -3.006239E-06
    1.261108E+00    9.149392E-05   -2.974728E-06
    1.262588E+00    9.097434E-05   -2.935511E-06
    1.264068E+00    9.045576E-05   -2.894902E-06
    1.265548E+00    8.994292E-05   -2.860851E-06
    1.267029E+00    8.944923E-05   -2.849397E-06
    1.268509E+00    8.896611E-05   -2.849659E-06
    1.269989E+00    8.849966E-05   -2.865227E-06
    1.271469E+00    8.803697E-05   -2.881471E-06
    1.272949E+00    8.757115E-05   -2.884674E-06
    1.274429E+00    8.709976E-05   -2.876725E-06
    1.275910E+00    8.661497E-05   -2.845935E-06
    1.277390E+00    8.612579E-05   -2.807924E-06
    1.278870E+00    8.563748E-05   -2.769534E-06
    1.280350E+00    8.515506E-05   -2.738049E-06
    1.281830E+00    8.469210E-05   -2.729083E-06
    1.283310E+00    8.423961E-05   -2.731254E-06
    1.284791E+00    8.380279E-05   -2.746599E-06
    1.286271E+00    8.336881E-05   -2.761374E-06
    1.287751E+00    8.292956E-05   -2.761220E-06
    1.289231E+00    8.248389E-05   -2.749745E-06
    1.290711E+00    8.202441E-05   -2.717115E-06
    1.292191E+00    8.156110E-05   -2.678958E-06
    1.293672E+00    8.110097E-05   -2.644365E-06
    1.295152E+00    8.064789E-05   -2.618130E-06
    1.296632E+00    8.021546E-05   -2.614868E-06
    1.298112E+00    7.986198E-05   -2.619067E-06
    1.299592E+00    7.979307E-05   -2.621472E-06
